subj,name,gender,age,cond,P_resp,P_startTime,P_respTime,P_gotKey,shape1,shape2,shape3,shape4,color1,color2,color3,color4ori1,ori2,ori3,ori4ord_1,ord_2,ord_3,ord_4,task,correct_key,no_change,mode
18,g,f,18,index,True,160504,164219,/,triangle.png,circle.png,triangle.png,circle.png,[0, 0, 255],[255, 255, 0],135,90,0,2,3,1,nochange_ori,z,2,practice
18,g,f,18,index,True,168854,170539,z,rect.png,triangle.png,rect.png,triangle.png,[0, 255, 0],[255, 255, 0],135,0,3,0,2,1,nochange_col,z,3,practice
18,g,f,18,index,True,175282,176155,/,rect.png,triangle.png,rect.png,triangle.png,[255, 0, 0],[0, 255, 0],45,0,0,1,3,2,change_col,/,1,practice
18,g,f,18,index,True,180743,181660,/,rect.png,circle.png,rect.png,circle.png,[0, 255, 0],[255, 255, 0],90,135,0,2,1,3,change_col,/,1,practice
18,g,f,18,index,True,186319,187036,/,triangle.png,circle.png,triangle.png,circle.png,[0, 0, 255],[255, 255, 0],0,90,1,2,3,0,change_col,/,1,practice
18,g,f,18,index,True,191662,192427,/,rect.png,diamond.png,rect.png,diamond.png,[0, 0, 255],[255, 255, 0],90,45,2,0,1,3,change_col,/,3,practice
18,g,f,18,index,True,197088,198267,z,circle.png,diamond.png,circle.png,diamond.png,[0, 255, 0],[255, 0, 0],135,90,0,3,1,2,nochange_ori,z,2,practice
18,g,f,18,index,True,202916,204411,/,triangle.png,circle.png,triangle.png,circle.png,[0, 255, 0],[0, 0, 255],90,0,3,2,1,0,nochange_col,z,3,practice
18,g,f,18,index,True,209061,210492,z,diamond.png,circle.png,diamond.png,circle.png,[0, 255, 0],[0, 0, 255],0,90,3,1,2,0,nochange_ori,z,0,practice
18,g,f,18,index,True,215222,217771,z,triangle.png,circle.png,triangle.png,circle.png,[0, 255, 0],[255, 255, 0],45,135,2,0,3,1,nochange_ori,z,2,practice
18,g,f,18,index,True,222435,223307,/,circle.png,rect.png,circle.png,rect.png,[255, 255, 0],[255, 0, 0],90,0,3,1,2,0,change_col,/,1,practice
18,g,f,18,index,True,227878,228874,/,diamond.png,triangle.png,diamond.png,triangle.png,[0, 0, 255],[0, 255, 0],45,0,3,2,1,0,change_ori,/,0,practice
18,g,f,18,index,True,233472,234907,/,diamond.png,rect.png,diamond.png,rect.png,[0, 0, 255],[255, 0, 0],0,90,2,0,3,1,change_ori,/,0,practice
18,g,f,18,index,True,239517,240379,/,rect.png,circle.png,rect.png,circle.png,[255, 0, 0],[255, 255, 0],135,45,3,1,0,2,change_ori,/,2,practice
18,g,f,18,index,True,245077,247643,z,diamond.png,circle.png,diamond.png,circle.png,[255, 255, 0],[0, 0, 255],45,135,2,1,3,0,nochange_col,z,1,practice
18,g,f,18,index,True,252273,253130,/,rect.png,circle.png,rect.png,circle.png,[0, 255, 0],[255, 255, 0],90,135,0,3,1,2,nochange_ori,z,0,practice
18,g,f,18,index,True,257883,258715,z,rect.png,triangle.png,rect.png,triangle.png,[0, 0, 255],[255, 0, 0],90,135,2,1,3,0,nochange_col,z,3,practice
18,g,f,18,index,True,263310,264523,z,circle.png,diamond.png,circle.png,diamond.png,[255, 0, 0],[0, 255, 0],0,90,2,3,1,0,nochange_col,z,1,practice
18,g,f,18,index,True,269087,270779,z,triangle.png,rect.png,triangle.png,rect.png,[255, 255, 0],[0, 255, 0],45,0,3,2,0,1,change_ori,/,0,practice
18,g,f,18,index,True,275466,276315,/,rect.png,circle.png,rect.png,circle.png,[255, 255, 0],[0, 255, 0],45,135,0,3,1,2,change_ori,/,0,practice
18,g,f,18,index,True,304552,306187,/,circle.png,diamond.png,circle.png,diamond.png,[255, 255, 0],[0, 0, 255],45,135,2,0,1,3,change_col,/,1,testing
18,g,f,18,index,True,310931,311834,/,circle.png,diamond.png,circle.png,diamond.png,[0, 255, 0],[255, 255, 0],135,45,1,0,2,3,change_col,/,1,testing
18,g,f,18,index,True,316457,317626,/,diamond.png,triangle.png,diamond.png,triangle.png,[255, 255, 0],[0, 0, 255],135,45,2,3,0,1,nochange_col,z,3,testing
18,g,f,18,index,True,322235,323306,/,triangle.png,circle.png,triangle.png,circle.png,[0, 0, 255],[255, 255, 0],135,0,1,0,3,2,change_ori,/,0,testing
18,g,f,18,index,True,328045,328827,/,circle.png,triangle.png,circle.png,triangle.png,[0, 255, 0],[255, 0, 0],45,0,2,1,3,0,change_ori,/,0,testing
18,g,f,18,index,True,333439,335098,z,diamond.png,rect.png,diamond.png,rect.png,[0, 0, 255],[0, 255, 0],45,90,3,1,2,0,nochange_col,z,1,testing
18,g,f,18,index,True,339767,341195,/,circle.png,triangle.png,circle.png,triangle.png,[255, 0, 0],[0, 0, 255],90,0,0,2,3,1,change_ori,/,2,testing
18,g,f,18,index,True,345895,346666,/,diamond.png,circle.png,diamond.png,circle.png,[255, 0, 0],[0, 255, 0],0,90,2,0,1,3,change_col,/,1,testing
18,g,f,18,index,True,351338,352089,/,rect.png,circle.png,rect.png,circle.png,[255, 255, 0],[255, 0, 0],45,135,0,3,1,2,change_ori,/,0,testing
18,g,f,18,index,True,356782,358155,z,circle.png,triangle.png,circle.png,triangle.png,[255, 0, 0],[0, 0, 255],45,90,0,1,3,2,nochange_col,z,3,testing
18,g,f,18,index,True,362910,364411,z,rect.png,circle.png,rect.png,circle.png,[0, 255, 0],[0, 0, 255],0,135,3,1,2,0,nochange_col,z,1,testing
18,g,f,18,index,True,369188,370314,z,triangle.png,circle.png,triangle.png,circle.png,[255, 255, 0],[255, 0, 0],0,135,3,1,0,2,nochange_col,z,1,testing
18,g,f,18,index,True,375048,375994,z,rect.png,circle.png,rect.png,circle.png,[255, 255, 0],[0, 0, 255],90,0,2,0,1,3,nochange_col,z,3,testing
18,g,f,18,index,True,380692,381626,/,rect.png,triangle.png,rect.png,triangle.png,[0, 255, 0],[255, 255, 0],90,135,2,1,3,0,change_col,/,3,testing
18,g,f,18,index,True,386386,387594,/,rect.png,circle.png,rect.png,circle.png,[0, 255, 0],[255, 0, 0],45,0,3,1,0,2,change_col,/,1,testing
18,g,f,18,index,True,392296,393497,z,diamond.png,triangle.png,diamond.png,triangle.png,[0, 255, 0],[255, 0, 0],0,90,1,2,0,3,nochange_ori,z,0,testing
18,g,f,18,index,True,398174,398762,z,diamond.png,rect.png,diamond.png,rect.png,[255, 0, 0],[0, 0, 255],135,45,0,1,2,3,nochange_col,z,1,testing
18,g,f,18,index,True,403367,404106,z,circle.png,rect.png,circle.png,rect.png,[255, 0, 0],[0, 0, 255],135,45,1,2,3,0,nochange_col,z,1,testing
18,g,f,18,index,True,408860,409658,z,triangle.png,rect.png,triangle.png,rect.png,[255, 0, 0],[0, 0, 255],135,45,2,0,1,3,nochange_col,z,1,testing
18,g,f,18,index,True,414420,415194,z,triangle.png,diamond.png,triangle.png,diamond.png,[0, 255, 0],[255, 0, 0],135,90,3,0,1,2,nochange_ori,z,0,testing
18,g,f,18,index,True,419913,420937,/,rect.png,triangle.png,rect.png,triangle.png,[0, 0, 255],[0, 255, 0],0,135,2,1,0,3,change_ori,/,2,testing
18,g,f,18,index,True,425524,426537,/,rect.png,circle.png,rect.png,circle.png,[0, 0, 255],[255, 255, 0],0,135,0,3,1,2,change_col,/,3,testing
18,g,f,18,index,True,431268,432345,z,diamond.png,rect.png,diamond.png,rect.png,[0, 0, 255],[255, 255, 0],45,90,0,1,3,2,nochange_ori,z,0,testing
18,g,f,18,index,True,437112,438074,z,rect.png,circle.png,rect.png,circle.png,[255, 0, 0],[0, 0, 255],45,90,0,3,2,1,nochange_ori,z,2,testing
18,g,f,18,index,True,442839,444585,/,diamond.png,circle.png,diamond.png,circle.png,[0, 255, 0],[0, 0, 255],45,135,2,1,0,3,change_ori,/,2,testing
18,g,f,18,index,True,449217,450040,z,circle.png,triangle.png,circle.png,triangle.png,[0, 255, 0],[0, 0, 255],90,45,1,0,3,2,nochange_ori,z,2,testing
18,g,f,18,index,True,454761,455913,/,triangle.png,circle.png,triangle.png,circle.png,[255, 255, 0],[0, 255, 0],45,90,3,0,1,2,change_col,/,3,testing
18,g,f,18,index,True,460656,461849,z,triangle.png,rect.png,triangle.png,rect.png,[255, 255, 0],[255, 0, 0],90,45,2,0,1,3,nochange_ori,z,0,testing
18,g,f,18,index,True,466432,467497,z,triangle.png,circle.png,triangle.png,circle.png,[255, 255, 0],[0, 255, 0],45,0,1,0,3,2,nochange_ori,z,0,testing
18,g,f,18,index,True,472227,473081,/,circle.png,diamond.png,circle.png,diamond.png,[0, 255, 0],[0, 0, 255],90,135,3,1,2,0,change_col,/,1,testing
18,g,f,18,index,True,477753,478681,/,triangle.png,circle.png,triangle.png,circle.png,[255, 0, 0],[0, 255, 0],45,90,0,2,3,1,change_ori,/,0,testing
18,g,f,18,index,True,483347,484393,/,circle.png,rect.png,circle.png,rect.png,[0, 0, 255],[255, 255, 0],135,0,3,2,1,0,change_ori,/,0,testing
18,g,f,18,index,True,488957,489786,/,rect.png,triangle.png,rect.png,triangle.png,[0, 0, 255],[0, 255, 0],135,0,1,0,3,2,change_ori,/,0,testing
18,g,f,18,index,True,494500,495578,z,diamond.png,rect.png,diamond.png,rect.png,[255, 0, 0],[255, 255, 0],0,135,1,3,0,2,nochange_ori,z,0,testing
18,g,f,18,index,True,500144,500840,z,circle.png,diamond.png,circle.png,diamond.png,[0, 255, 0],[255, 0, 0],90,0,2,1,0,3,nochange_col,z,3,testing
18,g,f,18,index,True,505571,506410,z,circle.png,diamond.png,circle.png,diamond.png,[0, 0, 255],[255, 0, 0],45,0,1,0,3,2,nochange_ori,z,2,testing
18,g,f,18,index,True,511098,512249,/,rect.png,circle.png,rect.png,circle.png,[255, 255, 0],[0, 255, 0],0,135,0,2,3,1,change_col,/,3,testing
18,g,f,18,index,True,516858,517689,z,circle.png,diamond.png,circle.png,diamond.png,[0, 255, 0],[255, 0, 0],0,135,2,0,1,3,nochange_col,z,1,testing
18,g,f,18,index,True,522301,523177,/,diamond.png,rect.png,diamond.png,rect.png,[255, 255, 0],[0, 255, 0],90,135,3,2,0,1,change_col,/,1,testing
18,g,f,18,index,True,527762,529545,z,triangle.png,diamond.png,triangle.png,diamond.png,[255, 0, 0],[0, 0, 255],135,90,0,3,1,2,nochange_ori,z,0,testing
18,g,f,18,index,True,534140,535049,z,diamond.png,circle.png,diamond.png,circle.png,[0, 0, 255],[0, 255, 0],90,135,3,2,1,0,nochange_ori,z,2,testing
18,g,f,18,index,True,539633,541273,/,triangle.png,diamond.png,triangle.png,diamond.png,[255, 255, 0],[0, 0, 255],135,90,2,3,0,1,change_ori,/,2,testing
18,g,f,18,index,True,545878,546920,/,rect.png,triangle.png,rect.png,triangle.png,[255, 255, 0],[255, 0, 0],135,45,3,2,1,0,change_ori,/,2,testing
18,g,f,18,index,True,551639,552424,/,circle.png,triangle.png,circle.png,triangle.png,[255, 0, 0],[255, 255, 0],135,45,0,2,1,3,change_col,/,3,testing
18,g,f,18,index,True,557032,557800,/,diamond.png,circle.png,diamond.png,circle.png,[255, 0, 0],[255, 255, 0],90,0,0,1,2,3,change_col,/,1,testing
18,g,f,18,index,True,562425,563544,z,triangle.png,diamond.png,triangle.png,diamond.png,[0, 255, 0],[255, 255, 0],0,90,0,1,3,2,nochange_ori,z,0,testing
18,g,f,18,index,True,568302,569145,/,circle.png,triangle.png,circle.png,triangle.png,[255, 255, 0],[0, 255, 0],90,45,2,1,0,3,change_ori,/,0,testing
18,g,f,18,index,True,573829,574745,z,circle.png,diamond.png,circle.png,diamond.png,[255, 0, 0],[0, 0, 255],135,90,1,2,0,3,nochange_col,z,1,testing
18,g,f,18,index,True,579490,580232,/,diamond.png,rect.png,diamond.png,rect.png,[255, 0, 0],[255, 255, 0],135,90,0,3,1,2,change_col,/,1,testing
18,g,f,18,index,True,584916,586201,z,triangle.png,circle.png,triangle.png,circle.png,[0, 0, 255],[255, 0, 0],45,90,1,3,0,2,nochange_col,z,3,testing
18,g,f,18,index,True,590810,591752,z,triangle.png,circle.png,triangle.png,circle.png,[255, 0, 0],[0, 255, 0],90,135,3,0,1,2,nochange_ori,z,2,testing
18,g,f,18,index,True,596454,597512,/,circle.png,triangle.png,circle.png,triangle.png,[0, 0, 255],[0, 255, 0],135,0,2,0,3,1,change_ori,/,2,testing
18,g,f,18,index,True,602148,603080,z,circle.png,rect.png,circle.png,rect.png,[0, 0, 255],[255, 0, 0],0,45,2,1,0,3,nochange_col,z,3,testing
18,g,f,18,index,True,607674,609048,z,rect.png,diamond.png,rect.png,diamond.png,[255, 255, 0],[255, 0, 0],90,45,1,0,3,2,nochange_ori,z,0,testing
18,g,f,18,index,True,613635,615624,z,diamond.png,triangle.png,diamond.png,triangle.png,[255, 0, 0],[0, 0, 255],0,90,2,1,0,3,change_ori,/,0,testing
18,g,f,18,index,True,620231,620984,z,triangle.png,circle.png,triangle.png,circle.png,[0, 0, 255],[0, 255, 0],45,90,3,2,1,0,nochange_ori,z,0,testing
18,g,f,18,index,True,625658,627464,/,rect.png,triangle.png,rect.png,triangle.png,[0, 0, 255],[255, 255, 0],90,45,0,3,2,1,change_ori,/,0,testing
18,g,f,18,index,True,632153,633241,/,rect.png,diamond.png,rect.png,diamond.png,[0, 255, 0],[255, 0, 0],135,45,2,3,0,1,change_col,/,1,testing
18,g,f,18,index,True,637864,638888,z,rect.png,diamond.png,rect.png,diamond.png,[0, 255, 0],[255, 0, 0],90,135,1,3,0,2,nochange_ori,z,0,testing
18,g,f,18,index,True,643641,644423,/,triangle.png,rect.png,triangle.png,rect.png,[255, 255, 0],[0, 0, 255],0,45,3,1,2,0,change_col,/,3,testing
18,g,f,18,index,True,649084,650040,z,triangle.png,circle.png,triangle.png,circle.png,[255, 0, 0],[0, 0, 255],135,90,3,2,0,1,nochange_ori,z,0,testing
18,g,f,18,index,True,654761,655416,/,triangle.png,diamond.png,triangle.png,diamond.png,[0, 255, 0],[255, 0, 0],0,45,3,1,2,0,change_ori,/,2,testing
18,g,f,18,index,True,660054,660824,/,rect.png,triangle.png,rect.png,triangle.png,[255, 255, 0],[0, 0, 255],135,45,1,3,2,0,change_ori,/,2,testing
18,g,f,18,index,True,665413,666104,/,diamond.png,rect.png,diamond.png,rect.png,[255, 255, 0],[0, 0, 255],90,0,2,1,0,3,change_col,/,3,testing
18,g,f,18,index,True,670741,671720,z,rect.png,circle.png,rect.png,circle.png,[0, 255, 0],[0, 0, 255],45,0,2,0,3,1,nochange_col,z,1,testing
18,g,f,18,index,True,676401,677048,/,triangle.png,diamond.png,triangle.png,diamond.png,[0, 0, 255],[0, 255, 0],45,135,2,3,1,0,change_ori,/,2,testing
18,g,f,18,index,True,681661,683224,/,diamond.png,circle.png,diamond.png,circle.png,[0, 0, 255],[0, 255, 0],0,90,0,1,2,3,change_col,/,1,testing
18,g,f,18,index,True,687822,688919,z,diamond.png,rect.png,diamond.png,rect.png,[255, 0, 0],[0, 255, 0],0,45,1,2,3,0,nochange_ori,z,2,testing
18,g,f,18,index,True,693549,694152,/,triangle.png,rect.png,triangle.png,rect.png,[0, 255, 0],[255, 255, 0],135,45,0,1,3,2,change_ori,/,2,testing
18,g,f,18,index,True,698742,699495,z,triangle.png,circle.png,triangle.png,circle.png,[255, 255, 0],[255, 0, 0],90,135,3,2,1,0,change_col,/,1,testing
18,g,f,18,index,True,704119,704999,z,triangle.png,circle.png,triangle.png,circle.png,[0, 0, 255],[0, 255, 0],45,90,3,2,1,0,nochange_col,z,1,testing
18,g,f,18,index,True,709729,711143,z,circle.png,diamond.png,circle.png,diamond.png,[0, 255, 0],[0, 0, 255],90,0,3,1,0,2,nochange_col,z,3,testing
18,g,f,18,index,True,715740,717272,/,triangle.png,circle.png,triangle.png,circle.png,[255, 255, 0],[0, 0, 255],135,90,2,3,0,1,change_col,/,3,testing
18,g,f,18,index,True,721834,723671,z,circle.png,rect.png,circle.png,rect.png,[255, 255, 0],[255, 0, 0],45,135,0,2,1,3,nochange_col,z,3,testing
18,g,f,18,index,True,728379,729351,z,diamond.png,rect.png,diamond.png,rect.png,[0, 0, 255],[255, 0, 0],135,0,3,0,2,1,nochange_col,z,3,testing
18,g,f,18,index,True,733956,735111,z,rect.png,diamond.png,rect.png,diamond.png,[255, 255, 0],[0, 255, 0],135,90,0,1,2,3,nochange_col,z,1,testing
18,g,f,18,index,True,739833,743415,z,diamond.png,rect.png,diamond.png,rect.png,[255, 255, 0],[255, 0, 0],135,45,2,3,1,0,nochange_ori,z,2,testing
18,g,f,18,index,True,748132,749463,/,rect.png,triangle.png,rect.png,triangle.png,[0, 0, 255],[0, 255, 0],135,90,0,1,2,3,change_col,/,3,testing
18,g,f,18,index,True,754110,756246,z,rect.png,diamond.png,rect.png,diamond.png,[255, 255, 0],[0, 0, 255],135,45,1,0,3,2,nochange_ori,z,2,testing
18,g,f,18,index,True,760906,762295,/,diamond.png,triangle.png,diamond.png,triangle.png,[0, 255, 0],[255, 0, 0],90,0,2,1,0,3,change_ori,/,0,testing
18,g,f,18,index,True,1156815,1157732,z,triangle.png,circle.png,triangle.png,circle.png,[0, 255, 0],[255, 255, 0],45,135,2,3,0,1,nochange_col,z,3,testing
18,g,f,18,index,True,1162492,1163716,z,circle.png,rect.png,circle.png,rect.png,[0, 0, 255],[0, 255, 0],0,45,3,2,0,1,nochange_ori,z,0,testing
18,g,f,18,index,True,1168486,1170500,/,rect.png,circle.png,rect.png,circle.png,[0, 255, 0],[255, 255, 0],45,90,2,3,1,0,change_ori,/,2,testing
18,g,f,18,index,True,1175081,1176052,/,triangle.png,diamond.png,triangle.png,diamond.png,[0, 255, 0],[255, 255, 0],135,90,3,1,2,0,change_col,/,3,testing
18,g,f,18,index,True,1180642,1183316,/,circle.png,diamond.png,circle.png,diamond.png,[255, 255, 0],[255, 0, 0],0,135,2,0,3,1,change_ori,/,0,testing
18,g,f,18,index,True,1187888,1189284,/,diamond.png,circle.png,diamond.png,circle.png,[0, 0, 255],[255, 0, 0],135,0,1,0,3,2,change_col,/,1,testing
18,g,f,18,index,True,1194016,1196628,/,diamond.png,rect.png,diamond.png,rect.png,[0, 255, 0],[255, 0, 0],45,90,0,1,3,2,nochange_col,z,1,testing
18,g,f,18,index,True,1201329,1202355,z,circle.png,triangle.png,circle.png,triangle.png,[255, 255, 0],[0, 255, 0],0,135,2,1,0,3,nochange_col,z,3,testing
18,g,f,18,index,True,1206990,1207812,/,circle.png,rect.png,circle.png,rect.png,[0, 0, 255],[255, 0, 0],90,0,2,3,1,0,change_ori,/,0,testing
18,g,f,18,index,True,1212451,1213955,/,rect.png,circle.png,rect.png,circle.png,[0, 0, 255],[0, 255, 0],0,135,0,3,1,2,nochange_ori,z,0,testing
18,g,f,18,index,True,1218544,1219476,/,triangle.png,rect.png,triangle.png,rect.png,[255, 255, 0],[255, 0, 0],135,45,3,1,2,0,change_ori,/,0,testing
18,g,f,18,index,True,1224171,1225331,z,diamond.png,rect.png,diamond.png,rect.png,[0, 0, 255],[255, 0, 0],0,90,3,0,2,1,nochange_ori,z,2,testing
18,g,f,18,index,True,1229915,1230740,/,rect.png,diamond.png,rect.png,diamond.png,[255, 0, 0],[0, 0, 255],90,45,0,2,3,1,change_col,/,3,testing
18,g,f,18,index,True,1235308,1236131,z,diamond.png,circle.png,diamond.png,circle.png,[255, 255, 0],[255, 0, 0],0,45,2,1,0,3,nochange_col,z,3,testing
18,g,f,18,index,True,1240751,1241732,z,circle.png,triangle.png,circle.png,triangle.png,[255, 255, 0],[255, 0, 0],0,90,0,1,3,2,nochange_ori,z,2,testing
18,g,f,18,index,True,1246295,1247060,/,rect.png,diamond.png,rect.png,diamond.png,[0, 0, 255],[255, 255, 0],90,135,0,1,3,2,change_ori,/,2,testing
18,g,f,18,index,True,1251805,1253891,/,triangle.png,rect.png,triangle.png,rect.png,[0, 255, 0],[0, 0, 255],90,135,3,0,2,1,change_ori,/,0,testing
18,g,f,18,index,True,1258501,1259683,z,diamond.png,circle.png,diamond.png,circle.png,[0, 255, 0],[0, 0, 255],90,0,1,2,3,0,nochange_ori,z,2,testing
18,g,f,18,index,True,1264428,1265203,/,diamond.png,triangle.png,diamond.png,triangle.png,[0, 0, 255],[0, 255, 0],45,90,1,3,0,2,change_col,/,1,testing
18,g,f,18,index,True,1269856,1270739,/,diamond.png,rect.png,diamond.png,rect.png,[255, 0, 0],[0, 255, 0],45,0,1,0,3,2,change_ori,/,2,testing
18,g,f,18,index,True,1275366,1276915,z,rect.png,circle.png,rect.png,circle.png,[255, 255, 0],[255, 0, 0],45,90,2,3,1,0,change_ori,/,0,testing
18,g,f,18,index,True,1281643,1282868,z,circle.png,diamond.png,circle.png,diamond.png,[255, 0, 0],[0, 255, 0],135,0,1,3,2,0,nochange_col,z,3,testing
18,g,f,18,index,True,1287587,1288452,/,circle.png,triangle.png,circle.png,triangle.png,[0, 255, 0],[0, 0, 255],90,45,2,1,3,0,change_col,/,3,testing
18,g,f,18,index,True,1293181,1293859,z,circle.png,rect.png,circle.png,rect.png,[0, 255, 0],[255, 255, 0],135,90,1,2,0,3,nochange_col,z,3,testing
18,g,f,18,index,True,1298457,1299171,/,rect.png,circle.png,rect.png,circle.png,[0, 0, 255],[255, 0, 0],135,45,0,3,1,2,change_ori,/,2,testing
18,g,f,18,index,True,1303801,1304787,/,rect.png,triangle.png,rect.png,triangle.png,[0, 0, 255],[0, 255, 0],0,90,1,0,2,3,change_ori,/,2,testing
18,g,f,18,index,True,1309377,1310371,z,circle.png,diamond.png,circle.png,diamond.png,[0, 0, 255],[255, 0, 0],45,0,0,3,1,2,nochange_col,z,1,testing
18,g,f,18,index,True,1314988,1315891,z,diamond.png,triangle.png,diamond.png,triangle.png,[0, 255, 0],[0, 0, 255],45,135,0,1,3,2,nochange_ori,z,2,testing
18,g,f,18,index,True,1320565,1321475,/,diamond.png,rect.png,diamond.png,rect.png,[255, 0, 0],[255, 255, 0],45,0,3,2,0,1,change_ori,/,2,testing
18,g,f,18,index,True,1326242,1327267,/,circle.png,rect.png,circle.png,rect.png,[0, 255, 0],[255, 255, 0],0,45,2,0,3,1,nochange_ori,z,0,testing
18,g,f,18,index,True,1331936,1332787,/,triangle.png,rect.png,triangle.png,rect.png,[0, 255, 0],[255, 255, 0],90,135,2,0,3,1,change_col,/,3,testing
18,g,f,18,index,True,1337512,1338290,/,diamond.png,circle.png,diamond.png,circle.png,[255, 0, 0],[0, 0, 255],0,45,3,0,1,2,change_ori,/,2,testing
18,g,f,18,index,True,1343006,1343587,/,diamond.png,circle.png,diamond.png,circle.png,[255, 0, 0],[0, 0, 255],90,135,0,1,2,3,change_col,/,3,testing
18,g,f,18,index,True,1348199,1349443,z,triangle.png,rect.png,triangle.png,rect.png,[255, 0, 0],[0, 255, 0],90,135,2,1,0,3,nochange_col,z,1,testing
18,g,f,18,index,True,1354042,1360626,z,diamond.png,rect.png,diamond.png,rect.png,[0, 255, 0],[255, 0, 0],45,90,3,2,1,0,nochange_ori,z,0,testing
18,g,f,18,index,True,1365314,1366386,/,rect.png,triangle.png,rect.png,triangle.png,[0, 255, 0],[0, 0, 255],90,45,3,1,0,2,change_col,/,3,testing
18,g,f,18,index,True,1371007,1371634,/,rect.png,circle.png,rect.png,circle.png,[0, 0, 255],[255, 255, 0],0,135,0,2,3,1,change_col,/,3,testing
18,g,f,18,index,True,1376234,1378002,z,triangle.png,diamond.png,triangle.png,diamond.png,[255, 255, 0],[255, 0, 0],135,90,0,2,3,1,change_ori,/,0,testing
18,g,f,18,index,True,1382612,1383410,/,circle.png,diamond.png,circle.png,diamond.png,[255, 255, 0],[0, 255, 0],45,0,2,0,1,3,change_ori,/,2,testing
18,g,f,18,index,True,1388156,1388802,/,rect.png,triangle.png,rect.png,triangle.png,[255, 0, 0],[255, 255, 0],90,45,0,2,1,3,change_col,/,1,testing
18,g,f,18,index,True,1393449,1394418,z,triangle.png,diamond.png,triangle.png,diamond.png,[0, 0, 255],[255, 255, 0],135,45,3,1,0,2,nochange_col,z,1,testing
18,g,f,18,index,True,1399142,1400035,z,rect.png,circle.png,rect.png,circle.png,[0, 255, 0],[255, 255, 0],0,45,0,1,2,3,nochange_col,z,1,testing
18,g,f,18,index,True,1404786,1405954,z,circle.png,diamond.png,circle.png,diamond.png,[0, 255, 0],[255, 0, 0],135,0,1,0,3,2,nochange_ori,z,0,testing
18,g,f,18,index,True,1410579,1411122,/,triangle.png,diamond.png,triangle.png,diamond.png,[0, 255, 0],[0, 0, 255],0,135,2,0,1,3,change_col,/,1,testing
18,g,f,18,index,True,1415823,1417010,/,diamond.png,rect.png,diamond.png,rect.png,[255, 255, 0],[255, 0, 0],90,45,3,0,2,1,change_ori,/,2,testing
18,g,f,18,index,True,1421666,1422722,/,circle.png,diamond.png,circle.png,diamond.png,[255, 255, 0],[0, 0, 255],90,45,1,3,2,0,change_col,/,1,testing
18,g,f,18,index,True,1427427,1428018,/,rect.png,circle.png,rect.png,circle.png,[0, 0, 255],[0, 255, 0],0,90,3,0,1,2,change_col,/,3,testing
18,g,f,18,index,True,1432704,1433506,z,circle.png,diamond.png,circle.png,diamond.png,[0, 0, 255],[0, 255, 0],45,135,1,3,0,2,nochange_col,z,1,testing
18,g,f,18,index,True,1438130,1438754,/,circle.png,diamond.png,circle.png,diamond.png,[255, 255, 0],[0, 0, 255],45,0,0,1,2,3,change_col,/,3,testing
18,g,f,18,index,True,1443440,1444466,z,circle.png,rect.png,circle.png,rect.png,[0, 0, 255],[255, 0, 0],0,45,0,1,3,2,nochange_ori,z,0,testing
18,g,f,18,index,True,1449083,1449793,z,rect.png,circle.png,rect.png,circle.png,[255, 255, 0],[255, 0, 0],0,90,2,0,3,1,nochange_col,z,3,testing
18,g,f,18,index,True,1454410,1455634,z,triangle.png,diamond.png,triangle.png,diamond.png,[0, 255, 0],[255, 255, 0],90,135,3,1,2,0,nochange_ori,z,0,testing
18,g,f,18,index,True,1460238,1460898,/,diamond.png,rect.png,diamond.png,rect.png,[255, 255, 0],[255, 0, 0],0,45,2,1,0,3,change_col,/,3,testing
18,g,f,18,index,True,1465580,1466258,/,diamond.png,triangle.png,diamond.png,triangle.png,[0, 0, 255],[255, 0, 0],90,0,0,3,1,2,change_ori,/,0,testing
18,g,f,18,index,True,1470991,1474514,z,diamond.png,triangle.png,diamond.png,triangle.png,[255, 0, 0],[0, 0, 255],135,90,2,1,0,3,nochange_col,z,3,testing
18,g,f,18,index,True,1479105,1479922,/,rect.png,diamond.png,rect.png,diamond.png,[255, 255, 0],[255, 0, 0],90,135,3,1,0,2,change_col,/,3,testing
18,g,f,18,index,True,1484582,1488690,z,rect.png,circle.png,rect.png,circle.png,[255, 0, 0],[0, 0, 255],135,45,2,1,3,0,nochange_ori,z,2,testing
18,g,f,18,index,True,1493282,1494530,z,circle.png,rect.png,circle.png,rect.png,[255, 0, 0],[0, 255, 0],135,45,3,0,2,1,nochange_ori,z,0,testing
18,g,f,18,index,True,1499159,1499890,z,triangle.png,circle.png,triangle.png,circle.png,[0, 255, 0],[0, 0, 255],135,0,0,1,2,3,nochange_ori,z,0,testing
18,g,f,18,index,True,1504536,1505425,z,circle.png,diamond.png,circle.png,diamond.png,[255, 255, 0],[0, 0, 255],90,0,0,1,2,3,nochange_col,z,3,testing
18,g,f,18,index,True,1510162,1511201,/,triangle.png,rect.png,triangle.png,rect.png,[255, 255, 0],[0, 255, 0],45,90,1,2,3,0,change_col,/,1,testing
18,g,f,18,index,True,1515923,1516960,z,diamond.png,circle.png,diamond.png,circle.png,[0, 255, 0],[255, 0, 0],90,45,2,3,0,1,change_ori,/,2,testing
18,g,f,18,index,True,1521583,1522786,z,circle.png,triangle.png,circle.png,triangle.png,[255, 0, 0],[0, 0, 255],90,135,3,2,0,1,nochange_col,z,1,testing
18,g,f,18,index,True,1527377,1528274,/,diamond.png,circle.png,diamond.png,circle.png,[255, 0, 0],[0, 255, 0],90,45,2,1,3,0,change_ori,/,0,testing
18,g,f,18,index,True,1532954,1534017,z,diamond.png,circle.png,diamond.png,circle.png,[0, 0, 255],[0, 255, 0],0,45,0,2,1,3,nochange_col,z,3,testing
18,g,f,18,index,True,1538598,1540529,z,triangle.png,diamond.png,triangle.png,diamond.png,[255, 255, 0],[255, 0, 0],45,0,0,3,2,1,nochange_ori,z,2,testing
18,g,f,18,index,True,1545143,1545841,z,rect.png,diamond.png,rect.png,diamond.png,[0, 255, 0],[0, 0, 255],135,90,1,2,0,3,nochange_ori,z,0,testing
18,g,f,18,index,True,1550603,1551217,/,circle.png,diamond.png,circle.png,diamond.png,[0, 255, 0],[255, 255, 0],0,90,2,0,1,3,change_col,/,3,testing
18,g,f,18,index,True,1555947,1556929,/,triangle.png,circle.png,triangle.png,circle.png,[0, 0, 255],[0, 255, 0],90,0,2,1,0,3,change_ori,/,0,testing
18,g,f,18,index,True,1561506,1562705,z,diamond.png,circle.png,diamond.png,circle.png,[0, 255, 0],[255, 255, 0],45,135,3,1,0,2,nochange_ori,z,2,testing
18,g,f,18,index,True,1567300,1568209,/,rect.png,triangle.png,rect.png,triangle.png,[255, 0, 0],[255, 255, 0],45,90,0,3,2,1,change_col,/,1,testing
18,g,f,18,index,True,1572894,1573825,z,triangle.png,rect.png,triangle.png,rect.png,[0, 255, 0],[255, 0, 0],90,0,0,2,3,1,nochange_col,z,1,testing
18,g,f,18,index,True,1578554,1579201,/,rect.png,triangle.png,rect.png,triangle.png,[255, 255, 0],[0, 255, 0],90,45,2,3,1,0,change_col,/,3,testing
18,g,f,18,index,True,1583914,1584993,z,circle.png,triangle.png,circle.png,triangle.png,[255, 0, 0],[0, 255, 0],45,90,3,0,2,1,nochange_ori,z,0,testing
18,g,f,18,index,True,1589575,1590545,/,triangle.png,circle.png,triangle.png,circle.png,[255, 255, 0],[0, 255, 0],135,45,0,2,3,1,change_ori,/,0,testing
18,g,f,18,index,True,1595218,1595920,z,circle.png,triangle.png,circle.png,triangle.png,[255, 255, 0],[0, 0, 255],135,90,1,2,3,0,nochange_col,z,1,testing
18,g,f,18,index,True,1600578,1601473,z,circle.png,triangle.png,circle.png,triangle.png,[0, 0, 255],[0, 255, 0],90,0,0,3,2,1,nochange_ori,z,0,testing
18,g,f,18,index,True,1606055,1606640,z,circle.png,rect.png,circle.png,rect.png,[0, 255, 0],[255, 255, 0],45,135,3,2,1,0,nochange_col,z,3,testing
18,g,f,18,index,True,1611365,1612161,z,triangle.png,circle.png,triangle.png,circle.png,[255, 255, 0],[255, 0, 0],135,90,0,2,1,3,nochange_col,z,3,testing
18,g,f,18,index,True,1616858,1617393,z,triangle.png,diamond.png,triangle.png,diamond.png,[255, 255, 0],[255, 0, 0],90,0,0,1,3,2,nochange_ori,z,2,testing
