subj,name,gender,age,cond,P_resp,P_startTime,P_respTime,P_gotKey,shape1,shape2,shape3,shape4,color1,color2,color3,color4ori1,ori2,ori3,ori4ord_1,ord_2,ord_3,ord_4,task,correct_key,no_change,mode
1,gjw,f,20,index,True,189569,191741,z,triangle.png,rect.png,triangle.png,rect.png,[0, 0, 255],[0, 255, 0],45,0,2,3,0,1,nochange_col,z,1,practice
1,gjw,f,20,index,True,196449,197549,/,rect.png,diamond.png,rect.png,diamond.png,[0, 255, 0],[0, 0, 255],0,135,3,1,2,0,change_col,/,1,practice
1,gjw,f,20,index,True,202276,203149,z,diamond.png,triangle.png,diamond.png,triangle.png,[255, 0, 0],[0, 0, 255],135,90,1,2,3,0,nochange_ori,z,0,practice
1,gjw,f,20,index,True,207736,209101,z,diamond.png,rect.png,diamond.png,rect.png,[255, 0, 0],[0, 0, 255],135,0,0,2,1,3,nochange_col,z,1,practice
1,gjw,f,20,index,True,213780,214541,/,triangle.png,rect.png,triangle.png,rect.png,[0, 0, 255],[255, 255, 0],0,135,0,1,3,2,change_ori,/,2,practice
1,gjw,f,20,index,True,219207,220157,z,diamond.png,rect.png,diamond.png,rect.png,[255, 255, 0],[0, 0, 255],0,135,0,1,3,2,nochange_col,z,1,practice
1,gjw,f,20,index,True,224918,225741,/,rect.png,diamond.png,rect.png,diamond.png,[255, 0, 0],[0, 255, 0],135,0,0,3,1,2,change_col,/,1,practice
1,gjw,f,20,index,True,230478,231117,/,triangle.png,rect.png,triangle.png,rect.png,[255, 0, 0],[0, 255, 0],90,0,0,2,3,1,change_col,/,1,practice
1,gjw,f,20,index,True,235854,237453,z,diamond.png,circle.png,diamond.png,circle.png,[0, 255, 0],[255, 255, 0],45,0,2,3,1,0,nochange_col,z,3,practice
1,gjw,f,20,index,True,242083,244205,/,diamond.png,triangle.png,diamond.png,triangle.png,[0, 255, 0],[255, 0, 0],135,45,3,1,0,2,nochange_ori,z,0,practice
1,gjw,f,20,index,True,248962,250780,/,rect.png,circle.png,rect.png,circle.png,[0, 0, 255],[0, 255, 0],135,90,2,0,3,1,change_ori,/,0,practice
1,gjw,f,20,index,True,255457,256333,/,rect.png,triangle.png,rect.png,triangle.png,[0, 0, 255],[255, 255, 0],0,90,0,3,1,2,change_col,/,3,practice
1,gjw,f,20,index,True,260983,262125,z,circle.png,rect.png,circle.png,rect.png,[255, 0, 0],[255, 255, 0],135,0,1,2,3,0,nochange_ori,z,2,practice
1,gjw,f,20,index,True,266861,268333,/,rect.png,diamond.png,rect.png,diamond.png,[255, 0, 0],[0, 255, 0],45,90,0,1,3,2,nochange_ori,z,2,practice
1,gjw,f,20,index,True,273072,275996,z,triangle.png,rect.png,triangle.png,rect.png,[255, 255, 0],[0, 0, 255],90,135,1,2,0,3,nochange_ori,z,0,practice
1,gjw,f,20,index,True,280736,281612,/,circle.png,triangle.png,circle.png,triangle.png,[255, 255, 0],[255, 0, 0],135,45,0,3,1,2,change_ori,/,2,practice
1,gjw,f,20,index,True,286213,287021,z,rect.png,triangle.png,rect.png,triangle.png,[0, 0, 255],[255, 0, 0],90,135,0,2,3,1,nochange_col,z,3,practice
1,gjw,f,20,index,True,291757,293292,/,diamond.png,rect.png,diamond.png,rect.png,[255, 255, 0],[0, 0, 255],45,90,1,2,3,0,change_ori,/,2,practice
1,gjw,f,20,index,True,297984,298796,/,diamond.png,rect.png,diamond.png,rect.png,[0, 0, 255],[255, 255, 0],45,0,2,0,1,3,change_ori,/,0,practice
1,gjw,f,20,index,True,303378,304236,/,circle.png,diamond.png,circle.png,diamond.png,[255, 255, 0],[0, 255, 0],0,90,2,0,3,1,change_col,/,1,practice
1,gjw,f,20,index,True,332465,333451,z,diamond.png,circle.png,diamond.png,circle.png,[0, 255, 0],[255, 255, 0],135,45,0,1,2,3,nochange_ori,z,2,testing
1,gjw,f,20,index,True,338175,338732,/,diamond.png,triangle.png,diamond.png,triangle.png,[255, 0, 0],[255, 255, 0],0,45,1,3,2,0,change_col,/,3,testing
1,gjw,f,20,index,True,343435,344172,/,diamond.png,rect.png,diamond.png,rect.png,[0, 0, 255],[255, 0, 0],45,0,3,1,2,0,change_col,/,1,testing
1,gjw,f,20,index,True,348778,349579,/,rect.png,circle.png,rect.png,circle.png,[0, 0, 255],[255, 255, 0],0,90,1,0,2,3,change_col,/,1,testing
1,gjw,f,20,index,True,354288,357308,z,rect.png,triangle.png,rect.png,triangle.png,[255, 0, 0],[0, 255, 0],135,0,0,1,3,2,nochange_ori,z,2,testing
1,gjw,f,20,index,True,361886,363004,/,circle.png,diamond.png,circle.png,diamond.png,[255, 255, 0],[0, 255, 0],90,135,0,3,2,1,change_ori,/,0,testing
1,gjw,f,20,index,True,367662,368412,z,diamond.png,circle.png,diamond.png,circle.png,[0, 0, 255],[255, 255, 0],90,0,2,1,0,3,nochange_ori,z,2,testing
1,gjw,f,20,index,True,373072,374428,z,rect.png,diamond.png,rect.png,diamond.png,[0, 0, 255],[255, 255, 0],90,135,3,0,1,2,nochange_ori,z,2,testing
1,gjw,f,20,index,True,379101,380044,z,triangle.png,circle.png,triangle.png,circle.png,[0, 0, 255],[255, 0, 0],0,90,2,1,0,3,nochange_col,z,1,testing
1,gjw,f,20,index,True,384794,386363,/,triangle.png,circle.png,triangle.png,circle.png,[255, 255, 0],[0, 255, 0],0,45,0,1,3,2,change_ori,/,2,testing
1,gjw,f,20,index,True,390988,392107,z,circle.png,rect.png,circle.png,rect.png,[255, 0, 0],[255, 255, 0],135,90,1,2,0,3,nochange_col,z,3,testing
1,gjw,f,20,index,True,396833,397979,z,triangle.png,rect.png,triangle.png,rect.png,[255, 255, 0],[0, 0, 255],135,45,2,3,0,1,nochange_col,z,3,testing
1,gjw,f,20,index,True,402560,403932,/,circle.png,triangle.png,circle.png,triangle.png,[255, 0, 0],[0, 0, 255],45,135,1,2,0,3,change_col,/,1,testing
1,gjw,f,20,index,True,408671,411115,z,triangle.png,diamond.png,triangle.png,diamond.png,[0, 255, 0],[255, 255, 0],45,0,0,1,3,2,nochange_col,z,3,testing
1,gjw,f,20,index,True,415751,417211,z,rect.png,circle.png,rect.png,circle.png,[255, 0, 0],[0, 0, 255],90,135,0,3,1,2,nochange_ori,z,2,testing
1,gjw,f,20,index,True,421879,422811,z,rect.png,diamond.png,rect.png,diamond.png,[0, 255, 0],[0, 0, 255],135,45,2,1,0,3,nochange_col,z,1,testing
1,gjw,f,20,index,True,427506,428539,z,rect.png,circle.png,rect.png,circle.png,[0, 255, 0],[255, 0, 0],45,90,0,1,2,3,nochange_col,z,1,testing
1,gjw,f,20,index,True,433166,433979,/,triangle.png,circle.png,triangle.png,circle.png,[0, 255, 0],[0, 0, 255],135,45,2,0,1,3,change_col,/,3,testing
1,gjw,f,20,index,True,438626,440715,/,diamond.png,rect.png,diamond.png,rect.png,[255, 255, 0],[255, 0, 0],90,0,3,0,2,1,change_ori,/,2,testing
1,gjw,f,20,index,True,445339,446523,z,circle.png,triangle.png,circle.png,triangle.png,[0, 0, 255],[0, 255, 0],135,45,1,3,0,2,nochange_ori,z,0,testing
1,gjw,f,20,index,True,451166,452283,z,circle.png,diamond.png,circle.png,diamond.png,[0, 255, 0],[255, 0, 0],45,135,1,2,3,0,nochange_ori,z,0,testing
1,gjw,f,20,index,True,457043,457644,z,diamond.png,circle.png,diamond.png,circle.png,[0, 255, 0],[0, 0, 255],45,135,1,3,2,0,nochange_col,z,1,testing
1,gjw,f,20,index,True,462353,463322,/,circle.png,rect.png,circle.png,rect.png,[0, 0, 255],[255, 255, 0],135,0,1,0,2,3,change_ori,/,0,testing
1,gjw,f,20,index,True,468030,469179,/,triangle.png,circle.png,triangle.png,circle.png,[255, 0, 0],[255, 255, 0],90,45,2,0,3,1,change_col,/,1,testing
1,gjw,f,20,index,True,473841,476106,/,rect.png,circle.png,rect.png,circle.png,[0, 0, 255],[255, 0, 0],0,135,0,2,1,3,change_col,/,3,testing
1,gjw,f,20,index,True,480687,481739,/,triangle.png,diamond.png,triangle.png,diamond.png,[0, 255, 0],[255, 0, 0],45,90,2,1,0,3,change_ori,/,2,testing
1,gjw,f,20,index,True,486480,487339,z,diamond.png,triangle.png,diamond.png,triangle.png,[255, 0, 0],[0, 255, 0],45,135,2,3,0,1,nochange_col,z,3,testing
1,gjw,f,20,index,True,492007,493563,/,triangle.png,rect.png,triangle.png,rect.png,[255, 255, 0],[0, 0, 255],90,45,0,2,3,1,nochange_ori,z,2,testing
1,gjw,f,20,index,True,498151,498858,z,diamond.png,rect.png,diamond.png,rect.png,[0, 255, 0],[0, 0, 255],0,90,1,0,3,2,nochange_col,z,1,testing
1,gjw,f,20,index,True,503562,505307,/,rect.png,triangle.png,rect.png,triangle.png,[255, 0, 0],[0, 255, 0],135,0,1,0,3,2,change_ori,/,2,testing
1,gjw,f,20,index,True,509990,510923,/,rect.png,diamond.png,rect.png,diamond.png,[255, 255, 0],[255, 0, 0],0,45,0,2,1,3,change_ori,/,0,testing
1,gjw,f,20,index,True,515500,516267,z,rect.png,triangle.png,rect.png,triangle.png,[0, 0, 255],[0, 255, 0],0,135,0,2,3,1,nochange_col,z,3,testing
1,gjw,f,20,index,True,520993,522154,z,rect.png,circle.png,rect.png,circle.png,[255, 255, 0],[255, 0, 0],0,90,1,0,2,3,nochange_col,z,3,testing
1,gjw,f,20,index,True,526854,527627,/,rect.png,diamond.png,rect.png,diamond.png,[255, 0, 0],[0, 255, 0],45,0,3,2,0,1,change_col,/,3,testing
1,gjw,f,20,index,True,532397,533227,z,circle.png,rect.png,circle.png,rect.png,[0, 255, 0],[255, 0, 0],90,135,1,2,3,0,nochange_ori,z,0,testing
1,gjw,f,20,index,True,537791,538522,/,diamond.png,triangle.png,diamond.png,triangle.png,[0, 255, 0],[255, 255, 0],45,0,2,0,3,1,change_col,/,3,testing
1,gjw,f,20,index,True,543268,543931,/,rect.png,circle.png,rect.png,circle.png,[0, 255, 0],[255, 0, 0],0,90,2,3,0,1,change_col,/,1,testing
1,gjw,f,20,index,True,548678,549578,z,diamond.png,triangle.png,diamond.png,triangle.png,[255, 0, 0],[255, 255, 0],90,0,2,3,1,0,nochange_col,z,1,testing
1,gjw,f,20,index,True,554321,555818,z,diamond.png,rect.png,diamond.png,rect.png,[255, 0, 0],[0, 0, 255],90,45,3,0,1,2,nochange_ori,z,0,testing
1,gjw,f,20,index,True,560383,561050,/,diamond.png,rect.png,diamond.png,rect.png,[0, 0, 255],[0, 255, 0],45,135,0,1,2,3,change_col,/,1,testing
1,gjw,f,20,index,True,565726,566698,/,rect.png,triangle.png,rect.png,triangle.png,[255, 255, 0],[255, 0, 0],0,135,0,3,1,2,change_col,/,1,testing
1,gjw,f,20,index,True,571419,572618,/,circle.png,rect.png,circle.png,rect.png,[0, 0, 255],[255, 255, 0],45,0,1,3,0,2,change_ori,/,2,testing
1,gjw,f,20,index,True,577330,579674,/,circle.png,triangle.png,circle.png,triangle.png,[255, 255, 0],[0, 0, 255],0,135,3,1,2,0,change_col,/,1,testing
1,gjw,f,20,index,True,584394,585114,z,circle.png,diamond.png,circle.png,diamond.png,[255, 255, 0],[255, 0, 0],0,135,0,3,2,1,nochange_ori,z,2,testing
1,gjw,f,20,index,True,589703,591002,/,circle.png,rect.png,circle.png,rect.png,[0, 0, 255],[0, 255, 0],135,90,1,3,0,2,change_col,/,3,testing
1,gjw,f,20,index,True,595647,597562,z,rect.png,triangle.png,rect.png,triangle.png,[255, 255, 0],[0, 0, 255],90,45,3,0,1,2,nochange_col,z,1,testing
1,gjw,f,20,index,True,602176,603897,z,rect.png,circle.png,rect.png,circle.png,[255, 255, 0],[0, 255, 0],0,135,0,3,1,2,nochange_col,z,1,testing
1,gjw,f,20,index,True,608521,610233,z,triangle.png,circle.png,triangle.png,circle.png,[255, 0, 0],[255, 255, 0],0,90,3,2,0,1,nochange_col,z,1,testing
1,gjw,f,20,index,True,614966,616105,/,rect.png,circle.png,rect.png,circle.png,[0, 255, 0],[0, 0, 255],135,45,0,1,3,2,change_ori,/,0,testing
1,gjw,f,20,index,True,620710,622265,z,diamond.png,rect.png,diamond.png,rect.png,[0, 0, 255],[255, 255, 0],45,90,3,2,1,0,nochange_ori,z,0,testing
1,gjw,f,20,index,True,627038,627897,/,triangle.png,circle.png,triangle.png,circle.png,[0, 0, 255],[0, 255, 0],90,0,3,1,2,0,change_col,/,1,testing
1,gjw,f,20,index,True,632515,633354,/,triangle.png,circle.png,triangle.png,circle.png,[0, 0, 255],[255, 0, 0],0,135,3,2,0,1,change_ori,/,2,testing
1,gjw,f,20,index,True,638058,638810,/,rect.png,circle.png,rect.png,circle.png,[255, 0, 0],[255, 255, 0],135,0,2,3,1,0,change_col,/,3,testing
1,gjw,f,20,index,True,643435,644745,/,circle.png,rect.png,circle.png,rect.png,[255, 255, 0],[0, 255, 0],0,90,1,3,2,0,change_ori,/,0,testing
1,gjw,f,20,index,True,649396,650233,z,circle.png,rect.png,circle.png,rect.png,[255, 255, 0],[255, 0, 0],90,0,0,3,1,2,nochange_col,z,1,testing
1,gjw,f,20,index,True,654905,656474,z,diamond.png,rect.png,diamond.png,rect.png,[0, 255, 0],[255, 255, 0],90,135,3,2,1,0,nochange_ori,z,2,testing
1,gjw,f,20,index,True,661101,662440,z,rect.png,circle.png,rect.png,circle.png,[255, 255, 0],[0, 0, 255],0,45,0,2,1,3,nochange_ori,z,2,testing
1,gjw,f,20,index,True,667028,668233,z,diamond.png,circle.png,diamond.png,circle.png,[255, 0, 0],[0, 255, 0],0,90,1,3,2,0,nochange_ori,z,2,testing
1,gjw,f,20,index,True,672989,673930,/,triangle.png,rect.png,triangle.png,rect.png,[0, 0, 255],[255, 0, 0],135,45,0,2,1,3,change_col,/,1,testing
1,gjw,f,20,index,True,678683,679481,z,diamond.png,triangle.png,diamond.png,triangle.png,[0, 0, 255],[255, 255, 0],45,0,2,3,1,0,nochange_col,z,3,testing
1,gjw,f,20,index,True,684076,684873,/,diamond.png,triangle.png,diamond.png,triangle.png,[0, 0, 255],[255, 255, 0],45,135,1,3,2,0,change_col,/,1,testing
1,gjw,f,20,index,True,689569,690745,z,diamond.png,triangle.png,diamond.png,triangle.png,[0, 0, 255],[255, 255, 0],135,90,2,3,0,1,nochange_ori,z,2,testing
1,gjw,f,20,index,True,695480,696473,z,rect.png,diamond.png,rect.png,diamond.png,[255, 255, 0],[255, 0, 0],45,90,2,0,1,3,nochange_col,z,3,testing
1,gjw,f,20,index,True,701090,702057,z,diamond.png,circle.png,diamond.png,circle.png,[0, 255, 0],[255, 255, 0],0,135,2,3,0,1,nochange_col,z,3,testing
1,gjw,f,20,index,True,706650,707736,z,triangle.png,rect.png,triangle.png,rect.png,[255, 255, 0],[0, 0, 255],0,45,2,1,3,0,nochange_ori,z,0,testing
1,gjw,f,20,index,True,712395,714089,/,triangle.png,rect.png,triangle.png,rect.png,[0, 0, 255],[255, 255, 0],0,90,2,0,3,1,change_ori,/,2,testing
1,gjw,f,20,index,True,718772,720089,/,circle.png,triangle.png,circle.png,triangle.png,[0, 255, 0],[255, 255, 0],90,45,0,2,3,1,change_ori,/,2,testing
1,gjw,f,20,index,True,724684,725929,/,circle.png,diamond.png,circle.png,diamond.png,[0, 0, 255],[255, 0, 0],0,45,2,1,0,3,change_col,/,3,testing
1,gjw,f,20,index,True,730611,731528,/,diamond.png,circle.png,diamond.png,circle.png,[0, 0, 255],[0, 255, 0],0,90,3,0,1,2,change_ori,/,2,testing
1,gjw,f,20,index,True,736155,736937,/,triangle.png,circle.png,triangle.png,circle.png,[0, 0, 255],[255, 0, 0],90,45,1,0,2,3,change_ori,/,2,testing
1,gjw,f,20,index,True,741647,744473,z,rect.png,triangle.png,rect.png,triangle.png,[255, 255, 0],[0, 0, 255],0,45,2,0,1,3,nochange_ori,z,0,testing
1,gjw,f,20,index,True,749078,750712,z,triangle.png,rect.png,triangle.png,rect.png,[0, 255, 0],[255, 255, 0],135,0,3,1,0,2,nochange_col,z,3,testing
1,gjw,f,20,index,True,755340,758937,z,diamond.png,triangle.png,diamond.png,triangle.png,[255, 255, 0],[0, 255, 0],135,0,1,2,0,3,nochange_ori,z,0,testing
1,gjw,f,20,index,True,763655,764456,/,circle.png,rect.png,circle.png,rect.png,[0, 255, 0],[255, 0, 0],90,135,3,0,1,2,change_ori,/,2,testing
1,gjw,f,20,index,True,769048,770040,/,triangle.png,circle.png,triangle.png,circle.png,[255, 255, 0],[0, 0, 255],0,90,1,0,2,3,change_col,/,1,testing
1,gjw,f,20,index,True,774691,775576,/,circle.png,diamond.png,circle.png,diamond.png,[255, 0, 0],[255, 255, 0],45,90,1,3,2,0,change_ori,/,2,testing
1,gjw,f,20,index,True,780269,781177,/,circle.png,diamond.png,circle.png,diamond.png,[0, 255, 0],[255, 255, 0],0,45,0,3,2,1,change_ori,/,0,testing
1,gjw,f,20,index,True,785846,786904,z,triangle.png,rect.png,triangle.png,rect.png,[255, 0, 0],[255, 255, 0],0,90,1,2,3,0,nochange_ori,z,2,testing
1,gjw,f,20,index,True,791522,792376,/,circle.png,diamond.png,circle.png,diamond.png,[255, 0, 0],[255, 255, 0],135,90,3,1,2,0,change_ori,/,2,testing
1,gjw,f,20,index,True,797050,798040,/,circle.png,diamond.png,circle.png,diamond.png,[0, 255, 0],[0, 0, 255],0,45,3,0,1,2,change_ori,/,2,testing
1,gjw,f,20,index,True,841264,842472,z,circle.png,diamond.png,circle.png,diamond.png,[255, 255, 0],[0, 255, 0],90,135,3,2,1,0,nochange_ori,z,0,testing
1,gjw,f,20,index,True,847125,848119,/,triangle.png,diamond.png,triangle.png,diamond.png,[255, 255, 0],[0, 255, 0],0,45,1,2,0,3,nochange_col,z,3,testing
1,gjw,f,20,index,True,852752,853399,/,rect.png,triangle.png,rect.png,triangle.png,[255, 0, 0],[0, 255, 0],45,135,3,0,2,1,change_col,/,3,testing
1,gjw,f,20,index,True,858145,860104,/,triangle.png,circle.png,triangle.png,circle.png,[255, 0, 0],[0, 0, 255],0,90,1,3,0,2,change_ori,/,2,testing
1,gjw,f,20,index,True,864857,866344,z,triangle.png,rect.png,triangle.png,rect.png,[0, 0, 255],[255, 255, 0],90,0,1,3,2,0,nochange_ori,z,2,testing
1,gjw,f,20,index,True,870918,871927,z,diamond.png,circle.png,diamond.png,circle.png,[0, 0, 255],[0, 255, 0],45,135,1,0,2,3,nochange_ori,z,0,testing
1,gjw,f,20,index,True,876662,878743,z,circle.png,triangle.png,circle.png,triangle.png,[255, 255, 0],[255, 0, 0],0,90,0,3,1,2,nochange_col,z,1,testing
1,gjw,f,20,index,True,883458,884136,/,rect.png,diamond.png,rect.png,diamond.png,[0, 0, 255],[255, 0, 0],135,0,0,1,2,3,change_col,/,1,testing
1,gjw,f,20,index,True,888834,889847,/,rect.png,circle.png,rect.png,circle.png,[255, 0, 0],[0, 0, 255],90,135,3,2,0,1,change_ori,/,2,testing
1,gjw,f,20,index,True,894462,895319,z,circle.png,triangle.png,circle.png,triangle.png,[255, 255, 0],[0, 255, 0],90,135,1,0,2,3,nochange_ori,z,0,testing
1,gjw,f,20,index,True,899988,902439,z,circle.png,diamond.png,circle.png,diamond.png,[255, 255, 0],[0, 0, 255],90,45,1,3,2,0,nochange_ori,z,2,testing
1,gjw,f,20,index,True,907201,908104,/,rect.png,triangle.png,rect.png,triangle.png,[0, 255, 0],[255, 255, 0],135,45,2,1,0,3,change_col,/,3,testing
1,gjw,f,20,index,True,912745,914231,/,triangle.png,rect.png,triangle.png,rect.png,[0, 255, 0],[0, 0, 255],135,0,2,0,1,3,change_ori,/,2,testing
1,gjw,f,20,index,True,918822,919895,/,circle.png,diamond.png,circle.png,diamond.png,[255, 255, 0],[0, 255, 0],135,45,1,0,3,2,change_ori,/,2,testing
1,gjw,f,20,index,True,924483,925158,/,rect.png,triangle.png,rect.png,triangle.png,[0, 0, 255],[255, 255, 0],0,135,3,2,1,0,change_col,/,3,testing
1,gjw,f,20,index,True,929726,932519,z,rect.png,diamond.png,rect.png,diamond.png,[255, 0, 0],[0, 255, 0],0,90,3,0,1,2,nochange_col,z,3,testing
1,gjw,f,20,index,True,937123,938119,z,circle.png,diamond.png,circle.png,diamond.png,[0, 0, 255],[0, 255, 0],45,0,2,1,3,0,nochange_ori,z,0,testing
1,gjw,f,20,index,True,942783,943990,/,diamond.png,triangle.png,diamond.png,triangle.png,[0, 255, 0],[255, 0, 0],0,90,3,0,2,1,change_ori,/,0,testing
1,gjw,f,20,index,True,948744,949590,z,rect.png,diamond.png,rect.png,diamond.png,[255, 0, 0],[255, 255, 0],0,135,1,2,0,3,nochange_col,z,1,testing
1,gjw,f,20,index,True,954255,954982,z,circle.png,diamond.png,circle.png,diamond.png,[255, 255, 0],[0, 255, 0],90,45,2,1,3,0,nochange_ori,z,2,testing
1,gjw,f,20,index,True,959581,960678,/,circle.png,diamond.png,circle.png,diamond.png,[0, 255, 0],[255, 255, 0],90,135,0,2,3,1,change_col,/,1,testing
1,gjw,f,20,index,True,965358,966150,/,rect.png,circle.png,rect.png,circle.png,[0, 0, 255],[255, 255, 0],135,45,0,3,1,2,change_col,/,3,testing
1,gjw,f,20,index,True,970885,973255,/,rect.png,diamond.png,rect.png,diamond.png,[0, 255, 0],[0, 0, 255],0,45,3,2,1,0,change_ori,/,0,testing
1,gjw,f,20,index,True,977981,978727,z,diamond.png,triangle.png,diamond.png,triangle.png,[255, 255, 0],[0, 255, 0],0,135,0,1,3,2,nochange_col,z,1,testing
1,gjw,f,20,index,True,983341,984694,/,circle.png,rect.png,circle.png,rect.png,[0, 255, 0],[0, 0, 255],45,0,2,1,3,0,change_col,/,3,testing
1,gjw,f,20,index,True,989285,991415,z,diamond.png,rect.png,diamond.png,rect.png,[255, 255, 0],[255, 0, 0],45,0,0,1,3,2,nochange_col,z,3,testing
1,gjw,f,20,index,True,996164,997606,/,rect.png,diamond.png,rect.png,diamond.png,[255, 255, 0],[0, 0, 255],135,90,1,3,0,2,change_col,/,1,testing
1,gjw,f,20,index,True,1002192,1003158,/,rect.png,diamond.png,rect.png,diamond.png,[255, 0, 0],[0, 0, 255],0,135,3,2,0,1,change_col,/,3,testing
1,gjw,f,20,index,True,1007735,1008694,z,circle.png,diamond.png,circle.png,diamond.png,[0, 0, 255],[255, 0, 0],135,45,0,1,2,3,nochange_ori,z,2,testing
1,gjw,f,20,index,True,1013329,1014423,z,diamond.png,rect.png,diamond.png,rect.png,[0, 255, 0],[255, 0, 0],135,90,2,1,3,0,nochange_col,z,3,testing
1,gjw,f,20,index,True,1019006,1020534,/,rect.png,diamond.png,rect.png,diamond.png,[255, 255, 0],[0, 0, 255],45,90,1,2,0,3,change_ori,/,2,testing
1,gjw,f,20,index,True,1025284,1026422,/,circle.png,rect.png,circle.png,rect.png,[255, 0, 0],[0, 0, 255],90,0,2,3,0,1,change_ori,/,0,testing
1,gjw,f,20,index,True,1031062,1032519,z,circle.png,diamond.png,circle.png,diamond.png,[0, 0, 255],[0, 255, 0],90,135,0,2,3,1,nochange_col,z,3,testing
1,gjw,f,20,index,True,1037123,1039238,z,triangle.png,rect.png,triangle.png,rect.png,[0, 255, 0],[0, 0, 255],90,135,1,2,0,3,nochange_ori,z,0,testing
1,gjw,f,20,index,True,1043902,1044565,/,triangle.png,diamond.png,triangle.png,diamond.png,[0, 0, 255],[255, 255, 0],45,90,3,2,0,1,change_col,/,3,testing
1,gjw,f,20,index,True,1049128,1049862,z,diamond.png,rect.png,diamond.png,rect.png,[255, 0, 0],[0, 255, 0],135,0,0,3,1,2,nochange_ori,z,0,testing
1,gjw,f,20,index,True,1054588,1055510,z,triangle.png,diamond.png,triangle.png,diamond.png,[255, 0, 0],[255, 255, 0],90,0,3,2,1,0,nochange_ori,z,2,testing
1,gjw,f,20,index,True,1060198,1061030,/,diamond.png,rect.png,diamond.png,rect.png,[255, 0, 0],[0, 255, 0],135,45,3,1,2,0,change_col,/,3,testing
1,gjw,f,20,index,True,1065608,1066565,/,rect.png,triangle.png,rect.png,triangle.png,[0, 0, 255],[0, 255, 0],90,0,0,3,1,2,change_ori,/,0,testing
1,gjw,f,20,index,True,1071285,1078646,/,diamond.png,rect.png,diamond.png,rect.png,[0, 255, 0],[255, 0, 0],45,90,0,3,2,1,change_ori,/,0,testing
1,gjw,f,20,index,True,1083324,1085413,/,circle.png,triangle.png,circle.png,triangle.png,[0, 0, 255],[0, 255, 0],0,45,2,0,3,1,change_ori,/,2,testing
1,gjw,f,20,index,True,1090069,1091237,z,rect.png,triangle.png,rect.png,triangle.png,[255, 0, 0],[0, 0, 255],90,135,1,0,2,3,nochange_ori,z,2,testing
1,gjw,f,20,index,True,1095931,1096742,/,triangle.png,diamond.png,triangle.png,diamond.png,[0, 255, 0],[0, 0, 255],90,0,2,1,0,3,change_ori,/,0,testing
1,gjw,f,20,index,True,1101391,1102725,z,diamond.png,triangle.png,diamond.png,triangle.png,[0, 255, 0],[0, 0, 255],90,45,0,1,2,3,nochange_col,z,3,testing
1,gjw,f,20,index,True,1107335,1110262,z,rect.png,triangle.png,rect.png,triangle.png,[0, 255, 0],[0, 0, 255],135,0,0,2,1,3,nochange_col,z,3,testing
1,gjw,f,20,index,True,1114966,1115542,/,rect.png,triangle.png,rect.png,triangle.png,[0, 0, 255],[255, 255, 0],0,90,2,3,1,0,change_col,/,1,testing
1,gjw,f,20,index,True,1120275,1121653,z,triangle.png,circle.png,triangle.png,circle.png,[0, 255, 0],[255, 0, 0],90,45,0,1,3,2,nochange_ori,z,2,testing
1,gjw,f,20,index,True,1126303,1127382,/,rect.png,circle.png,rect.png,circle.png,[0, 0, 255],[255, 0, 0],135,90,1,3,0,2,change_ori,/,2,testing
1,gjw,f,20,index,True,1131979,1138390,z,triangle.png,diamond.png,triangle.png,diamond.png,[0, 255, 0],[255, 255, 0],0,45,3,2,0,1,nochange_col,z,1,testing
1,gjw,f,20,index,True,1143017,1144438,z,rect.png,triangle.png,rect.png,triangle.png,[255, 0, 0],[0, 0, 255],0,135,0,3,1,2,nochange_col,z,1,testing
1,gjw,f,20,index,True,1149128,1150053,z,rect.png,circle.png,rect.png,circle.png,[255, 255, 0],[0, 255, 0],90,135,2,0,3,1,nochange_col,z,1,testing
1,gjw,f,20,index,True,1154738,1159142,/,circle.png,triangle.png,circle.png,triangle.png,[0, 0, 255],[255, 255, 0],135,90,2,1,0,3,change_col,/,1,testing
1,gjw,f,20,index,True,1163705,1165748,z,rect.png,triangle.png,rect.png,triangle.png,[255, 0, 0],[0, 255, 0],0,90,2,3,1,0,nochange_col,z,3,testing
1,gjw,f,20,index,True,1170316,1171045,/,diamond.png,circle.png,diamond.png,circle.png,[0, 255, 0],[255, 0, 0],45,135,2,1,0,3,change_ori,/,2,testing
1,gjw,f,20,index,True,1175760,1176869,z,triangle.png,circle.png,triangle.png,circle.png,[255, 0, 0],[255, 255, 0],0,135,3,0,1,2,nochange_col,z,1,testing
1,gjw,f,20,index,True,1181504,1182181,z,diamond.png,circle.png,diamond.png,circle.png,[255, 0, 0],[0, 255, 0],135,90,3,0,1,2,nochange_col,z,3,testing
1,gjw,f,20,index,True,1186780,1187557,/,circle.png,rect.png,circle.png,rect.png,[0, 255, 0],[255, 255, 0],0,135,3,1,2,0,change_col,/,1,testing
1,gjw,f,20,index,True,1192308,1195685,z,triangle.png,circle.png,triangle.png,circle.png,[255, 0, 0],[0, 0, 255],0,135,2,0,1,3,nochange_ori,z,0,testing
1,gjw,f,20,index,True,1200288,1202276,/,rect.png,diamond.png,rect.png,diamond.png,[255, 0, 0],[255, 255, 0],90,45,0,1,2,3,change_ori,/,2,testing
1,gjw,f,20,index,True,1206884,1207653,z,circle.png,rect.png,circle.png,rect.png,[0, 0, 255],[255, 0, 0],90,45,3,1,0,2,nochange_ori,z,2,testing
1,gjw,f,20,index,True,1212411,1213332,z,rect.png,circle.png,rect.png,circle.png,[255, 0, 0],[0, 0, 255],45,90,1,2,0,3,nochange_ori,z,2,testing
1,gjw,f,20,index,True,1217938,1218805,/,triangle.png,rect.png,triangle.png,rect.png,[255, 0, 0],[0, 0, 255],135,45,0,3,1,2,change_col,/,1,testing
1,gjw,f,20,index,True,1223531,1224709,z,triangle.png,circle.png,triangle.png,circle.png,[255, 255, 0],[0, 0, 255],90,45,2,1,3,0,nochange_col,z,1,testing
1,gjw,f,20,index,True,1229292,1231284,z,diamond.png,circle.png,diamond.png,circle.png,[0, 255, 0],[255, 0, 0],0,135,1,0,2,3,nochange_ori,z,0,testing
1,gjw,f,20,index,True,1236004,1236772,/,diamond.png,circle.png,diamond.png,circle.png,[0, 255, 0],[255, 0, 0],45,90,3,2,0,1,change_col,/,1,testing
1,gjw,f,20,index,True,1241530,1243813,z,triangle.png,circle.png,triangle.png,circle.png,[255, 255, 0],[255, 0, 0],90,135,2,3,0,1,nochange_ori,z,2,testing
1,gjw,f,20,index,True,1248477,1249685,/,circle.png,rect.png,circle.png,rect.png,[255, 0, 0],[255, 255, 0],0,45,0,1,3,2,change_ori,/,2,testing
1,gjw,f,20,index,True,1254254,1254868,/,circle.png,triangle.png,circle.png,triangle.png,[255, 255, 0],[255, 0, 0],45,90,2,1,0,3,change_col,/,1,testing
1,gjw,f,20,index,True,1259480,1260116,/,circle.png,diamond.png,circle.png,diamond.png,[0, 255, 0],[0, 0, 255],135,45,0,1,2,3,change_col,/,3,testing
1,gjw,f,20,index,True,1264773,1265908,/,rect.png,triangle.png,rect.png,triangle.png,[255, 0, 0],[0, 0, 255],0,90,1,0,3,2,change_ori,/,2,testing
1,gjw,f,20,index,True,1270634,1271444,/,triangle.png,circle.png,triangle.png,circle.png,[255, 0, 0],[255, 255, 0],0,90,3,0,1,2,change_ori,/,0,testing
1,gjw,f,20,index,True,1276044,1277076,z,rect.png,triangle.png,rect.png,triangle.png,[255, 0, 0],[255, 255, 0],0,135,0,2,1,3,nochange_ori,z,2,testing
1,gjw,f,20,index,True,1281737,1282804,z,diamond.png,rect.png,diamond.png,rect.png,[0, 255, 0],[255, 0, 0],90,45,1,3,2,0,nochange_col,z,3,testing
1,gjw,f,20,index,True,1287549,1288340,/,diamond.png,triangle.png,diamond.png,triangle.png,[255, 0, 0],[0, 255, 0],135,90,1,0,2,3,change_col,/,1,testing
1,gjw,f,20,index,True,1292958,1294340,z,triangle.png,circle.png,triangle.png,circle.png,[0, 0, 255],[255, 255, 0],0,135,3,1,0,2,nochange_col,z,1,testing
1,gjw,f,20,index,True,1298902,1300484,z,diamond.png,rect.png,diamond.png,rect.png,[255, 255, 0],[0, 255, 0],90,135,2,1,3,0,nochange_ori,z,0,testing
1,gjw,f,20,index,True,1305181,1306356,z,triangle.png,circle.png,triangle.png,circle.png,[0, 255, 0],[255, 0, 0],90,0,1,0,3,2,nochange_col,z,1,testing
1,gjw,f,20,index,True,1310975,1312276,/,circle.png,triangle.png,circle.png,triangle.png,[0, 255, 0],[255, 0, 0],45,90,0,1,3,2,change_ori,/,2,testing
1,gjw,f,20,index,True,1317019,1317988,/,circle.png,diamond.png,circle.png,diamond.png,[255, 0, 0],[255, 255, 0],90,0,1,3,2,0,change_ori,/,0,testing
1,gjw,f,20,index,True,1322746,1323523,/,rect.png,diamond.png,rect.png,diamond.png,[0, 255, 0],[0, 0, 255],90,45,2,0,3,1,change_col,/,1,testing
