subj,name,gender,age,cond,P_resp,P_startTime,P_respTime,P_gotKey,shape1,shape2,shape3,shape4,color1,color2,color3,color4ori1,ori2,ori3,ori4ord_1,ord_2,ord_3,ord_4,task,correct_key,no_change,mode
1,gjw,f,20,noindex,True,45248,46953,z,rect.png,triangle.png,diamond.png,circle.png,[0, 255, 0],[255, 0, 0],45,90,0,2,3,1,nochange_col,z,1,practice
1,gjw,f,20,noindex,True,51675,53625,z,diamond.png,rect.png,triangle.png,circle.png,[255, 0, 0],[255, 255, 0],45,90,1,0,2,3,nochange_col,z,1,practice
1,gjw,f,20,noindex,True,58288,59928,z,triangle.png,circle.png,diamond.png,rect.png,[0, 255, 0],[255, 0, 0],45,0,3,2,1,0,nochange_ori,z,2,practice
1,gjw,f,20,noindex,True,64583,70441,/,rect.png,circle.png,diamond.png,triangle.png,[255, 255, 0],[0, 0, 255],90,135,1,3,0,2,change_ori,/,0,practice
1,gjw,f,20,noindex,True,75152,76312,z,rect.png,triangle.png,diamond.png,circle.png,[255, 0, 0],[255, 255, 0],45,135,1,3,2,0,nochange_col,z,3,practice
1,gjw,f,20,noindex,True,81030,82249,/,rect.png,triangle.png,diamond.png,circle.png,[0, 0, 255],[0, 255, 0],45,135,3,2,0,1,change_ori,/,0,practice
1,gjw,f,20,noindex,True,86923,88329,/,triangle.png,circle.png,rect.png,diamond.png,[255, 0, 0],[0, 0, 255],0,45,1,0,3,2,change_col,/,1,practice
1,gjw,f,20,noindex,True,92917,93657,/,diamond.png,rect.png,circle.png,triangle.png,[255, 0, 0],[0, 0, 255],90,45,1,2,0,3,change_col,/,3,practice
1,gjw,f,20,noindex,True,98311,99705,z,diamond.png,rect.png,circle.png,triangle.png,[255, 0, 0],[0, 0, 255],135,45,2,0,1,3,nochange_ori,z,0,practice
1,gjw,f,20,noindex,True,104456,106329,z,diamond.png,triangle.png,circle.png,rect.png,[0, 255, 0],[0, 0, 255],90,135,2,3,0,1,nochange_ori,z,0,practice
1,gjw,f,20,noindex,True,110967,114041,/,triangle.png,rect.png,circle.png,diamond.png,[255, 0, 0],[0, 0, 255],0,135,1,0,2,3,change_ori,/,2,practice
1,gjw,f,20,noindex,True,118815,119432,/,circle.png,triangle.png,diamond.png,rect.png,[255, 0, 0],[255, 255, 0],45,135,2,0,3,1,change_col,/,3,practice
1,gjw,f,20,noindex,True,124075,124968,z,diamond.png,circle.png,rect.png,triangle.png,[0, 255, 0],[255, 0, 0],0,45,3,2,1,0,nochange_ori,z,2,practice
1,gjw,f,20,noindex,True,129602,131528,z,triangle.png,circle.png,diamond.png,rect.png,[0, 255, 0],[255, 0, 0],135,0,2,1,0,3,nochange_col,z,1,practice
1,gjw,f,20,noindex,True,136114,137032,/,circle.png,triangle.png,rect.png,diamond.png,[0, 0, 255],[255, 0, 0],45,135,3,0,1,2,change_col,/,3,practice
1,gjw,f,20,noindex,True,141640,142440,z,rect.png,circle.png,diamond.png,triangle.png,[255, 255, 0],[255, 0, 0],45,0,2,3,0,1,nochange_col,z,3,practice
1,gjw,f,20,noindex,True,147034,150968,/,triangle.png,circle.png,rect.png,diamond.png,[0, 255, 0],[0, 0, 255],90,135,1,3,0,2,change_col,/,3,practice
1,gjw,f,20,noindex,True,155666,156472,/,triangle.png,diamond.png,circle.png,rect.png,[255, 0, 0],[0, 0, 255],90,0,2,3,0,1,change_ori,/,2,practice
1,gjw,f,20,noindex,True,161042,162056,z,diamond.png,triangle.png,rect.png,circle.png,[255, 0, 0],[0, 0, 255],90,45,2,0,3,1,nochange_ori,z,2,practice
1,gjw,f,20,noindex,True,166636,167688,/,rect.png,diamond.png,triangle.png,circle.png,[0, 0, 255],[255, 0, 0],45,135,2,0,3,1,change_ori,/,2,practice
1,gjw,f,20,noindex,True,188509,191368,z,triangle.png,rect.png,diamond.png,circle.png,[0, 0, 255],[255, 0, 0],0,90,3,1,0,2,nochange_col,z,1,testing
1,gjw,f,20,noindex,True,196041,197303,z,diamond.png,circle.png,rect.png,triangle.png,[0, 255, 0],[0, 0, 255],90,135,1,2,3,0,nochange_ori,z,0,testing
1,gjw,f,20,noindex,True,202001,203080,/,diamond.png,triangle.png,rect.png,circle.png,[255, 255, 0],[0, 0, 255],45,90,1,3,2,0,change_col,/,1,testing
1,gjw,f,20,noindex,True,207745,208904,z,circle.png,diamond.png,rect.png,triangle.png,[0, 255, 0],[0, 0, 255],135,90,1,0,3,2,nochange_ori,z,0,testing
1,gjw,f,20,noindex,True,213672,216615,/,triangle.png,diamond.png,rect.png,circle.png,[0, 0, 255],[255, 255, 0],0,45,1,3,0,2,change_ori,/,2,testing
1,gjw,f,20,noindex,True,221303,224679,z,circle.png,rect.png,triangle.png,diamond.png,[255, 255, 0],[0, 255, 0],0,135,3,0,2,1,nochange_ori,z,2,testing
1,gjw,f,20,noindex,True,229285,231527,/,triangle.png,rect.png,diamond.png,circle.png,[0, 255, 0],[0, 0, 255],90,45,0,1,2,3,change_col,/,1,testing
1,gjw,f,20,noindex,True,236214,237623,z,rect.png,circle.png,triangle.png,diamond.png,[255, 0, 0],[0, 0, 255],135,45,1,0,3,2,nochange_ori,z,0,testing
1,gjw,f,20,noindex,True,242325,244055,/,circle.png,diamond.png,triangle.png,rect.png,[255, 255, 0],[0, 255, 0],135,45,3,1,2,0,change_col,/,3,testing
1,gjw,f,20,noindex,True,248654,249607,z,triangle.png,circle.png,rect.png,diamond.png,[0, 255, 0],[255, 0, 0],45,90,3,1,2,0,nochange_ori,z,2,testing
1,gjw,f,20,noindex,True,254331,255559,z,rect.png,circle.png,diamond.png,triangle.png,[255, 0, 0],[0, 255, 0],135,45,0,2,1,3,nochange_ori,z,0,testing
1,gjw,f,20,noindex,True,260258,261126,z,circle.png,rect.png,triangle.png,diamond.png,[0, 255, 0],[255, 0, 0],0,90,2,3,0,1,nochange_ori,z,0,testing
1,gjw,f,20,noindex,True,265751,266502,z,circle.png,triangle.png,rect.png,diamond.png,[0, 255, 0],[255, 255, 0],135,90,0,2,3,1,nochange_ori,z,2,testing
1,gjw,f,20,noindex,True,271211,271847,z,circle.png,rect.png,diamond.png,triangle.png,[255, 0, 0],[0, 255, 0],0,90,0,1,3,2,nochange_col,z,3,testing
1,gjw,f,20,noindex,True,276605,280951,/,diamond.png,rect.png,triangle.png,circle.png,[0, 255, 0],[0, 0, 255],45,0,0,1,2,3,change_ori,/,2,testing
1,gjw,f,20,noindex,True,285655,287094,z,diamond.png,triangle.png,rect.png,circle.png,[255, 0, 0],[0, 0, 255],45,135,1,2,0,3,nochange_ori,z,2,testing
1,gjw,f,20,noindex,True,291849,294262,/,circle.png,diamond.png,triangle.png,rect.png,[255, 255, 0],[0, 255, 0],0,135,2,1,0,3,change_col,/,1,testing
1,gjw,f,20,noindex,True,298962,300487,z,circle.png,triangle.png,rect.png,diamond.png,[0, 0, 255],[255, 255, 0],0,90,2,3,1,0,nochange_col,z,3,testing
1,gjw,f,20,noindex,True,305124,308327,/,rect.png,diamond.png,triangle.png,circle.png,[255, 0, 0],[0, 255, 0],90,135,3,1,0,2,change_col,/,3,testing
1,gjw,f,20,noindex,True,313072,313846,/,rect.png,circle.png,diamond.png,triangle.png,[255, 255, 0],[0, 255, 0],90,45,3,1,0,2,change_col,/,3,testing
1,gjw,f,20,noindex,True,318464,322871,z,circle.png,diamond.png,triangle.png,rect.png,[0, 0, 255],[0, 255, 0],0,45,2,1,0,3,nochange_col,z,3,testing
1,gjw,f,20,noindex,True,327481,328438,z,circle.png,rect.png,diamond.png,triangle.png,[0, 0, 255],[255, 0, 0],90,135,2,0,3,1,nochange_ori,z,0,testing
1,gjw,f,20,noindex,True,333008,334150,z,rect.png,triangle.png,circle.png,diamond.png,[255, 0, 0],[255, 255, 0],45,135,2,3,1,0,nochange_ori,z,2,testing
1,gjw,f,20,noindex,True,338768,339429,z,diamond.png,circle.png,triangle.png,rect.png,[255, 255, 0],[255, 0, 0],0,45,3,0,1,2,nochange_col,z,3,testing
1,gjw,f,20,noindex,True,343995,345830,/,diamond.png,rect.png,triangle.png,circle.png,[0, 255, 0],[255, 255, 0],135,90,3,2,1,0,change_col,/,3,testing
1,gjw,f,20,noindex,True,350574,351877,z,diamond.png,circle.png,triangle.png,rect.png,[255, 0, 0],[0, 0, 255],90,135,0,2,1,3,nochange_ori,z,2,testing
1,gjw,f,20,noindex,True,356467,357270,/,circle.png,triangle.png,diamond.png,rect.png,[0, 255, 0],[255, 255, 0],90,135,1,3,0,2,change_col,/,3,testing
1,gjw,f,20,noindex,True,361978,364006,/,diamond.png,triangle.png,circle.png,rect.png,[0, 255, 0],[255, 0, 0],90,45,0,2,1,3,change_ori,/,2,testing
1,gjw,f,20,noindex,True,368657,370374,z,circle.png,triangle.png,rect.png,diamond.png,[255, 0, 0],[0, 0, 255],135,45,0,1,3,2,nochange_col,z,1,testing
1,gjw,f,20,noindex,True,375052,377110,/,circle.png,triangle.png,diamond.png,rect.png,[0, 255, 0],[255, 255, 0],0,135,2,3,0,1,nochange_ori,z,2,testing
1,gjw,f,20,noindex,True,381731,382246,/,triangle.png,diamond.png,rect.png,circle.png,[0, 0, 255],[255, 255, 0],135,45,0,2,3,1,change_col,/,1,testing
1,gjw,f,20,noindex,True,386990,389158,z,circle.png,triangle.png,rect.png,diamond.png,[255, 255, 0],[255, 0, 0],0,135,3,2,0,1,nochange_col,z,1,testing
1,gjw,f,20,noindex,True,393903,395109,/,diamond.png,triangle.png,rect.png,circle.png,[0, 0, 255],[255, 255, 0],90,0,0,3,1,2,change_ori,/,2,testing
1,gjw,f,20,noindex,True,399763,402454,z,diamond.png,circle.png,triangle.png,rect.png,[0, 255, 0],[255, 255, 0],45,90,3,0,2,1,nochange_ori,z,2,testing
1,gjw,f,20,noindex,True,407043,408053,z,rect.png,triangle.png,diamond.png,circle.png,[0, 0, 255],[255, 255, 0],0,135,2,3,0,1,nochange_col,z,3,testing
1,gjw,f,20,noindex,True,412687,413702,z,circle.png,rect.png,triangle.png,diamond.png,[0, 0, 255],[0, 255, 0],0,90,3,2,1,0,nochange_col,z,1,testing
1,gjw,f,20,noindex,True,418381,419574,z,triangle.png,circle.png,diamond.png,rect.png,[255, 255, 0],[0, 255, 0],0,90,2,3,0,1,nochange_ori,z,0,testing
1,gjw,f,20,noindex,True,424175,424885,z,diamond.png,circle.png,rect.png,triangle.png,[255, 0, 0],[0, 0, 255],135,90,3,2,0,1,nochange_col,z,1,testing
1,gjw,f,20,noindex,True,429468,430213,z,rect.png,triangle.png,diamond.png,circle.png,[0, 0, 255],[255, 255, 0],0,45,3,0,2,1,nochange_col,z,1,testing
1,gjw,f,20,noindex,True,434945,438053,/,triangle.png,diamond.png,rect.png,circle.png,[0, 255, 0],[255, 255, 0],90,135,0,3,2,1,change_ori,/,2,testing
1,gjw,f,20,noindex,True,442659,443861,/,diamond.png,rect.png,triangle.png,circle.png,[0, 0, 255],[255, 255, 0],90,0,1,2,3,0,change_ori,/,0,testing
1,gjw,f,20,noindex,True,448520,449253,z,triangle.png,circle.png,rect.png,diamond.png,[0, 0, 255],[0, 255, 0],45,0,1,2,0,3,nochange_col,z,1,testing
1,gjw,f,20,noindex,True,453896,454597,/,triangle.png,circle.png,diamond.png,rect.png,[0, 0, 255],[0, 255, 0],45,135,2,1,3,0,change_ori,/,0,testing
1,gjw,f,20,noindex,True,459189,460053,z,rect.png,diamond.png,triangle.png,circle.png,[255, 255, 0],[0, 0, 255],135,0,1,2,3,0,nochange_col,z,1,testing
1,gjw,f,20,noindex,True,464799,466389,/,triangle.png,diamond.png,circle.png,rect.png,[255, 0, 0],[0, 0, 255],135,0,1,0,2,3,change_col,/,1,testing
1,gjw,f,20,noindex,True,470960,472293,z,rect.png,circle.png,diamond.png,triangle.png,[255, 0, 0],[255, 255, 0],135,90,2,3,0,1,nochange_ori,z,0,testing
1,gjw,f,20,noindex,True,476972,477653,z,rect.png,circle.png,triangle.png,diamond.png,[255, 0, 0],[0, 0, 255],135,45,1,2,3,0,nochange_col,z,1,testing
1,gjw,f,20,noindex,True,482231,482997,/,diamond.png,circle.png,triangle.png,rect.png,[255, 0, 0],[0, 0, 255],45,0,3,1,2,0,change_ori,/,2,testing
1,gjw,f,20,noindex,True,487742,488676,z,circle.png,diamond.png,triangle.png,rect.png,[0, 255, 0],[255, 255, 0],90,0,0,3,2,1,nochange_ori,z,0,testing
1,gjw,f,20,noindex,True,493335,494292,z,diamond.png,circle.png,rect.png,triangle.png,[0, 255, 0],[0, 0, 255],90,0,2,1,0,3,nochange_col,z,1,testing
1,gjw,f,20,noindex,True,498928,499716,z,circle.png,rect.png,diamond.png,triangle.png,[255, 0, 0],[255, 255, 0],45,135,1,3,0,2,change_ori,/,0,testing
1,gjw,f,20,noindex,True,504422,505285,/,circle.png,rect.png,diamond.png,triangle.png,[255, 255, 0],[0, 255, 0],90,45,0,1,3,2,change_col,/,1,testing
1,gjw,f,20,noindex,True,509999,512069,/,diamond.png,triangle.png,circle.png,rect.png,[0, 255, 0],[0, 0, 255],135,0,0,3,2,1,change_col,/,3,testing
1,gjw,f,20,noindex,True,516794,517333,/,triangle.png,diamond.png,circle.png,rect.png,[255, 0, 0],[255, 255, 0],135,90,3,2,1,0,change_col,/,1,testing
1,gjw,f,20,noindex,True,521920,523252,z,diamond.png,circle.png,rect.png,triangle.png,[255, 255, 0],[0, 255, 0],45,0,3,0,2,1,nochange_ori,z,2,testing
1,gjw,f,20,noindex,True,527999,528773,/,rect.png,triangle.png,diamond.png,circle.png,[255, 0, 0],[255, 255, 0],45,135,2,1,0,3,change_ori,/,0,testing
1,gjw,f,20,noindex,True,533525,535668,/,triangle.png,diamond.png,rect.png,circle.png,[255, 0, 0],[0, 255, 0],45,90,1,2,0,3,change_ori,/,0,testing
1,gjw,f,20,noindex,True,540321,541140,z,triangle.png,circle.png,diamond.png,rect.png,[255, 0, 0],[0, 0, 255],0,90,3,2,0,1,nochange_ori,z,2,testing
1,gjw,f,20,noindex,True,545797,546628,/,circle.png,triangle.png,diamond.png,rect.png,[255, 255, 0],[255, 0, 0],0,90,3,0,1,2,change_col,/,3,testing
1,gjw,f,20,noindex,True,551375,552740,/,diamond.png,rect.png,circle.png,triangle.png,[0, 255, 0],[0, 0, 255],45,0,2,3,0,1,change_ori,/,0,testing
1,gjw,f,20,noindex,True,557385,558356,/,diamond.png,triangle.png,circle.png,rect.png,[255, 0, 0],[0, 0, 255],0,135,0,1,2,3,change_ori,/,0,testing
1,gjw,f,20,noindex,True,562946,563780,/,diamond.png,triangle.png,rect.png,circle.png,[255, 0, 0],[255, 255, 0],45,90,1,3,0,2,change_ori,/,0,testing
1,gjw,f,20,noindex,True,568540,570772,/,rect.png,triangle.png,circle.png,diamond.png,[0, 0, 255],[0, 255, 0],45,90,1,2,0,3,change_ori,/,2,testing
1,gjw,f,20,noindex,True,575486,576949,z,circle.png,triangle.png,rect.png,diamond.png,[0, 255, 0],[0, 0, 255],45,90,2,3,1,0,nochange_ori,z,2,testing
1,gjw,f,20,noindex,True,581597,583252,z,rect.png,triangle.png,circle.png,diamond.png,[255, 255, 0],[0, 0, 255],0,90,3,0,2,1,nochange_col,z,3,testing
1,gjw,f,20,noindex,True,587841,589060,/,rect.png,circle.png,diamond.png,triangle.png,[255, 0, 0],[255, 255, 0],90,45,3,1,0,2,change_col,/,3,testing
1,gjw,f,20,noindex,True,593835,597108,/,diamond.png,circle.png,rect.png,triangle.png,[0, 255, 0],[255, 255, 0],135,0,0,3,1,2,change_col,/,3,testing
1,gjw,f,20,noindex,True,601784,603076,z,rect.png,circle.png,triangle.png,diamond.png,[255, 255, 0],[0, 255, 0],0,90,0,3,1,2,nochange_col,z,1,testing
1,gjw,f,20,noindex,True,607794,609076,/,rect.png,diamond.png,triangle.png,circle.png,[255, 255, 0],[0, 0, 255],135,0,3,1,0,2,change_ori,/,2,testing
1,gjw,f,20,noindex,True,613823,616180,z,circle.png,diamond.png,rect.png,triangle.png,[255, 0, 0],[0, 255, 0],45,0,1,3,2,0,nochange_col,z,3,testing
1,gjw,f,20,noindex,True,620786,625667,z,diamond.png,rect.png,triangle.png,circle.png,[255, 255, 0],[0, 255, 0],45,0,2,0,3,1,nochange_col,z,3,testing
1,gjw,f,20,noindex,True,630252,631795,/,triangle.png,circle.png,diamond.png,rect.png,[255, 255, 0],[0, 0, 255],0,90,0,3,1,2,change_ori,/,0,testing
1,gjw,f,20,noindex,True,636547,637492,/,circle.png,triangle.png,rect.png,diamond.png,[0, 255, 0],[255, 255, 0],135,0,3,1,2,0,change_col,/,1,testing
1,gjw,f,20,noindex,True,642224,643684,/,triangle.png,diamond.png,circle.png,rect.png,[0, 255, 0],[255, 0, 0],45,0,3,0,1,2,change_col,/,1,testing
1,gjw,f,20,noindex,True,648319,653028,/,triangle.png,rect.png,circle.png,diamond.png,[255, 0, 0],[0, 0, 255],45,135,2,0,3,1,change_ori,/,2,testing
1,gjw,f,20,noindex,True,657603,659412,/,circle.png,rect.png,diamond.png,triangle.png,[0, 255, 0],[255, 255, 0],135,0,0,3,2,1,change_ori,/,2,testing
1,gjw,f,20,noindex,True,663998,665507,/,triangle.png,circle.png,rect.png,diamond.png,[0, 255, 0],[0, 0, 255],45,90,0,1,2,3,change_col,/,3,testing
1,gjw,f,20,noindex,True,670193,672963,/,rect.png,diamond.png,triangle.png,circle.png,[0, 255, 0],[0, 0, 255],45,135,0,2,1,3,change_col,/,3,testing
1,gjw,f,20,noindex,True,677540,679762,/,rect.png,diamond.png,triangle.png,circle.png,[0, 0, 255],[255, 0, 0],0,135,0,1,3,2,change_ori,/,2,testing
1,gjw,f,20,noindex,True,684335,686227,z,triangle.png,rect.png,diamond.png,circle.png,[0, 0, 255],[255, 255, 0],0,45,1,2,0,3,nochange_col,z,3,testing
1,gjw,f,20,noindex,True,744663,746050,z,circle.png,diamond.png,triangle.png,rect.png,[0, 0, 255],[255, 0, 0],45,90,0,1,3,2,nochange_col,z,1,testing
1,gjw,f,20,noindex,True,750723,752563,z,circle.png,triangle.png,rect.png,diamond.png,[0, 0, 255],[0, 255, 0],90,0,1,0,3,2,nochange_ori,z,2,testing
1,gjw,f,20,noindex,True,757252,758947,/,circle.png,triangle.png,diamond.png,rect.png,[0, 255, 0],[255, 0, 0],90,0,1,0,2,3,change_col,/,1,testing
1,gjw,f,20,noindex,True,763614,765266,z,diamond.png,circle.png,rect.png,triangle.png,[0, 0, 255],[255, 0, 0],135,0,3,1,2,0,nochange_ori,z,2,testing
1,gjw,f,20,noindex,True,770008,771987,/,triangle.png,diamond.png,rect.png,circle.png,[255, 255, 0],[0, 255, 0],0,45,3,0,1,2,change_ori,/,0,testing
1,gjw,f,20,noindex,True,776754,778674,z,triangle.png,diamond.png,circle.png,rect.png,[255, 0, 0],[0, 0, 255],135,90,0,3,1,2,nochange_col,z,1,testing
1,gjw,f,20,noindex,True,783266,785842,/,triangle.png,circle.png,rect.png,diamond.png,[0, 0, 255],[255, 0, 0],90,135,0,1,2,3,change_ori,/,2,testing
1,gjw,f,20,noindex,True,790413,792226,z,diamond.png,rect.png,triangle.png,circle.png,[0, 0, 255],[255, 0, 0],0,45,0,1,2,3,nochange_ori,z,2,testing
1,gjw,f,20,noindex,True,796841,799282,/,circle.png,triangle.png,rect.png,diamond.png,[0, 255, 0],[255, 255, 0],0,135,0,2,1,3,change_col,/,3,testing
1,gjw,f,20,noindex,True,804021,806258,z,triangle.png,rect.png,circle.png,diamond.png,[0, 255, 0],[0, 0, 255],0,135,3,1,0,2,nochange_ori,z,0,testing
1,gjw,f,20,noindex,True,810883,812722,z,triangle.png,rect.png,diamond.png,circle.png,[255, 255, 0],[0, 255, 0],135,0,2,3,0,1,nochange_ori,z,0,testing
1,gjw,f,20,noindex,True,817295,819762,/,diamond.png,circle.png,rect.png,triangle.png,[0, 0, 255],[255, 0, 0],90,135,3,1,2,0,change_ori,/,2,testing
1,gjw,f,20,noindex,True,824475,826242,/,triangle.png,rect.png,diamond.png,circle.png,[0, 0, 255],[255, 255, 0],45,90,3,1,0,2,change_ori,/,0,testing
1,gjw,f,20,noindex,True,830803,832690,z,diamond.png,rect.png,circle.png,triangle.png,[255, 255, 0],[0, 255, 0],90,45,2,3,1,0,nochange_col,z,1,testing
1,gjw,f,20,noindex,True,837298,839090,/,circle.png,triangle.png,rect.png,diamond.png,[255, 255, 0],[255, 0, 0],0,90,3,2,0,1,change_ori,/,0,testing
1,gjw,f,20,noindex,True,843844,845522,z,triangle.png,diamond.png,rect.png,circle.png,[0, 255, 0],[0, 0, 255],135,90,1,2,3,0,nochange_col,z,3,testing
1,gjw,f,20,noindex,True,850206,852258,z,rect.png,circle.png,triangle.png,diamond.png,[0, 0, 255],[255, 255, 0],90,0,2,1,3,0,nochange_ori,z,2,testing
1,gjw,f,20,noindex,True,856952,859138,/,diamond.png,rect.png,circle.png,triangle.png,[255, 0, 0],[255, 255, 0],135,90,0,1,3,2,change_col,/,1,testing
1,gjw,f,20,noindex,True,863781,865729,z,circle.png,rect.png,triangle.png,diamond.png,[255, 0, 0],[0, 255, 0],135,90,2,1,3,0,nochange_ori,z,0,testing
1,gjw,f,20,noindex,True,870342,872690,z,circle.png,diamond.png,rect.png,triangle.png,[255, 255, 0],[0, 255, 0],0,135,1,2,3,0,nochange_col,z,3,testing
1,gjw,f,20,noindex,True,877322,879345,z,rect.png,triangle.png,diamond.png,circle.png,[0, 0, 255],[255, 255, 0],45,90,3,2,1,0,nochange_col,z,3,testing
1,gjw,f,20,noindex,True,884017,885858,/,rect.png,diamond.png,triangle.png,circle.png,[0, 0, 255],[0, 255, 0],135,90,3,0,2,1,change_col,/,3,testing
1,gjw,f,20,noindex,True,890513,892433,z,triangle.png,circle.png,rect.png,diamond.png,[255, 0, 0],[0, 255, 0],0,45,1,2,0,3,nochange_ori,z,2,testing
1,gjw,f,20,noindex,True,897141,899490,/,diamond.png,triangle.png,circle.png,rect.png,[0, 0, 255],[0, 255, 0],135,45,1,3,0,2,change_col,/,3,testing
1,gjw,f,20,noindex,True,904221,905809,z,rect.png,triangle.png,circle.png,diamond.png,[0, 0, 255],[255, 255, 0],135,45,3,1,0,2,nochange_ori,z,0,testing
1,gjw,f,20,noindex,True,910433,912706,z,triangle.png,circle.png,diamond.png,rect.png,[255, 0, 0],[255, 255, 0],45,135,0,3,1,2,nochange_col,z,1,testing
1,gjw,f,20,noindex,True,917395,918866,z,rect.png,diamond.png,triangle.png,circle.png,[0, 255, 0],[255, 255, 0],90,0,0,2,1,3,nochange_col,z,3,testing
1,gjw,f,20,noindex,True,923624,929281,z,triangle.png,rect.png,diamond.png,circle.png,[255, 0, 0],[0, 0, 255],90,0,0,3,1,2,nochange_ori,z,0,testing
1,gjw,f,20,noindex,True,934009,934993,z,diamond.png,circle.png,triangle.png,rect.png,[0, 255, 0],[255, 255, 0],90,135,3,0,1,2,nochange_col,z,1,testing
1,gjw,f,20,noindex,True,939704,941473,/,diamond.png,triangle.png,circle.png,rect.png,[255, 255, 0],[0, 255, 0],45,90,1,3,0,2,change_col,/,3,testing
1,gjw,f,20,noindex,True,946165,947761,/,circle.png,triangle.png,rect.png,diamond.png,[0, 0, 255],[0, 255, 0],90,135,0,2,3,1,change_col,/,1,testing
1,gjw,f,20,noindex,True,952509,953889,z,rect.png,circle.png,diamond.png,triangle.png,[255, 0, 0],[255, 255, 0],45,90,3,1,2,0,nochange_ori,z,0,testing
1,gjw,f,20,noindex,True,958538,960721,/,rect.png,diamond.png,circle.png,triangle.png,[0, 255, 0],[255, 0, 0],90,0,2,3,0,1,change_col,/,3,testing
1,gjw,f,20,noindex,True,965350,966960,/,diamond.png,triangle.png,rect.png,circle.png,[0, 0, 255],[255, 0, 0],0,45,3,0,1,2,change_col,/,3,testing
1,gjw,f,20,noindex,True,971662,973649,z,triangle.png,circle.png,rect.png,diamond.png,[255, 255, 0],[0, 0, 255],45,0,1,0,2,3,nochange_ori,z,0,testing
1,gjw,f,20,noindex,True,978407,980161,/,diamond.png,triangle.png,circle.png,rect.png,[0, 0, 255],[0, 255, 0],45,135,3,1,2,0,change_col,/,3,testing
1,gjw,f,20,noindex,True,984835,987073,/,diamond.png,triangle.png,rect.png,circle.png,[0, 0, 255],[0, 255, 0],0,90,3,1,2,0,change_ori,/,0,testing
1,gjw,f,20,noindex,True,991648,993665,z,diamond.png,rect.png,triangle.png,circle.png,[0, 255, 0],[255, 255, 0],90,45,2,1,3,0,nochange_col,z,1,testing
1,gjw,f,20,noindex,True,998244,1000384,z,triangle.png,circle.png,diamond.png,rect.png,[255, 0, 0],[0, 0, 255],90,45,0,1,2,3,nochange_ori,z,2,testing
1,gjw,f,20,noindex,True,1004973,1006960,/,circle.png,triangle.png,diamond.png,rect.png,[255, 0, 0],[0, 255, 0],90,0,1,2,3,0,change_col,/,3,testing
1,gjw,f,20,noindex,True,1011718,1013520,z,circle.png,triangle.png,diamond.png,rect.png,[0, 0, 255],[255, 0, 0],0,45,3,1,2,0,nochange_ori,z,0,testing
1,gjw,f,20,noindex,True,1018280,1020193,/,rect.png,circle.png,diamond.png,triangle.png,[0, 255, 0],[255, 255, 0],0,90,2,3,0,1,change_ori,/,2,testing
1,gjw,f,20,noindex,True,1024842,1030544,/,triangle.png,rect.png,diamond.png,circle.png,[255, 255, 0],[0, 0, 255],0,90,1,0,3,2,change_ori,/,2,testing
1,gjw,f,20,noindex,True,1035111,1036784,/,rect.png,triangle.png,circle.png,diamond.png,[255, 0, 0],[0, 255, 0],135,45,1,0,2,3,change_col,/,3,testing
1,gjw,f,20,noindex,True,1041439,1043072,/,triangle.png,circle.png,diamond.png,rect.png,[0, 0, 255],[0, 255, 0],135,0,1,0,2,3,change_ori,/,0,testing
1,gjw,f,20,noindex,True,1047717,1051328,/,rect.png,triangle.png,diamond.png,circle.png,[255, 0, 0],[0, 0, 255],0,135,2,3,1,0,change_ori,/,2,testing
1,gjw,f,20,noindex,True,1055932,1057584,/,rect.png,diamond.png,circle.png,triangle.png,[0, 0, 255],[255, 255, 0],90,135,2,3,1,0,change_ori,/,2,testing
1,gjw,f,20,noindex,True,1062344,1064464,/,rect.png,triangle.png,diamond.png,circle.png,[0, 255, 0],[0, 0, 255],45,0,2,0,1,3,change_ori,/,2,testing
1,gjw,f,20,noindex,True,1069040,1070928,/,diamond.png,rect.png,triangle.png,circle.png,[255, 0, 0],[0, 255, 0],0,135,2,0,3,1,change_ori,/,0,testing
1,gjw,f,20,noindex,True,1075686,1078432,/,rect.png,triangle.png,circle.png,diamond.png,[0, 0, 255],[255, 255, 0],0,135,0,3,2,1,change_col,/,1,testing
1,gjw,f,20,noindex,True,1083066,1088639,/,diamond.png,rect.png,triangle.png,circle.png,[255, 255, 0],[0, 0, 255],45,90,0,2,3,1,change_ori,/,2,testing
1,gjw,f,20,noindex,True,1093368,1097040,/,triangle.png,diamond.png,rect.png,circle.png,[255, 0, 0],[0, 255, 0],90,135,3,1,2,0,change_col,/,3,testing
1,gjw,f,20,noindex,True,1101683,1103983,/,triangle.png,diamond.png,rect.png,circle.png,[0, 0, 255],[255, 255, 0],0,45,3,2,1,0,change_col,/,1,testing
1,gjw,f,20,noindex,True,1108663,1112192,/,circle.png,diamond.png,triangle.png,rect.png,[0, 255, 0],[255, 0, 0],0,45,1,2,3,0,change_ori,/,2,testing
1,gjw,f,20,noindex,True,1116828,1119152,z,diamond.png,circle.png,triangle.png,rect.png,[255, 255, 0],[255, 0, 0],90,45,2,1,0,3,nochange_ori,z,0,testing
1,gjw,f,20,noindex,True,1123874,1126368,z,diamond.png,rect.png,circle.png,triangle.png,[0, 255, 0],[255, 0, 0],90,45,1,0,2,3,nochange_col,z,3,testing
1,gjw,f,20,noindex,True,1131121,1132784,/,triangle.png,diamond.png,circle.png,rect.png,[0, 255, 0],[255, 255, 0],0,135,0,1,3,2,change_col,/,3,testing
1,gjw,f,20,noindex,True,1137465,1139167,z,circle.png,rect.png,triangle.png,diamond.png,[0, 0, 255],[0, 255, 0],45,0,2,0,1,3,nochange_col,z,3,testing
1,gjw,f,20,noindex,True,1143744,1145151,z,triangle.png,circle.png,rect.png,diamond.png,[255, 255, 0],[0, 255, 0],45,135,0,2,1,3,nochange_col,z,3,testing
1,gjw,f,20,noindex,True,1149822,1150576,z,triangle.png,rect.png,circle.png,diamond.png,[255, 255, 0],[0, 255, 0],90,135,1,0,2,3,nochange_col,z,1,testing
1,gjw,f,20,noindex,True,1155165,1157055,/,triangle.png,diamond.png,rect.png,circle.png,[255, 0, 0],[0, 0, 255],90,135,0,1,3,2,change_col,/,3,testing
1,gjw,f,20,noindex,True,1161743,1164832,z,triangle.png,rect.png,diamond.png,circle.png,[255, 255, 0],[0, 255, 0],0,45,3,2,1,0,nochange_col,z,3,testing
1,gjw,f,20,noindex,True,1169458,1172143,/,diamond.png,circle.png,triangle.png,rect.png,[0, 0, 255],[255, 0, 0],0,135,0,1,3,2,change_col,/,3,testing
1,gjw,f,20,noindex,True,1176837,1178031,z,circle.png,triangle.png,diamond.png,rect.png,[255, 255, 0],[255, 0, 0],90,45,3,1,0,2,nochange_col,z,3,testing
1,gjw,f,20,noindex,True,1182765,1185055,z,circle.png,rect.png,triangle.png,diamond.png,[255, 0, 0],[0, 255, 0],0,135,0,1,3,2,nochange_ori,z,0,testing
1,gjw,f,20,noindex,True,1189627,1192063,z,triangle.png,diamond.png,rect.png,circle.png,[255, 0, 0],[255, 255, 0],0,135,2,0,3,1,nochange_col,z,3,testing
1,gjw,f,20,noindex,True,1196673,1198958,z,triangle.png,diamond.png,rect.png,circle.png,[0, 255, 0],[255, 0, 0],90,45,3,0,2,1,nochange_col,z,3,testing
1,gjw,f,20,noindex,True,1203687,1206207,/,triangle.png,diamond.png,circle.png,rect.png,[255, 0, 0],[0, 0, 255],0,135,3,2,0,1,change_col,/,1,testing
1,gjw,f,20,noindex,True,1210883,1212462,z,circle.png,rect.png,triangle.png,diamond.png,[0, 255, 0],[0, 0, 255],45,135,3,2,1,0,nochange_col,z,1,testing
1,gjw,f,20,noindex,True,1217112,1218943,z,circle.png,diamond.png,rect.png,triangle.png,[0, 0, 255],[255, 255, 0],135,90,2,0,3,1,nochange_ori,z,0,testing
1,gjw,f,20,noindex,True,1223673,1224670,z,diamond.png,rect.png,circle.png,triangle.png,[255, 0, 0],[255, 255, 0],90,45,1,2,3,0,nochange_col,z,3,testing
1,gjw,f,20,noindex,True,1229417,1232045,/,diamond.png,circle.png,triangle.png,rect.png,[255, 0, 0],[0, 0, 255],90,135,3,2,0,1,nochange_ori,z,2,testing
1,gjw,f,20,noindex,True,1236731,1238575,/,rect.png,triangle.png,diamond.png,circle.png,[255, 255, 0],[0, 0, 255],135,90,2,3,1,0,change_col,/,1,testing
1,gjw,f,20,noindex,True,1243226,1245086,z,rect.png,triangle.png,circle.png,diamond.png,[0, 0, 255],[0, 255, 0],45,90,1,0,2,3,nochange_ori,z,0,testing
1,gjw,f,20,noindex,True,1249837,1251886,/,rect.png,circle.png,triangle.png,diamond.png,[0, 0, 255],[0, 255, 0],0,90,2,0,3,1,change_ori,/,0,testing
1,gjw,f,20,noindex,True,1256617,1257566,/,triangle.png,rect.png,diamond.png,circle.png,[0, 255, 0],[0, 0, 255],135,0,2,1,3,0,change_ori,/,2,testing
1,gjw,f,20,noindex,True,1262344,1264207,z,circle.png,triangle.png,rect.png,diamond.png,[255, 255, 0],[255, 0, 0],45,135,3,2,0,1,nochange_ori,z,2,testing
1,gjw,f,20,noindex,True,1268957,1270846,/,diamond.png,circle.png,triangle.png,rect.png,[255, 255, 0],[0, 0, 255],135,90,1,3,0,2,change_ori,/,0,testing
1,gjw,f,20,noindex,True,1275518,1278734,/,rect.png,diamond.png,circle.png,triangle.png,[0, 255, 0],[255, 0, 0],90,45,1,3,0,2,change_ori,/,0,testing
1,gjw,f,20,noindex,True,1283400,1285854,/,circle.png,diamond.png,rect.png,triangle.png,[0, 0, 255],[255, 255, 0],90,135,1,3,2,0,change_ori,/,2,testing
