subj,name,gender,age,cond,P_resp,P_startTime,P_respTime,P_gotKey,shape1,shape2,shape3,shape4,color1,color2,color3,color4ori1,ori2,ori3,ori4ord_1,ord_2,ord_3,ord_4,task,correct_key,no_change,mode
2,zys,f,20,noindex,True,73631,75278,z,diamond.png,rect.png,circle.png,triangle.png,[0, 255, 0],[255, 255, 0],135,45,2,0,3,1,nochange_ori,z,2,practice
2,zys,f,20,noindex,True,79926,80958,/,diamond.png,circle.png,triangle.png,rect.png,[0, 255, 0],[0, 0, 255],45,135,3,1,0,2,change_ori,/,2,practice
2,zys,f,20,noindex,True,85536,86654,z,rect.png,diamond.png,triangle.png,circle.png,[0, 255, 0],[255, 255, 0],45,0,2,1,3,0,nochange_ori,z,2,practice
2,zys,f,20,noindex,True,91430,91902,/,diamond.png,triangle.png,rect.png,circle.png,[0, 0, 255],[255, 0, 0],0,45,2,3,0,1,change_col,/,1,practice
2,zys,f,20,noindex,True,96539,97438,/,triangle.png,rect.png,diamond.png,circle.png,[255, 0, 0],[255, 255, 0],135,45,1,0,3,2,change_col,/,3,practice
2,zys,f,20,noindex,True,102133,102798,z,triangle.png,diamond.png,rect.png,circle.png,[0, 0, 255],[255, 0, 0],135,90,1,0,2,3,nochange_col,z,3,practice
2,zys,f,20,noindex,True,107376,108989,/,diamond.png,rect.png,triangle.png,circle.png,[0, 255, 0],[0, 0, 255],135,0,0,3,2,1,change_ori,/,2,practice
2,zys,f,20,noindex,True,113554,114702,z,diamond.png,rect.png,triangle.png,circle.png,[255, 255, 0],[0, 255, 0],45,90,0,1,3,2,nochange_ori,z,0,practice
2,zys,f,20,noindex,True,119381,120110,/,rect.png,diamond.png,circle.png,triangle.png,[255, 0, 0],[0, 255, 0],45,135,1,0,2,3,change_ori,/,2,practice
2,zys,f,20,noindex,True,124824,125614,/,circle.png,rect.png,triangle.png,diamond.png,[255, 255, 0],[0, 0, 255],90,135,1,3,0,2,change_col,/,3,practice
2,zys,f,20,noindex,True,130334,133470,/,circle.png,diamond.png,rect.png,triangle.png,[255, 255, 0],[0, 0, 255],90,135,1,2,3,0,change_col,/,3,practice
2,zys,f,20,noindex,True,138233,139182,z,circle.png,rect.png,diamond.png,triangle.png,[0, 255, 0],[0, 0, 255],135,0,0,1,3,2,nochange_ori,z,2,practice
2,zys,f,20,noindex,True,143826,144909,/,triangle.png,circle.png,rect.png,diamond.png,[255, 255, 0],[255, 0, 0],90,0,2,1,3,0,change_ori,/,2,practice
2,zys,f,20,noindex,True,149653,150270,/,triangle.png,diamond.png,rect.png,circle.png,[0, 0, 255],[255, 0, 0],45,135,0,1,3,2,change_ori,/,0,practice
2,zys,f,20,noindex,True,155030,155758,z,circle.png,rect.png,diamond.png,triangle.png,[255, 255, 0],[0, 0, 255],90,135,0,1,3,2,nochange_col,z,1,practice
2,zys,f,20,noindex,True,160507,161166,z,circle.png,triangle.png,rect.png,diamond.png,[255, 255, 0],[255, 0, 0],0,45,1,0,2,3,nochange_col,z,1,practice
2,zys,f,20,noindex,True,165749,166542,/,rect.png,circle.png,diamond.png,triangle.png,[255, 0, 0],[0, 255, 0],0,45,1,2,3,0,change_col,/,1,practice
2,zys,f,20,noindex,True,171176,171821,z,diamond.png,triangle.png,rect.png,circle.png,[0, 255, 0],[255, 0, 0],135,45,3,2,0,1,nochange_col,z,1,practice
2,zys,f,20,noindex,True,176451,177134,z,rect.png,triangle.png,circle.png,diamond.png,[0, 0, 255],[255, 0, 0],0,45,3,0,1,2,nochange_col,z,1,practice
2,zys,f,20,noindex,True,181729,184285,z,rect.png,triangle.png,circle.png,diamond.png,[0, 255, 0],[255, 255, 0],45,90,3,0,2,1,nochange_ori,z,0,practice
2,zys,f,20,noindex,True,191329,191949,z,circle.png,rect.png,diamond.png,triangle.png,[0, 255, 0],[255, 255, 0],0,90,0,2,3,1,nochange_col,z,1,testing
2,zys,f,20,noindex,True,196556,197533,z,circle.png,triangle.png,diamond.png,rect.png,[0, 255, 0],[255, 0, 0],0,135,2,3,0,1,nochange_ori,z,0,testing
2,zys,f,20,noindex,True,202183,203438,/,triangle.png,diamond.png,rect.png,circle.png,[255, 255, 0],[0, 0, 255],45,135,2,1,0,3,change_ori,/,0,testing
2,zys,f,20,noindex,True,208193,209390,z,diamond.png,circle.png,rect.png,triangle.png,[255, 0, 0],[0, 0, 255],0,90,3,1,2,0,nochange_ori,z,2,testing
2,zys,f,20,noindex,True,214038,215102,z,diamond.png,circle.png,rect.png,triangle.png,[255, 255, 0],[0, 0, 255],135,45,3,2,0,1,nochange_ori,z,0,testing
2,zys,f,20,noindex,True,219798,220541,z,triangle.png,diamond.png,rect.png,circle.png,[0, 255, 0],[255, 255, 0],45,90,3,2,0,1,nochange_col,z,1,testing
2,zys,f,20,noindex,True,225125,225837,/,diamond.png,rect.png,circle.png,triangle.png,[255, 0, 0],[0, 255, 0],0,45,3,2,0,1,change_col,/,3,testing
2,zys,f,20,noindex,True,230435,231085,z,diamond.png,triangle.png,rect.png,circle.png,[0, 0, 255],[255, 0, 0],135,90,1,0,3,2,nochange_col,z,3,testing
2,zys,f,20,noindex,True,235661,236381,z,rect.png,circle.png,diamond.png,triangle.png,[0, 0, 255],[255, 0, 0],90,135,3,0,1,2,nochange_col,z,1,testing
2,zys,f,20,noindex,True,241054,242077,z,diamond.png,triangle.png,rect.png,circle.png,[0, 255, 0],[0, 0, 255],45,90,3,0,2,1,nochange_ori,z,2,testing
2,zys,f,20,noindex,True,246831,247741,z,diamond.png,circle.png,rect.png,triangle.png,[255, 0, 0],[0, 0, 255],45,135,2,1,3,0,nochange_col,z,1,testing
2,zys,f,20,noindex,True,252324,253036,z,diamond.png,circle.png,rect.png,triangle.png,[255, 0, 0],[0, 0, 255],45,135,1,0,2,3,nochange_col,z,1,testing
2,zys,f,20,noindex,True,257751,258397,/,circle.png,diamond.png,rect.png,triangle.png,[0, 255, 0],[0, 0, 255],135,90,1,0,2,3,change_col,/,1,testing
2,zys,f,20,noindex,True,263111,264333,/,rect.png,diamond.png,triangle.png,circle.png,[0, 255, 0],[0, 0, 255],90,45,1,2,0,3,change_ori,/,2,testing
2,zys,f,20,noindex,True,269072,269837,/,circle.png,triangle.png,diamond.png,rect.png,[255, 255, 0],[0, 255, 0],0,135,1,0,3,2,change_col,/,1,testing
2,zys,f,20,noindex,True,274432,275149,/,rect.png,diamond.png,triangle.png,circle.png,[255, 255, 0],[255, 0, 0],45,90,2,0,3,1,change_col,/,3,testing
2,zys,f,20,noindex,True,279892,280413,/,triangle.png,diamond.png,circle.png,rect.png,[255, 0, 0],[0, 0, 255],135,45,1,3,2,0,change_col,/,3,testing
2,zys,f,20,noindex,True,285185,285789,z,rect.png,circle.png,triangle.png,diamond.png,[255, 0, 0],[0, 0, 255],45,90,3,2,1,0,nochange_col,z,3,testing
2,zys,f,20,noindex,True,290378,291645,/,rect.png,diamond.png,triangle.png,circle.png,[0, 0, 255],[255, 255, 0],90,135,2,3,0,1,change_ori,/,2,testing
2,zys,f,20,noindex,True,296255,297340,z,rect.png,circle.png,diamond.png,triangle.png,[255, 0, 0],[0, 0, 255],45,135,1,2,3,0,nochange_ori,z,0,testing
2,zys,f,20,noindex,True,301999,302620,z,triangle.png,rect.png,diamond.png,circle.png,[0, 255, 0],[0, 0, 255],0,135,0,1,3,2,nochange_col,z,3,testing
2,zys,f,20,noindex,True,307226,307996,z,circle.png,triangle.png,rect.png,diamond.png,[0, 255, 0],[255, 0, 0],135,0,0,2,1,3,nochange_col,z,3,testing
2,zys,f,20,noindex,True,312669,313628,z,circle.png,rect.png,diamond.png,triangle.png,[255, 255, 0],[0, 0, 255],0,45,2,0,1,3,nochange_ori,z,0,testing
2,zys,f,20,noindex,True,318195,319149,/,triangle.png,diamond.png,rect.png,circle.png,[0, 0, 255],[255, 0, 0],90,0,0,2,3,1,change_ori,/,2,testing
2,zys,f,20,noindex,True,323856,324397,/,rect.png,diamond.png,circle.png,triangle.png,[0, 255, 0],[0, 0, 255],45,135,0,1,3,2,change_col,/,3,testing
2,zys,f,20,noindex,True,329165,330076,z,diamond.png,rect.png,circle.png,triangle.png,[0, 0, 255],[0, 255, 0],0,90,0,3,1,2,nochange_ori,z,0,testing
2,zys,f,20,noindex,True,334826,335580,z,circle.png,triangle.png,diamond.png,rect.png,[0, 255, 0],[255, 255, 0],45,0,1,3,2,0,nochange_ori,z,2,testing
2,zys,f,20,noindex,True,340319,341212,z,diamond.png,circle.png,rect.png,triangle.png,[0, 255, 0],[0, 0, 255],135,0,1,0,3,2,nochange_col,z,3,testing
2,zys,f,20,noindex,True,345946,346748,z,diamond.png,circle.png,triangle.png,rect.png,[0, 0, 255],[255, 0, 0],0,135,3,0,1,2,nochange_ori,z,2,testing
2,zys,f,20,noindex,True,351440,352444,z,circle.png,diamond.png,rect.png,triangle.png,[0, 255, 0],[0, 0, 255],0,45,2,1,0,3,nochange_col,z,1,testing
2,zys,f,20,noindex,True,357116,358460,/,triangle.png,diamond.png,rect.png,circle.png,[0, 0, 255],[255, 0, 0],45,0,0,1,2,3,change_ori,/,2,testing
2,zys,f,20,noindex,True,363044,363756,z,triangle.png,diamond.png,circle.png,rect.png,[255, 0, 0],[0, 0, 255],0,90,0,2,1,3,nochange_col,z,3,testing
2,zys,f,20,noindex,True,368337,368892,/,circle.png,diamond.png,triangle.png,rect.png,[0, 255, 0],[255, 255, 0],0,90,2,0,1,3,change_col,/,3,testing
2,zys,f,20,noindex,True,373463,374396,z,circle.png,rect.png,triangle.png,diamond.png,[0, 0, 255],[255, 255, 0],90,45,2,1,0,3,nochange_ori,z,2,testing
2,zys,f,20,noindex,True,379174,379803,/,rect.png,diamond.png,circle.png,triangle.png,[255, 255, 0],[255, 0, 0],90,0,1,3,0,2,change_col,/,3,testing
2,zys,f,20,noindex,True,384533,385228,z,triangle.png,circle.png,rect.png,diamond.png,[255, 0, 0],[0, 0, 255],90,135,3,0,1,2,nochange_col,z,1,testing
2,zys,f,20,noindex,True,389826,390763,z,rect.png,diamond.png,circle.png,triangle.png,[0, 0, 255],[255, 255, 0],45,90,3,2,1,0,nochange_ori,z,0,testing
2,zys,f,20,noindex,True,395420,396332,/,rect.png,triangle.png,circle.png,diamond.png,[255, 0, 0],[0, 255, 0],90,135,0,3,1,2,change_ori,/,0,testing
2,zys,f,20,noindex,True,401014,402012,/,circle.png,diamond.png,rect.png,triangle.png,[0, 0, 255],[0, 255, 0],45,90,3,1,0,2,change_ori,/,2,testing
2,zys,f,20,noindex,True,406657,407292,/,circle.png,rect.png,triangle.png,diamond.png,[255, 255, 0],[0, 255, 0],135,0,3,2,1,0,change_col,/,3,testing
2,zys,f,20,noindex,True,411884,412540,z,triangle.png,diamond.png,circle.png,rect.png,[255, 255, 0],[255, 0, 0],45,90,3,1,0,2,nochange_col,z,1,testing
2,zys,f,20,noindex,True,417210,418251,/,rect.png,triangle.png,diamond.png,circle.png,[0, 0, 255],[0, 255, 0],0,45,2,3,1,0,change_ori,/,0,testing
2,zys,f,20,noindex,True,422987,423964,/,diamond.png,triangle.png,circle.png,rect.png,[255, 0, 0],[0, 0, 255],0,45,2,3,0,1,change_ori,/,0,testing
2,zys,f,20,noindex,True,428681,429484,/,triangle.png,rect.png,diamond.png,circle.png,[0, 255, 0],[255, 0, 0],90,45,3,0,1,2,change_col,/,3,testing
2,zys,f,20,noindex,True,434141,435115,/,rect.png,diamond.png,triangle.png,circle.png,[0, 255, 0],[255, 255, 0],45,135,0,1,2,3,change_col,/,1,testing
2,zys,f,20,noindex,True,439718,440635,/,rect.png,circle.png,diamond.png,triangle.png,[255, 0, 0],[0, 0, 255],45,90,1,3,2,0,change_col,/,1,testing
2,zys,f,20,noindex,True,445378,446331,/,rect.png,triangle.png,circle.png,diamond.png,[0, 255, 0],[0, 0, 255],0,135,2,0,3,1,change_ori,/,0,testing
2,zys,f,20,noindex,True,451072,451499,/,diamond.png,circle.png,triangle.png,rect.png,[0, 0, 255],[255, 0, 0],45,90,2,0,3,1,change_col,/,3,testing
2,zys,f,20,noindex,True,456098,457115,z,diamond.png,triangle.png,rect.png,circle.png,[0, 0, 255],[255, 0, 0],0,90,1,3,0,2,nochange_ori,z,0,testing
2,zys,f,20,noindex,True,461708,462651,z,triangle.png,circle.png,rect.png,diamond.png,[0, 255, 0],[255, 255, 0],45,135,3,1,2,0,nochange_col,z,1,testing
2,zys,f,20,noindex,True,467219,468316,/,rect.png,diamond.png,circle.png,triangle.png,[0, 0, 255],[255, 255, 0],0,90,2,1,3,0,change_ori,/,2,testing
2,zys,f,20,noindex,True,472979,473675,/,rect.png,circle.png,triangle.png,diamond.png,[0, 255, 0],[0, 0, 255],45,0,1,2,0,3,nochange_ori,z,2,testing
2,zys,f,20,noindex,True,478389,478971,/,circle.png,triangle.png,diamond.png,rect.png,[0, 255, 0],[255, 255, 0],135,90,0,2,3,1,change_col,/,1,testing
2,zys,f,20,noindex,True,483615,484299,/,circle.png,diamond.png,triangle.png,rect.png,[0, 0, 255],[255, 255, 0],135,45,1,0,2,3,change_col,/,1,testing
2,zys,f,20,noindex,True,488991,489755,z,circle.png,diamond.png,triangle.png,rect.png,[0, 0, 255],[255, 255, 0],90,135,0,2,3,1,nochange_col,z,1,testing
2,zys,f,20,noindex,True,494451,495803,z,diamond.png,circle.png,rect.png,triangle.png,[255, 255, 0],[0, 0, 255],90,45,1,0,2,3,nochange_ori,z,0,testing
2,zys,f,20,noindex,True,500546,501402,z,diamond.png,triangle.png,rect.png,circle.png,[0, 0, 255],[255, 255, 0],0,45,2,0,1,3,nochange_col,z,1,testing
2,zys,f,20,noindex,True,506107,506778,z,rect.png,circle.png,triangle.png,diamond.png,[255, 0, 0],[0, 255, 0],90,0,0,1,2,3,nochange_ori,z,2,testing
2,zys,f,20,noindex,True,511416,512570,z,triangle.png,diamond.png,circle.png,rect.png,[255, 0, 0],[0, 255, 0],0,135,3,0,2,1,nochange_ori,z,0,testing
2,zys,f,20,noindex,True,517210,518091,/,diamond.png,circle.png,rect.png,triangle.png,[255, 0, 0],[0, 0, 255],45,0,3,2,1,0,change_ori,/,0,testing
2,zys,f,20,noindex,True,522820,523499,/,triangle.png,rect.png,diamond.png,circle.png,[255, 255, 0],[255, 0, 0],45,0,3,2,1,0,change_ori,/,0,testing
2,zys,f,20,noindex,True,528097,528811,z,circle.png,diamond.png,rect.png,triangle.png,[255, 0, 0],[0, 0, 255],90,45,0,1,2,3,nochange_col,z,1,testing
2,zys,f,20,noindex,True,533540,534170,/,diamond.png,triangle.png,rect.png,circle.png,[0, 255, 0],[255, 255, 0],135,90,0,1,2,3,change_col,/,1,testing
2,zys,f,20,noindex,True,538766,539418,/,circle.png,diamond.png,triangle.png,rect.png,[0, 0, 255],[0, 255, 0],0,45,3,2,0,1,change_col,/,3,testing
2,zys,f,20,noindex,True,544110,545130,z,circle.png,rect.png,diamond.png,triangle.png,[255, 255, 0],[0, 0, 255],45,90,1,3,0,2,nochange_ori,z,0,testing
2,zys,f,20,noindex,True,549770,550778,/,diamond.png,rect.png,circle.png,triangle.png,[255, 255, 0],[0, 0, 255],90,0,0,1,2,3,change_ori,/,2,testing
2,zys,f,20,noindex,True,555514,556202,z,rect.png,circle.png,diamond.png,triangle.png,[255, 0, 0],[0, 255, 0],0,45,2,1,0,3,nochange_col,z,3,testing
2,zys,f,20,noindex,True,560823,561899,/,diamond.png,triangle.png,rect.png,circle.png,[255, 255, 0],[0, 0, 255],0,135,0,1,3,2,change_col,/,1,testing
2,zys,f,20,noindex,True,566517,567994,/,circle.png,triangle.png,diamond.png,rect.png,[0, 255, 0],[255, 255, 0],135,90,0,1,2,3,change_ori,/,2,testing
2,zys,f,20,noindex,True,572578,573227,z,circle.png,rect.png,triangle.png,diamond.png,[255, 255, 0],[255, 0, 0],0,45,2,1,0,3,nochange_col,z,3,testing
2,zys,f,20,noindex,True,577938,579114,/,diamond.png,circle.png,rect.png,triangle.png,[0, 0, 255],[255, 255, 0],45,90,3,2,1,0,change_ori,/,0,testing
2,zys,f,20,noindex,True,583865,584651,/,triangle.png,diamond.png,rect.png,circle.png,[255, 0, 0],[0, 0, 255],90,0,2,3,1,0,change_ori,/,0,testing
2,zys,f,20,noindex,True,589359,589979,/,diamond.png,circle.png,triangle.png,rect.png,[255, 255, 0],[255, 0, 0],45,135,1,0,3,2,change_ori,/,2,testing
2,zys,f,20,noindex,True,594602,595898,z,diamond.png,circle.png,triangle.png,rect.png,[0, 255, 0],[0, 0, 255],135,45,0,3,1,2,nochange_ori,z,0,testing
2,zys,f,20,noindex,True,600629,601514,z,rect.png,diamond.png,triangle.png,circle.png,[0, 0, 255],[255, 0, 0],0,135,0,3,1,2,nochange_ori,z,0,testing
2,zys,f,20,noindex,True,606274,607274,/,rect.png,diamond.png,circle.png,triangle.png,[255, 255, 0],[255, 0, 0],135,90,0,3,2,1,change_ori,/,0,testing
2,zys,f,20,noindex,True,612000,612682,/,rect.png,diamond.png,triangle.png,circle.png,[0, 0, 255],[255, 255, 0],0,45,3,2,1,0,change_col,/,1,testing
2,zys,f,20,noindex,True,617427,618794,z,triangle.png,rect.png,diamond.png,circle.png,[0, 0, 255],[255, 0, 0],135,45,0,1,3,2,nochange_ori,z,2,testing
2,zys,f,20,noindex,True,623555,624170,/,diamond.png,circle.png,triangle.png,rect.png,[0, 255, 0],[0, 0, 255],135,90,2,1,3,0,change_col,/,1,testing
2,zys,f,20,noindex,True,628882,629994,/,triangle.png,circle.png,rect.png,diamond.png,[255, 255, 0],[0, 255, 0],90,45,0,2,1,3,change_ori,/,2,testing
2,zys,f,20,noindex,True,656315,657049,z,diamond.png,rect.png,triangle.png,circle.png,[0, 255, 0],[255, 255, 0],45,90,2,0,1,3,nochange_col,z,1,testing
2,zys,f,20,noindex,True,661675,662361,/,diamond.png,rect.png,circle.png,triangle.png,[255, 255, 0],[0, 0, 255],45,135,3,2,1,0,change_ori,/,0,testing
2,zys,f,20,noindex,True,666935,667562,/,triangle.png,circle.png,rect.png,diamond.png,[0, 255, 0],[0, 0, 255],135,45,3,1,2,0,change_col,/,1,testing
2,zys,f,20,noindex,True,672261,673097,/,triangle.png,rect.png,circle.png,diamond.png,[255, 0, 0],[0, 255, 0],135,0,3,0,1,2,change_ori,/,2,testing
2,zys,f,20,noindex,True,677737,678345,/,triangle.png,circle.png,rect.png,diamond.png,[255, 255, 0],[255, 0, 0],90,45,3,2,1,0,change_col,/,1,testing
2,zys,f,20,noindex,True,682931,683401,/,rect.png,circle.png,triangle.png,diamond.png,[0, 0, 255],[0, 255, 0],45,0,0,2,3,1,change_col,/,3,testing
2,zys,f,20,noindex,True,688123,688713,z,diamond.png,circle.png,rect.png,triangle.png,[255, 255, 0],[0, 0, 255],45,90,0,2,3,1,nochange_col,z,1,testing
2,zys,f,20,noindex,True,693416,694057,/,triangle.png,circle.png,diamond.png,rect.png,[255, 255, 0],[255, 0, 0],0,90,1,3,0,2,change_ori,/,0,testing
2,zys,f,20,noindex,True,698693,699305,/,triangle.png,rect.png,diamond.png,circle.png,[0, 0, 255],[255, 0, 0],0,135,0,2,3,1,change_col,/,1,testing
2,zys,f,20,noindex,True,703936,704969,z,diamond.png,triangle.png,rect.png,circle.png,[255, 255, 0],[0, 0, 255],0,135,0,2,1,3,nochange_ori,z,2,testing
2,zys,f,20,noindex,True,709662,710345,/,rect.png,circle.png,diamond.png,triangle.png,[0, 255, 0],[255, 255, 0],135,45,3,1,2,0,change_ori,/,2,testing
2,zys,f,20,noindex,True,714922,715545,/,circle.png,triangle.png,diamond.png,rect.png,[255, 255, 0],[255, 0, 0],45,0,3,1,0,2,change_col,/,1,testing
2,zys,f,20,noindex,True,720132,720809,/,rect.png,diamond.png,triangle.png,circle.png,[255, 255, 0],[0, 255, 0],45,90,1,2,3,0,change_col,/,3,testing
2,zys,f,20,noindex,True,725408,726248,/,triangle.png,circle.png,rect.png,diamond.png,[255, 255, 0],[255, 0, 0],135,90,1,3,2,0,nochange_col,z,1,testing
2,zys,f,20,noindex,True,730918,732696,/,rect.png,triangle.png,circle.png,diamond.png,[0, 255, 0],[255, 0, 0],45,0,2,0,3,1,change_ori,/,2,testing
2,zys,f,20,noindex,True,737330,737865,z,diamond.png,triangle.png,circle.png,rect.png,[0, 255, 0],[255, 255, 0],90,135,3,1,2,0,nochange_col,z,3,testing
2,zys,f,20,noindex,True,742607,744297,/,rect.png,triangle.png,diamond.png,circle.png,[255, 0, 0],[0, 0, 255],90,135,2,0,1,3,change_ori,/,0,testing
2,zys,f,20,noindex,True,748901,749689,/,triangle.png,rect.png,diamond.png,circle.png,[0, 255, 0],[255, 255, 0],90,0,1,0,3,2,change_ori,/,2,testing
2,zys,f,20,noindex,True,754261,754952,z,rect.png,triangle.png,circle.png,diamond.png,[0, 0, 255],[255, 0, 0],0,135,0,3,2,1,nochange_col,z,3,testing
2,zys,f,20,noindex,True,759704,760616,z,rect.png,diamond.png,triangle.png,circle.png,[255, 0, 0],[255, 255, 0],45,135,1,2,0,3,nochange_ori,z,2,testing
2,zys,f,20,noindex,True,765348,766521,/,triangle.png,diamond.png,rect.png,circle.png,[255, 0, 0],[255, 255, 0],135,90,2,0,3,1,change_ori,/,2,testing
2,zys,f,20,noindex,True,771158,771817,z,triangle.png,circle.png,rect.png,diamond.png,[0, 255, 0],[0, 0, 255],90,45,2,0,1,3,nochange_col,z,3,testing
2,zys,f,20,noindex,True,776485,777160,z,circle.png,triangle.png,rect.png,diamond.png,[255, 255, 0],[255, 0, 0],90,0,3,2,1,0,nochange_ori,z,0,testing
2,zys,f,20,noindex,True,781795,782456,z,rect.png,diamond.png,circle.png,triangle.png,[255, 0, 0],[0, 255, 0],90,135,3,1,2,0,nochange_col,z,3,testing
2,zys,f,20,noindex,True,787037,787832,z,diamond.png,triangle.png,circle.png,rect.png,[255, 255, 0],[0, 255, 0],135,90,0,3,1,2,nochange_col,z,3,testing
2,zys,f,20,noindex,True,792464,793353,/,diamond.png,rect.png,circle.png,triangle.png,[255, 0, 0],[255, 255, 0],45,90,3,1,0,2,change_col,/,3,testing
2,zys,f,20,noindex,True,798025,798680,z,rect.png,diamond.png,circle.png,triangle.png,[0, 0, 255],[0, 255, 0],45,90,1,2,0,3,nochange_col,z,3,testing
2,zys,f,20,noindex,True,803284,804152,/,diamond.png,circle.png,triangle.png,rect.png,[255, 0, 0],[255, 255, 0],45,90,1,2,3,0,change_ori,/,0,testing
2,zys,f,20,noindex,True,808827,809943,z,triangle.png,diamond.png,rect.png,circle.png,[255, 255, 0],[0, 0, 255],45,135,1,2,3,0,nochange_ori,z,0,testing
2,zys,f,20,noindex,True,814606,815239,/,triangle.png,circle.png,diamond.png,rect.png,[255, 0, 0],[255, 255, 0],90,0,2,0,1,3,change_col,/,1,testing
2,zys,f,20,noindex,True,819914,820536,z,triangle.png,circle.png,rect.png,diamond.png,[255, 255, 0],[0, 255, 0],0,45,2,3,1,0,nochange_ori,z,0,testing
2,zys,f,20,noindex,True,825291,825864,z,diamond.png,circle.png,triangle.png,rect.png,[255, 0, 0],[0, 0, 255],90,0,0,1,2,3,nochange_col,z,3,testing
2,zys,f,20,noindex,True,830534,831192,/,circle.png,diamond.png,triangle.png,rect.png,[0, 0, 255],[255, 255, 0],90,45,2,0,1,3,change_col,/,1,testing
2,zys,f,20,noindex,True,835794,836376,z,circle.png,rect.png,diamond.png,triangle.png,[255, 0, 0],[0, 255, 0],45,135,0,2,1,3,nochange_col,z,1,testing
2,zys,f,20,noindex,True,841020,841704,z,diamond.png,triangle.png,circle.png,rect.png,[0, 255, 0],[255, 255, 0],90,0,2,1,0,3,nochange_ori,z,2,testing
2,zys,f,20,noindex,True,846413,847287,/,diamond.png,rect.png,circle.png,triangle.png,[255, 0, 0],[0, 255, 0],45,90,3,2,1,0,change_ori,/,0,testing
2,zys,f,20,noindex,True,851873,852552,/,diamond.png,triangle.png,circle.png,rect.png,[255, 0, 0],[0, 0, 255],90,0,3,1,2,0,change_col,/,3,testing
2,zys,f,20,noindex,True,857199,857831,/,circle.png,diamond.png,rect.png,triangle.png,[0, 255, 0],[255, 0, 0],45,135,3,2,1,0,change_col,/,3,testing
2,zys,f,20,noindex,True,862409,863575,/,rect.png,diamond.png,circle.png,triangle.png,[255, 0, 0],[0, 0, 255],90,45,2,0,3,1,change_ori,/,2,testing
2,zys,f,20,noindex,True,868287,869272,z,rect.png,diamond.png,circle.png,triangle.png,[255, 255, 0],[0, 255, 0],45,90,0,2,3,1,nochange_ori,z,0,testing
2,zys,f,20,noindex,True,873947,875287,z,circle.png,rect.png,diamond.png,triangle.png,[255, 0, 0],[255, 255, 0],90,135,3,2,0,1,nochange_ori,z,2,testing
2,zys,f,20,noindex,True,879925,882424,/,rect.png,circle.png,triangle.png,diamond.png,[255, 255, 0],[255, 0, 0],135,0,2,1,0,3,change_ori,/,0,testing
2,zys,f,20,noindex,True,887105,888247,z,triangle.png,diamond.png,circle.png,rect.png,[0, 0, 255],[0, 255, 0],90,45,0,3,2,1,nochange_ori,z,2,testing
2,zys,f,20,noindex,True,892899,893575,z,triangle.png,rect.png,diamond.png,circle.png,[255, 0, 0],[255, 255, 0],0,90,1,0,3,2,nochange_col,z,3,testing
2,zys,f,20,noindex,True,898258,898999,z,triangle.png,rect.png,circle.png,diamond.png,[0, 0, 255],[255, 255, 0],90,0,1,2,0,3,nochange_ori,z,2,testing
2,zys,f,20,noindex,True,903685,904359,/,diamond.png,rect.png,triangle.png,circle.png,[0, 0, 255],[255, 255, 0],0,90,1,2,0,3,change_ori,/,2,testing
2,zys,f,20,noindex,True,908994,909879,/,triangle.png,circle.png,diamond.png,rect.png,[0, 0, 255],[255, 0, 0],0,45,1,2,3,0,nochange_col,z,1,testing
2,zys,f,20,noindex,True,914522,915143,z,circle.png,rect.png,diamond.png,triangle.png,[255, 0, 0],[255, 255, 0],135,45,0,1,3,2,nochange_col,z,1,testing
2,zys,f,20,noindex,True,919864,920614,/,diamond.png,circle.png,rect.png,triangle.png,[255, 255, 0],[0, 255, 0],0,90,0,2,1,3,change_col,/,3,testing
2,zys,f,20,noindex,True,925208,925927,z,circle.png,triangle.png,rect.png,diamond.png,[255, 255, 0],[0, 0, 255],135,45,1,2,3,0,nochange_col,z,1,testing
2,zys,f,20,noindex,True,930534,931480,/,triangle.png,circle.png,diamond.png,rect.png,[255, 0, 0],[255, 255, 0],135,0,3,2,0,1,change_ori,/,2,testing
2,zys,f,20,noindex,True,936044,936727,z,rect.png,circle.png,diamond.png,triangle.png,[0, 255, 0],[255, 255, 0],135,45,2,0,1,3,nochange_ori,z,0,testing
2,zys,f,20,noindex,True,941421,942535,z,circle.png,triangle.png,diamond.png,rect.png,[255, 255, 0],[255, 0, 0],45,135,0,1,3,2,nochange_ori,z,0,testing
2,zys,f,20,noindex,True,947164,947879,/,triangle.png,diamond.png,rect.png,circle.png,[0, 0, 255],[255, 255, 0],45,90,1,2,3,0,change_col,/,3,testing
2,zys,f,20,noindex,True,952457,953206,z,triangle.png,rect.png,circle.png,diamond.png,[0, 255, 0],[0, 0, 255],45,90,3,0,2,1,nochange_ori,z,2,testing
2,zys,f,20,noindex,True,957784,958567,z,circle.png,diamond.png,rect.png,triangle.png,[0, 255, 0],[255, 255, 0],90,0,0,2,3,1,nochange_col,z,1,testing
2,zys,f,20,noindex,True,963311,964070,/,triangle.png,diamond.png,circle.png,rect.png,[255, 0, 0],[255, 255, 0],90,0,0,1,2,3,change_col,/,1,testing
2,zys,f,20,noindex,True,968804,969431,/,circle.png,triangle.png,diamond.png,rect.png,[0, 255, 0],[255, 0, 0],45,90,1,0,2,3,change_col,/,3,testing
2,zys,f,20,noindex,True,974113,974966,z,rect.png,circle.png,diamond.png,triangle.png,[255, 255, 0],[255, 0, 0],45,0,0,2,1,3,nochange_ori,z,0,testing
2,zys,f,20,noindex,True,979574,980310,/,circle.png,diamond.png,triangle.png,rect.png,[255, 0, 0],[0, 255, 0],135,45,0,1,2,3,change_ori,/,0,testing
2,zys,f,20,noindex,True,985051,985894,z,rect.png,diamond.png,triangle.png,circle.png,[0, 0, 255],[0, 255, 0],0,90,1,2,3,0,nochange_ori,z,0,testing
2,zys,f,20,noindex,True,990644,991670,z,circle.png,triangle.png,rect.png,diamond.png,[255, 255, 0],[0, 0, 255],90,135,3,2,1,0,nochange_col,z,3,testing
2,zys,f,20,noindex,True,996388,997126,z,diamond.png,triangle.png,circle.png,rect.png,[0, 255, 0],[0, 0, 255],135,0,1,2,3,0,nochange_ori,z,0,testing
2,zys,f,20,noindex,True,1001881,1002406,z,diamond.png,triangle.png,rect.png,circle.png,[255, 255, 0],[0, 255, 0],0,90,0,3,1,2,nochange_col,z,1,testing
2,zys,f,20,noindex,True,1007157,1007943,/,diamond.png,rect.png,triangle.png,circle.png,[255, 0, 0],[0, 0, 255],45,135,2,1,0,3,change_ori,/,0,testing
2,zys,f,20,noindex,True,1012651,1013511,/,circle.png,triangle.png,rect.png,diamond.png,[255, 0, 0],[0, 255, 0],135,90,1,0,3,2,change_ori,/,2,testing
2,zys,f,20,noindex,True,1018145,1018758,/,rect.png,circle.png,diamond.png,triangle.png,[0, 0, 255],[0, 255, 0],45,0,3,1,2,0,change_col,/,1,testing
2,zys,f,20,noindex,True,1023504,1024055,z,diamond.png,circle.png,triangle.png,rect.png,[255, 255, 0],[255, 0, 0],0,45,2,1,0,3,nochange_col,z,3,testing
2,zys,f,20,noindex,True,1028630,1029510,/,diamond.png,rect.png,triangle.png,circle.png,[255, 0, 0],[255, 255, 0],90,45,3,1,0,2,change_ori,/,2,testing
2,zys,f,20,noindex,True,1034124,1035910,z,circle.png,triangle.png,rect.png,diamond.png,[255, 255, 0],[0, 0, 255],135,90,1,0,3,2,nochange_ori,z,0,testing
2,zys,f,20,noindex,True,1040619,1041446,/,triangle.png,diamond.png,circle.png,rect.png,[255, 0, 0],[0, 255, 0],90,45,2,1,3,0,change_col,/,1,testing
2,zys,f,20,noindex,True,1046146,1046775,/,triangle.png,rect.png,diamond.png,circle.png,[0, 255, 0],[255, 0, 0],135,45,0,3,2,1,change_ori,/,0,testing
2,zys,f,20,noindex,True,1051372,1052037,/,circle.png,diamond.png,rect.png,triangle.png,[255, 0, 0],[0, 255, 0],45,135,0,2,1,3,change_col,/,3,testing
2,zys,f,20,noindex,True,1056665,1057238,z,circle.png,triangle.png,diamond.png,rect.png,[255, 0, 0],[0, 255, 0],135,45,2,1,3,0,nochange_col,z,1,testing
2,zys,f,20,noindex,True,1061808,1062694,z,diamond.png,triangle.png,rect.png,circle.png,[0, 0, 255],[255, 255, 0],90,135,0,2,3,1,nochange_ori,z,2,testing
2,zys,f,20,noindex,True,1067468,1069398,/,triangle.png,diamond.png,circle.png,rect.png,[0, 255, 0],[0, 0, 255],0,90,2,3,0,1,change_ori,/,2,testing
2,zys,f,20,noindex,True,1074064,1074821,z,circle.png,diamond.png,triangle.png,rect.png,[0, 255, 0],[255, 255, 0],90,0,2,1,3,0,nochange_ori,z,0,testing
2,zys,f,20,noindex,True,1079557,1080277,/,diamond.png,rect.png,triangle.png,circle.png,[255, 0, 0],[0, 0, 255],135,90,1,0,2,3,change_col,/,3,testing
2,zys,f,20,noindex,True,1084883,1085398,/,circle.png,rect.png,diamond.png,triangle.png,[0, 255, 0],[0, 0, 255],45,135,3,0,1,2,change_col,/,3,testing
2,zys,f,20,noindex,True,1090144,1090982,z,diamond.png,circle.png,triangle.png,rect.png,[255, 0, 0],[0, 255, 0],45,90,3,1,2,0,nochange_ori,z,0,testing
