subj,name,gender,age,cond,P_resp,P_startTime,P_respTime,P_gotKey,shape1,shape2,shape3,shape4,color1,color2,color3,color4ori1,ori2,ori3,ori4ord_1,ord_2,ord_3,ord_4,task,correct_key,no_change,mode
2,zys,f,20,index,True,245897,247174,z,circle.png,triangle.png,circle.png,triangle.png,[255, 0, 0],[0, 0, 255],135,90,3,0,2,1,nochange_col,z,1,practice
2,zys,f,20,index,True,251742,252838,/,circle.png,diamond.png,circle.png,diamond.png,[255, 0, 0],[0, 0, 255],45,0,1,0,2,3,change_col,/,1,practice
2,zys,f,20,index,True,257553,259270,/,circle.png,triangle.png,circle.png,triangle.png,[255, 255, 0],[255, 0, 0],45,0,0,1,3,2,change_ori,/,2,practice
2,zys,f,20,index,True,263997,264965,z,diamond.png,triangle.png,diamond.png,triangle.png,[0, 255, 0],[0, 0, 255],90,135,1,2,3,0,nochange_col,z,1,practice
2,zys,f,20,index,True,269591,270438,/,triangle.png,rect.png,triangle.png,rect.png,[255, 0, 0],[0, 255, 0],0,45,2,0,1,3,change_col,/,1,practice
2,zys,f,20,index,True,275102,276693,z,rect.png,triangle.png,rect.png,triangle.png,[0, 0, 255],[255, 0, 0],90,45,0,2,1,3,nochange_ori,z,0,practice
2,zys,f,20,index,True,281362,282646,z,triangle.png,rect.png,triangle.png,rect.png,[0, 0, 255],[0, 255, 0],90,135,1,3,0,2,nochange_ori,z,0,practice
2,zys,f,20,index,True,287407,288454,z,rect.png,diamond.png,rect.png,diamond.png,[255, 0, 0],[255, 255, 0],90,135,3,2,0,1,nochange_ori,z,2,practice
2,zys,f,20,index,True,293084,294182,/,circle.png,rect.png,circle.png,rect.png,[0, 255, 0],[255, 255, 0],0,90,1,0,3,2,change_ori,/,2,practice
2,zys,f,20,index,True,298845,299766,/,circle.png,triangle.png,circle.png,triangle.png,[255, 255, 0],[0, 255, 0],90,0,3,2,0,1,change_col,/,1,practice
2,zys,f,20,index,True,304338,305444,/,circle.png,triangle.png,circle.png,triangle.png,[255, 0, 0],[0, 255, 0],0,90,3,1,2,0,change_ori,/,2,practice
2,zys,f,20,index,True,310115,311572,z,circle.png,rect.png,circle.png,rect.png,[0, 255, 0],[255, 255, 0],90,45,0,2,1,3,nochange_col,z,1,practice
2,zys,f,20,index,True,316260,317285,z,rect.png,diamond.png,rect.png,diamond.png,[255, 255, 0],[0, 255, 0],0,135,0,3,2,1,nochange_col,z,1,practice
2,zys,f,20,index,True,321870,323141,/,circle.png,triangle.png,circle.png,triangle.png,[0, 0, 255],[0, 255, 0],0,45,1,2,0,3,change_col,/,3,practice
2,zys,f,20,index,True,327731,328805,z,circle.png,rect.png,circle.png,rect.png,[255, 255, 0],[255, 0, 0],135,90,0,3,2,1,nochange_ori,z,0,practice
2,zys,f,20,index,True,333425,334197,z,triangle.png,diamond.png,triangle.png,diamond.png,[255, 255, 0],[0, 0, 255],135,0,3,0,2,1,nochange_col,z,3,practice
2,zys,f,20,index,True,338885,341557,/,rect.png,triangle.png,rect.png,triangle.png,[255, 255, 0],[0, 0, 255],0,45,3,2,0,1,change_ori,/,2,practice
2,zys,f,20,index,True,346182,348084,/,triangle.png,rect.png,triangle.png,rect.png,[255, 255, 0],[0, 255, 0],0,135,0,2,3,1,change_ori,/,0,practice
2,zys,f,20,index,True,352693,353877,/,diamond.png,rect.png,diamond.png,rect.png,[0, 0, 255],[0, 255, 0],135,0,2,0,1,3,change_col,/,3,practice
2,zys,f,20,index,True,358588,359828,z,circle.png,triangle.png,circle.png,triangle.png,[255, 0, 0],[0, 0, 255],135,90,0,2,3,1,nochange_ori,z,0,practice
2,zys,f,20,index,True,388459,389651,z,triangle.png,circle.png,triangle.png,circle.png,[255, 0, 0],[255, 255, 0],45,90,1,3,2,0,nochange_ori,z,0,testing
2,zys,f,20,index,True,394336,395429,/,diamond.png,triangle.png,diamond.png,triangle.png,[0, 0, 255],[255, 0, 0],45,0,2,0,3,1,change_ori,/,0,testing
2,zys,f,20,index,True,400030,401141,z,circle.png,diamond.png,circle.png,diamond.png,[0, 255, 0],[0, 0, 255],45,135,1,2,3,0,nochange_ori,z,0,testing
2,zys,f,20,index,True,405841,406836,z,diamond.png,circle.png,diamond.png,circle.png,[0, 0, 255],[255, 0, 0],135,0,3,2,0,1,nochange_col,z,3,testing
2,zys,f,20,index,True,411585,412563,/,triangle.png,diamond.png,triangle.png,diamond.png,[0, 0, 255],[0, 255, 0],90,135,0,2,1,3,change_col,/,1,testing
2,zys,f,20,index,True,417195,418180,z,triangle.png,rect.png,triangle.png,rect.png,[255, 255, 0],[255, 0, 0],135,90,2,1,0,3,nochange_ori,z,0,testing
2,zys,f,20,index,True,422755,423460,z,circle.png,rect.png,circle.png,rect.png,[255, 255, 0],[0, 0, 255],90,45,0,3,1,2,nochange_col,z,3,testing
2,zys,f,20,index,True,428198,429188,z,rect.png,diamond.png,rect.png,diamond.png,[0, 255, 0],[0, 0, 255],0,45,3,2,0,1,nochange_ori,z,0,testing
2,zys,f,20,index,True,433875,436084,/,triangle.png,diamond.png,triangle.png,diamond.png,[0, 255, 0],[255, 255, 0],135,45,1,0,2,3,change_ori,/,2,testing
2,zys,f,20,index,True,440755,441668,/,rect.png,diamond.png,rect.png,diamond.png,[0, 0, 255],[0, 255, 0],90,135,3,0,1,2,change_col,/,1,testing
2,zys,f,20,index,True,446332,447444,z,rect.png,circle.png,rect.png,circle.png,[255, 0, 0],[255, 255, 0],135,0,1,0,3,2,nochange_ori,z,2,testing
2,zys,f,20,index,True,452143,453092,z,rect.png,triangle.png,rect.png,triangle.png,[0, 255, 0],[255, 255, 0],90,45,0,1,2,3,nochange_col,z,1,testing
2,zys,f,20,index,True,457686,458996,/,rect.png,diamond.png,rect.png,diamond.png,[0, 255, 0],[255, 0, 0],135,90,2,3,0,1,change_ori,/,0,testing
2,zys,f,20,index,True,463580,465268,/,rect.png,diamond.png,rect.png,diamond.png,[255, 255, 0],[0, 255, 0],45,0,0,1,2,3,change_ori,/,2,testing
2,zys,f,20,index,True,470025,471220,z,triangle.png,rect.png,triangle.png,rect.png,[255, 255, 0],[0, 255, 0],135,90,0,1,2,3,nochange_ori,z,0,testing
2,zys,f,20,index,True,475853,476611,/,diamond.png,circle.png,diamond.png,circle.png,[255, 0, 0],[0, 0, 255],0,45,3,1,2,0,change_col,/,3,testing
2,zys,f,20,index,True,481313,483124,z,triangle.png,circle.png,triangle.png,circle.png,[255, 0, 0],[0, 255, 0],135,90,2,1,0,3,nochange_ori,z,0,testing
2,zys,f,20,index,True,487758,488659,/,diamond.png,rect.png,diamond.png,rect.png,[0, 0, 255],[255, 0, 0],90,135,3,1,0,2,change_ori,/,0,testing
2,zys,f,20,index,True,493418,494323,z,circle.png,diamond.png,circle.png,diamond.png,[255, 0, 0],[0, 255, 0],0,45,0,2,3,1,nochange_col,z,3,testing
2,zys,f,20,index,True,498929,499987,/,diamond.png,circle.png,diamond.png,circle.png,[255, 255, 0],[0, 255, 0],135,0,1,2,3,0,change_col,/,1,testing
2,zys,f,20,index,True,504589,505747,z,rect.png,circle.png,rect.png,circle.png,[0, 0, 255],[255, 255, 0],0,135,3,1,0,2,nochange_ori,z,2,testing
2,zys,f,20,index,True,510416,512627,/,diamond.png,triangle.png,diamond.png,triangle.png,[255, 255, 0],[0, 0, 255],90,0,3,1,2,0,change_ori,/,0,testing
2,zys,f,20,index,True,517278,517955,z,rect.png,triangle.png,rect.png,triangle.png,[255, 0, 0],[0, 255, 0],135,0,2,3,1,0,nochange_col,z,3,testing
2,zys,f,20,index,True,522604,523491,/,triangle.png,diamond.png,triangle.png,diamond.png,[0, 255, 0],[0, 0, 255],90,45,3,2,1,0,change_ori,/,2,testing
2,zys,f,20,index,True,528098,528867,z,circle.png,rect.png,circle.png,rect.png,[255, 255, 0],[0, 0, 255],45,135,0,2,3,1,nochange_col,z,1,testing
2,zys,f,20,index,True,533559,535027,/,triangle.png,rect.png,triangle.png,rect.png,[255, 0, 0],[0, 255, 0],45,90,2,3,1,0,change_col,/,1,testing
2,zys,f,20,index,True,539720,540819,z,diamond.png,triangle.png,diamond.png,triangle.png,[255, 255, 0],[0, 255, 0],135,45,3,2,0,1,nochange_ori,z,2,testing
2,zys,f,20,index,True,545563,546147,/,triangle.png,diamond.png,triangle.png,diamond.png,[255, 0, 0],[255, 255, 0],0,90,0,2,3,1,change_col,/,1,testing
2,zys,f,20,index,True,550756,551315,/,diamond.png,rect.png,diamond.png,rect.png,[0, 255, 0],[0, 0, 255],90,135,0,3,1,2,change_col,/,3,testing
2,zys,f,20,index,True,556017,556675,/,rect.png,triangle.png,rect.png,triangle.png,[0, 255, 0],[255, 255, 0],90,0,1,2,3,0,change_col,/,1,testing
2,zys,f,20,index,True,561309,561971,z,circle.png,rect.png,circle.png,rect.png,[255, 255, 0],[0, 0, 255],0,135,0,2,3,1,nochange_col,z,3,testing
2,zys,f,20,index,True,566535,567987,z,circle.png,diamond.png,circle.png,diamond.png,[0, 0, 255],[255, 255, 0],0,45,1,2,0,3,nochange_col,z,3,testing
2,zys,f,20,index,True,572696,573507,z,circle.png,rect.png,circle.png,rect.png,[0, 255, 0],[255, 0, 0],45,90,1,2,3,0,nochange_col,z,3,testing
2,zys,f,20,index,True,578106,579059,z,triangle.png,diamond.png,triangle.png,diamond.png,[0, 0, 255],[255, 255, 0],0,135,3,1,2,0,nochange_ori,z,0,testing
2,zys,f,20,index,True,583733,584450,z,rect.png,circle.png,rect.png,circle.png,[255, 255, 0],[0, 255, 0],0,45,0,1,3,2,nochange_col,z,1,testing
2,zys,f,20,index,True,589193,589971,/,diamond.png,circle.png,diamond.png,circle.png,[0, 255, 0],[255, 0, 0],135,90,3,2,1,0,change_ori,/,0,testing
2,zys,f,20,index,True,594620,595986,/,circle.png,rect.png,circle.png,rect.png,[0, 255, 0],[255, 0, 0],0,45,3,0,2,1,nochange_ori,z,0,testing
2,zys,f,20,index,True,600681,601715,/,triangle.png,circle.png,triangle.png,circle.png,[0, 255, 0],[255, 255, 0],0,90,2,0,1,3,change_ori,/,2,testing
2,zys,f,20,index,True,606308,607683,z,triangle.png,circle.png,triangle.png,circle.png,[255, 0, 0],[0, 255, 0],90,135,2,3,0,1,nochange_ori,z,0,testing
2,zys,f,20,index,True,612319,613442,z,triangle.png,circle.png,triangle.png,circle.png,[0, 0, 255],[255, 0, 0],135,90,2,1,0,3,nochange_ori,z,0,testing
2,zys,f,20,index,True,618146,619586,/,diamond.png,triangle.png,diamond.png,triangle.png,[0, 0, 255],[255, 255, 0],90,135,1,0,3,2,change_col,/,1,testing
2,zys,f,20,index,True,624174,626754,z,rect.png,triangle.png,rect.png,triangle.png,[0, 0, 255],[255, 255, 0],0,135,0,2,1,3,nochange_ori,z,0,testing
2,zys,f,20,index,True,631371,632273,z,circle.png,triangle.png,circle.png,triangle.png,[255, 0, 0],[0, 0, 255],0,135,0,2,3,1,nochange_col,z,1,testing
2,zys,f,20,index,True,636864,637938,/,circle.png,triangle.png,circle.png,triangle.png,[0, 255, 0],[255, 255, 0],0,90,2,1,0,3,change_ori,/,2,testing
2,zys,f,20,index,True,642691,643330,z,triangle.png,circle.png,triangle.png,circle.png,[255, 255, 0],[0, 0, 255],135,45,2,3,0,1,nochange_col,z,1,testing
2,zys,f,20,index,True,648085,649010,/,triangle.png,diamond.png,triangle.png,diamond.png,[255, 0, 0],[0, 0, 255],135,45,2,0,1,3,change_col,/,1,testing
2,zys,f,20,index,True,653695,654242,/,rect.png,circle.png,rect.png,circle.png,[255, 0, 0],[255, 255, 0],135,0,2,0,3,1,change_col,/,3,testing
2,zys,f,20,index,True,658838,660674,/,rect.png,circle.png,rect.png,circle.png,[255, 0, 0],[0, 255, 0],45,90,1,0,3,2,change_ori,/,2,testing
2,zys,f,20,index,True,665416,667922,/,circle.png,diamond.png,circle.png,diamond.png,[0, 0, 255],[0, 255, 0],0,135,1,0,3,2,nochange_ori,z,2,testing
2,zys,f,20,index,True,672496,673122,z,circle.png,triangle.png,circle.png,triangle.png,[0, 255, 0],[255, 255, 0],0,90,1,2,0,3,nochange_col,z,3,testing
2,zys,f,20,index,True,677872,679474,z,diamond.png,triangle.png,diamond.png,triangle.png,[0, 0, 255],[255, 0, 0],90,135,2,1,0,3,nochange_col,z,1,testing
2,zys,f,20,index,True,684185,685682,/,diamond.png,rect.png,diamond.png,rect.png,[255, 255, 0],[0, 0, 255],135,90,1,3,0,2,change_col,/,1,testing
2,zys,f,20,index,True,690262,690770,/,rect.png,triangle.png,rect.png,triangle.png,[255, 0, 0],[255, 255, 0],90,0,0,2,1,3,change_col,/,1,testing
2,zys,f,20,index,True,695421,696162,/,diamond.png,rect.png,diamond.png,rect.png,[0, 0, 255],[255, 0, 0],0,90,0,1,3,2,change_col,/,1,testing
2,zys,f,20,index,True,700765,701569,/,rect.png,triangle.png,rect.png,triangle.png,[0, 255, 0],[255, 255, 0],90,45,1,3,0,2,change_col,/,3,testing
2,zys,f,20,index,True,706308,707073,z,triangle.png,rect.png,triangle.png,rect.png,[0, 0, 255],[255, 255, 0],90,135,2,0,1,3,nochange_col,z,3,testing
2,zys,f,20,index,True,711751,712625,/,rect.png,circle.png,rect.png,circle.png,[255, 0, 0],[0, 255, 0],90,135,0,2,3,1,change_ori,/,2,testing
2,zys,f,20,index,True,717278,719010,z,circle.png,diamond.png,circle.png,diamond.png,[255, 255, 0],[0, 0, 255],90,45,2,3,0,1,nochange_ori,z,2,testing
2,zys,f,20,index,True,723590,724625,/,rect.png,triangle.png,rect.png,triangle.png,[255, 255, 0],[0, 255, 0],45,135,2,3,1,0,change_ori,/,2,testing
2,zys,f,20,index,True,729367,730130,/,diamond.png,triangle.png,diamond.png,triangle.png,[0, 255, 0],[0, 0, 255],90,45,0,3,2,1,change_col,/,1,testing
2,zys,f,20,index,True,734760,735649,/,triangle.png,rect.png,triangle.png,rect.png,[0, 255, 0],[255, 0, 0],90,45,1,2,0,3,change_ori,/,2,testing
2,zys,f,20,index,True,740354,741137,/,triangle.png,rect.png,triangle.png,rect.png,[255, 255, 0],[0, 0, 255],135,45,2,3,1,0,change_ori,/,0,testing
2,zys,f,20,index,True,745813,746562,/,circle.png,triangle.png,circle.png,triangle.png,[0, 255, 0],[255, 0, 0],45,135,1,2,3,0,change_col,/,3,testing
2,zys,f,20,index,True,751341,752160,/,triangle.png,rect.png,triangle.png,rect.png,[255, 0, 0],[255, 255, 0],45,0,1,3,0,2,change_col,/,1,testing
2,zys,f,20,index,True,756784,757474,z,diamond.png,triangle.png,diamond.png,triangle.png,[0, 0, 255],[255, 255, 0],45,135,0,1,2,3,nochange_col,z,1,testing
2,zys,f,20,index,True,762061,763825,/,triangle.png,diamond.png,triangle.png,diamond.png,[0, 255, 0],[0, 0, 255],135,90,1,0,2,3,change_ori,/,2,testing
2,zys,f,20,index,True,768556,769217,z,diamond.png,triangle.png,diamond.png,triangle.png,[255, 255, 0],[0, 0, 255],90,45,1,3,2,0,nochange_col,z,3,testing
2,zys,f,20,index,True,773948,774770,/,rect.png,diamond.png,rect.png,diamond.png,[0, 0, 255],[255, 255, 0],0,90,3,1,0,2,change_ori,/,2,testing
2,zys,f,20,index,True,779392,780305,/,triangle.png,circle.png,triangle.png,circle.png,[0, 255, 0],[255, 0, 0],135,0,3,2,1,0,change_ori,/,2,testing
2,zys,f,20,index,True,784886,785905,z,rect.png,diamond.png,rect.png,diamond.png,[255, 0, 0],[0, 255, 0],135,90,0,1,3,2,nochange_ori,z,0,testing
2,zys,f,20,index,True,790629,792593,/,circle.png,triangle.png,circle.png,triangle.png,[0, 255, 0],[0, 0, 255],90,135,2,1,3,0,change_ori,/,2,testing
2,zys,f,20,index,True,797241,798449,/,circle.png,triangle.png,circle.png,triangle.png,[0, 255, 0],[255, 255, 0],45,135,1,0,3,2,nochange_ori,z,2,testing
2,zys,f,20,index,True,803202,803921,z,rect.png,diamond.png,rect.png,diamond.png,[255, 255, 0],[0, 255, 0],45,90,1,2,0,3,nochange_col,z,3,testing
2,zys,f,20,index,True,808679,809696,z,rect.png,diamond.png,rect.png,diamond.png,[0, 255, 0],[255, 0, 0],90,45,2,0,1,3,nochange_ori,z,2,testing
2,zys,f,20,index,True,814439,816033,/,circle.png,rect.png,circle.png,rect.png,[0, 255, 0],[255, 255, 0],90,45,3,0,1,2,change_ori,/,0,testing
2,zys,f,20,index,True,820601,821601,z,triangle.png,circle.png,triangle.png,circle.png,[0, 255, 0],[255, 255, 0],45,0,1,0,2,3,nochange_ori,z,2,testing
2,zys,f,20,index,True,826277,826992,z,diamond.png,circle.png,diamond.png,circle.png,[0, 255, 0],[255, 255, 0],0,45,2,3,1,0,nochange_col,z,3,testing
2,zys,f,20,index,True,831621,832385,z,circle.png,rect.png,circle.png,rect.png,[0, 0, 255],[255, 0, 0],90,0,2,1,3,0,nochange_col,z,1,testing
2,zys,f,20,index,True,837098,837648,/,diamond.png,circle.png,diamond.png,circle.png,[255, 0, 0],[0, 0, 255],90,45,1,0,3,2,change_col,/,3,testing
2,zys,f,20,index,True,842324,842912,/,diamond.png,rect.png,diamond.png,rect.png,[0, 255, 0],[255, 255, 0],45,90,1,2,0,3,change_col,/,3,testing
2,zys,f,20,index,True,865032,867552,z,circle.png,diamond.png,circle.png,diamond.png,[0, 0, 255],[255, 255, 0],135,0,1,0,2,3,change_ori,/,2,testing
2,zys,f,20,index,True,872195,873776,z,circle.png,triangle.png,circle.png,triangle.png,[255, 0, 0],[255, 255, 0],90,135,1,2,3,0,nochange_ori,z,0,testing
2,zys,f,20,index,True,878490,879824,/,triangle.png,circle.png,triangle.png,circle.png,[255, 255, 0],[0, 255, 0],0,135,0,2,3,1,change_ori,/,2,testing
2,zys,f,20,index,True,884518,885552,/,triangle.png,diamond.png,triangle.png,diamond.png,[255, 0, 0],[0, 0, 255],0,135,1,3,2,0,change_ori,/,2,testing
2,zys,f,20,index,True,890195,891680,z,rect.png,circle.png,rect.png,circle.png,[255, 255, 0],[0, 0, 255],45,0,0,3,2,1,nochange_col,z,3,testing
2,zys,f,20,index,True,896256,897199,z,diamond.png,rect.png,diamond.png,rect.png,[0, 255, 0],[0, 0, 255],45,0,1,2,3,0,nochange_col,z,1,testing
2,zys,f,20,index,True,901816,903056,/,rect.png,circle.png,rect.png,circle.png,[255, 255, 0],[0, 0, 255],135,45,2,0,1,3,nochange_ori,z,0,testing
2,zys,f,20,index,True,907693,909040,z,circle.png,rect.png,circle.png,rect.png,[255, 0, 0],[255, 255, 0],0,90,2,1,0,3,nochange_ori,z,2,testing
2,zys,f,20,index,True,913771,914640,/,rect.png,diamond.png,rect.png,diamond.png,[0, 0, 255],[255, 255, 0],135,45,3,2,1,0,change_col,/,1,testing
2,zys,f,20,index,True,919231,919952,/,diamond.png,triangle.png,diamond.png,triangle.png,[255, 0, 0],[0, 255, 0],90,45,1,3,2,0,change_col,/,3,testing
2,zys,f,20,index,True,924691,925855,z,diamond.png,rect.png,diamond.png,rect.png,[0, 0, 255],[255, 0, 0],45,135,3,0,1,2,nochange_ori,z,0,testing
2,zys,f,20,index,True,930419,931328,/,circle.png,diamond.png,circle.png,diamond.png,[0, 255, 0],[0, 0, 255],90,45,2,1,3,0,change_ori,/,2,testing
2,zys,f,20,index,True,936046,937023,z,circle.png,triangle.png,circle.png,triangle.png,[0, 255, 0],[255, 255, 0],90,0,0,3,2,1,nochange_ori,z,0,testing
2,zys,f,20,index,True,941723,942496,/,rect.png,diamond.png,rect.png,diamond.png,[0, 255, 0],[0, 0, 255],45,0,2,1,0,3,change_col,/,3,testing
2,zys,f,20,index,True,947133,947695,/,diamond.png,circle.png,diamond.png,circle.png,[255, 255, 0],[0, 255, 0],0,90,3,0,2,1,change_col,/,3,testing
2,zys,f,20,index,True,952325,953567,/,diamond.png,circle.png,diamond.png,circle.png,[0, 255, 0],[255, 255, 0],90,135,0,3,1,2,change_ori,/,0,testing
2,zys,f,20,index,True,958152,958911,z,rect.png,circle.png,rect.png,circle.png,[0, 0, 255],[255, 0, 0],135,90,3,0,2,1,nochange_col,z,3,testing
2,zys,f,20,index,True,963612,964463,z,rect.png,diamond.png,rect.png,diamond.png,[255, 255, 0],[0, 0, 255],0,45,2,3,1,0,nochange_col,z,3,testing
2,zys,f,20,index,True,969073,969951,/,diamond.png,rect.png,diamond.png,rect.png,[0, 0, 255],[255, 255, 0],135,0,0,2,1,3,change_ori,/,2,testing
2,zys,f,20,index,True,974649,975679,/,diamond.png,circle.png,diamond.png,circle.png,[0, 0, 255],[255, 255, 0],45,90,3,1,2,0,change_ori,/,2,testing
2,zys,f,20,index,True,980276,980943,z,rect.png,triangle.png,rect.png,triangle.png,[0, 0, 255],[255, 0, 0],0,90,0,2,1,3,nochange_col,z,3,testing
2,zys,f,20,index,True,985553,986287,/,diamond.png,circle.png,diamond.png,circle.png,[0, 0, 255],[255, 0, 0],135,45,2,1,3,0,change_ori,/,0,testing
2,zys,f,20,index,True,991046,991951,/,diamond.png,triangle.png,diamond.png,triangle.png,[255, 255, 0],[255, 0, 0],0,45,3,1,0,2,change_col,/,1,testing
2,zys,f,20,index,True,996656,997487,z,triangle.png,diamond.png,triangle.png,diamond.png,[0, 255, 0],[255, 0, 0],135,90,1,2,3,0,nochange_ori,z,0,testing
2,zys,f,20,index,True,1002150,1003791,/,triangle.png,diamond.png,triangle.png,diamond.png,[255, 0, 0],[0, 0, 255],45,0,3,0,1,2,change_col,/,3,testing
2,zys,f,20,index,True,1008361,1009087,/,rect.png,triangle.png,rect.png,triangle.png,[255, 0, 0],[0, 0, 255],90,135,3,0,2,1,nochange_col,z,3,testing
2,zys,f,20,index,True,1013805,1014959,z,triangle.png,circle.png,triangle.png,circle.png,[0, 0, 255],[255, 255, 0],90,45,2,0,1,3,nochange_ori,z,2,testing
2,zys,f,20,index,True,1019599,1020559,z,circle.png,diamond.png,circle.png,diamond.png,[255, 0, 0],[0, 0, 255],45,0,3,0,1,2,nochange_col,z,1,testing
2,zys,f,20,index,True,1025192,1026030,z,rect.png,circle.png,rect.png,circle.png,[0, 0, 255],[255, 0, 0],0,90,2,1,3,0,nochange_col,z,1,testing
2,zys,f,20,index,True,1030803,1031950,z,diamond.png,rect.png,diamond.png,rect.png,[0, 255, 0],[0, 0, 255],90,45,3,1,0,2,nochange_col,z,3,testing
2,zys,f,20,index,True,1036663,1037343,z,diamond.png,triangle.png,diamond.png,triangle.png,[255, 0, 0],[0, 0, 255],45,0,1,0,3,2,nochange_col,z,1,testing
2,zys,f,20,index,True,1041939,1043295,z,rect.png,circle.png,rect.png,circle.png,[0, 0, 255],[0, 255, 0],0,45,1,2,0,3,nochange_ori,z,2,testing
2,zys,f,20,index,True,1047984,1048671,/,diamond.png,circle.png,diamond.png,circle.png,[0, 0, 255],[255, 0, 0],45,135,2,0,3,1,change_col,/,3,testing
2,zys,f,20,index,True,1053311,1055551,/,circle.png,rect.png,circle.png,rect.png,[255, 255, 0],[0, 255, 0],135,90,0,1,3,2,change_col,/,1,testing
2,zys,f,20,index,True,1060189,1060895,/,rect.png,triangle.png,rect.png,triangle.png,[255, 255, 0],[255, 0, 0],90,45,1,0,2,3,change_col,/,3,testing
2,zys,f,20,index,True,1065600,1066814,/,diamond.png,circle.png,diamond.png,circle.png,[255, 255, 0],[0, 255, 0],135,0,3,0,1,2,change_ori,/,0,testing
2,zys,f,20,index,True,1071394,1072110,z,diamond.png,circle.png,diamond.png,circle.png,[255, 0, 0],[255, 255, 0],0,90,2,0,1,3,nochange_col,z,3,testing
2,zys,f,20,index,True,1076837,1077854,/,diamond.png,rect.png,diamond.png,rect.png,[255, 0, 0],[0, 255, 0],135,45,0,1,2,3,change_ori,/,0,testing
2,zys,f,20,index,True,1082598,1083534,/,rect.png,circle.png,rect.png,circle.png,[0, 0, 255],[0, 255, 0],135,45,3,0,1,2,change_ori,/,0,testing
2,zys,f,20,index,True,1088142,1088975,z,circle.png,rect.png,circle.png,rect.png,[0, 0, 255],[255, 255, 0],135,0,0,3,1,2,nochange_ori,z,0,testing
2,zys,f,20,index,True,1093734,1094574,/,circle.png,triangle.png,circle.png,triangle.png,[0, 255, 0],[255, 255, 0],135,45,0,1,2,3,change_ori,/,2,testing
2,zys,f,20,index,True,1099278,1099998,z,rect.png,diamond.png,rect.png,diamond.png,[0, 255, 0],[0, 0, 255],90,135,0,1,2,3,nochange_col,z,3,testing
2,zys,f,20,index,True,1104638,1105214,/,diamond.png,rect.png,diamond.png,rect.png,[255, 255, 0],[255, 0, 0],45,90,2,1,3,0,change_col,/,3,testing
2,zys,f,20,index,True,1109897,1111150,z,rect.png,diamond.png,rect.png,diamond.png,[0, 255, 0],[255, 255, 0],90,135,0,1,2,3,nochange_col,z,3,testing
2,zys,f,20,index,True,1115809,1117086,z,triangle.png,rect.png,triangle.png,rect.png,[0, 0, 255],[255, 255, 0],135,0,1,0,3,2,nochange_ori,z,0,testing
2,zys,f,20,index,True,1121669,1123182,/,rect.png,circle.png,rect.png,circle.png,[255, 0, 0],[255, 255, 0],45,135,1,2,0,3,change_col,/,3,testing
2,zys,f,20,index,True,1127764,1128654,/,triangle.png,circle.png,triangle.png,circle.png,[255, 0, 0],[0, 0, 255],45,90,1,2,3,0,change_col,/,3,testing
2,zys,f,20,index,True,1133307,1134686,/,diamond.png,circle.png,diamond.png,circle.png,[255, 255, 0],[0, 255, 0],90,135,2,0,3,1,change_ori,/,0,testing
2,zys,f,20,index,True,1139401,1140686,/,rect.png,circle.png,rect.png,circle.png,[0, 0, 255],[255, 255, 0],135,0,0,3,1,2,change_ori,/,0,testing
2,zys,f,20,index,True,1145446,1147406,z,circle.png,diamond.png,circle.png,diamond.png,[0, 255, 0],[255, 255, 0],90,0,2,0,3,1,nochange_ori,z,0,testing
2,zys,f,20,index,True,1152058,1152733,/,diamond.png,rect.png,diamond.png,rect.png,[255, 255, 0],[255, 0, 0],135,0,0,2,1,3,change_col,/,1,testing
2,zys,f,20,index,True,1157401,1158750,/,circle.png,triangle.png,circle.png,triangle.png,[255, 255, 0],[0, 255, 0],45,90,1,3,2,0,change_col,/,3,testing
2,zys,f,20,index,True,1163412,1164206,z,rect.png,diamond.png,rect.png,diamond.png,[0, 255, 0],[0, 0, 255],0,90,3,1,2,0,nochange_ori,z,0,testing
2,zys,f,20,index,True,1168889,1169646,/,rect.png,triangle.png,rect.png,triangle.png,[0, 0, 255],[255, 0, 0],45,90,3,1,0,2,change_col,/,1,testing
2,zys,f,20,index,True,1174365,1175533,z,triangle.png,diamond.png,triangle.png,diamond.png,[255, 0, 0],[0, 0, 255],45,135,0,2,3,1,nochange_ori,z,0,testing
2,zys,f,20,index,True,1180126,1181229,z,triangle.png,circle.png,triangle.png,circle.png,[0, 0, 255],[0, 255, 0],0,135,2,3,1,0,nochange_ori,z,0,testing
2,zys,f,20,index,True,1185903,1186573,z,triangle.png,diamond.png,triangle.png,diamond.png,[0, 255, 0],[255, 255, 0],135,45,3,0,2,1,nochange_col,z,1,testing
2,zys,f,20,index,True,1191330,1192189,z,circle.png,diamond.png,circle.png,diamond.png,[255, 255, 0],[0, 0, 255],90,0,2,0,3,1,nochange_ori,z,2,testing
2,zys,f,20,index,True,1196940,1197693,z,rect.png,circle.png,rect.png,circle.png,[0, 255, 0],[0, 0, 255],0,135,0,1,2,3,nochange_col,z,1,testing
2,zys,f,20,index,True,1202400,1203134,/,triangle.png,diamond.png,triangle.png,diamond.png,[255, 255, 0],[0, 0, 255],90,0,2,1,0,3,change_col,/,3,testing
2,zys,f,20,index,True,1207743,1209133,/,triangle.png,diamond.png,triangle.png,diamond.png,[255, 255, 0],[255, 0, 0],135,0,0,2,3,1,change_ori,/,0,testing
2,zys,f,20,index,True,1213838,1214733,/,triangle.png,diamond.png,triangle.png,diamond.png,[0, 255, 0],[255, 255, 0],45,135,1,3,2,0,change_ori,/,0,testing
2,zys,f,20,index,True,1219465,1220062,/,diamond.png,circle.png,diamond.png,circle.png,[0, 255, 0],[255, 0, 0],45,90,0,1,3,2,change_col,/,1,testing
2,zys,f,20,index,True,1224758,1225485,z,diamond.png,circle.png,diamond.png,circle.png,[255, 255, 0],[0, 255, 0],45,135,0,3,2,1,nochange_col,z,1,testing
2,zys,f,20,index,True,1230067,1231693,z,circle.png,triangle.png,circle.png,triangle.png,[0, 255, 0],[255, 0, 0],45,90,0,3,1,2,nochange_ori,z,0,testing
2,zys,f,20,index,True,1236379,1236940,/,triangle.png,rect.png,triangle.png,rect.png,[0, 0, 255],[255, 255, 0],135,45,3,1,2,0,change_col,/,1,testing
2,zys,f,20,index,True,1241539,1242749,z,triangle.png,rect.png,triangle.png,rect.png,[0, 0, 255],[255, 0, 0],45,0,0,2,1,3,nochange_col,z,1,testing
2,zys,f,20,index,True,1247433,1248604,z,circle.png,diamond.png,circle.png,diamond.png,[0, 255, 0],[0, 0, 255],135,90,3,2,1,0,nochange_ori,z,2,testing
2,zys,f,20,index,True,1253377,1254717,/,triangle.png,circle.png,triangle.png,circle.png,[255, 255, 0],[0, 255, 0],45,90,2,3,1,0,change_ori,/,0,testing
2,zys,f,20,index,True,1259422,1260653,z,diamond.png,circle.png,diamond.png,circle.png,[0, 0, 255],[0, 255, 0],135,45,2,0,1,3,nochange_col,z,1,testing
2,zys,f,20,index,True,1265399,1266108,/,circle.png,rect.png,circle.png,rect.png,[0, 255, 0],[0, 0, 255],90,135,1,0,2,3,change_col,/,1,testing
2,zys,f,20,index,True,1270876,1271597,/,triangle.png,rect.png,triangle.png,rect.png,[255, 0, 0],[255, 255, 0],90,135,0,3,1,2,change_col,/,3,testing
2,zys,f,20,index,True,1276336,1277085,z,circle.png,diamond.png,circle.png,diamond.png,[0, 0, 255],[255, 0, 0],90,0,1,3,2,0,nochange_col,z,3,testing
2,zys,f,20,index,True,1281862,1283340,z,diamond.png,circle.png,diamond.png,circle.png,[0, 0, 255],[0, 255, 0],90,45,0,2,1,3,nochange_ori,z,2,testing
2,zys,f,20,index,True,1287924,1289116,z,diamond.png,rect.png,diamond.png,rect.png,[255, 255, 0],[0, 0, 255],45,135,3,0,2,1,nochange_ori,z,2,testing
2,zys,f,20,index,True,1293718,1294637,z,circle.png,triangle.png,circle.png,triangle.png,[0, 0, 255],[255, 255, 0],45,0,0,1,2,3,nochange_ori,z,0,testing
2,zys,f,20,index,True,1299312,1302540,/,diamond.png,rect.png,diamond.png,rect.png,[0, 0, 255],[255, 255, 0],0,90,2,1,0,3,change_ori,/,2,testing
2,zys,f,20,index,True,1307192,1308028,/,circle.png,diamond.png,circle.png,diamond.png,[255, 0, 0],[0, 255, 0],135,45,0,1,3,2,change_ori,/,0,testing
2,zys,f,20,index,True,1312686,1313532,/,rect.png,diamond.png,rect.png,diamond.png,[0, 0, 255],[0, 255, 0],90,135,3,0,2,1,change_ori,/,2,testing
2,zys,f,20,index,True,1318196,1318876,z,diamond.png,circle.png,diamond.png,circle.png,[0, 255, 0],[0, 0, 255],135,90,2,0,3,1,nochange_col,z,3,testing
