subj,name,gender,age,cond,P_resp,P_startTime,P_respTime,P_gotKey,shape1,shape2,shape3,shape4,color1,color2,color3,color4ori1,ori2,ori3,ori4ord_1,ord_2,ord_3,ord_4,task,correct_key,no_change,mode
3,dxy,f,19,index,True,173962,174957,z,triangle.png,diamond.png,triangle.png,diamond.png,[0, 255, 0],[255, 0, 0],135,0,1,3,2,0,nochange_col,z,1,practice
3,dxy,f,19,index,True,179689,180686,z,triangle.png,circle.png,triangle.png,circle.png,[255, 255, 0],[0, 0, 255],45,90,1,2,0,3,nochange_ori,z,0,practice
3,dxy,f,19,index,True,185249,186494,/,circle.png,triangle.png,circle.png,triangle.png,[255, 255, 0],[0, 255, 0],0,45,0,1,3,2,nochange_ori,z,0,practice
3,dxy,f,19,index,True,191177,191773,z,diamond.png,rect.png,diamond.png,rect.png,[0, 255, 0],[255, 0, 0],135,90,0,2,3,1,nochange_col,z,3,practice
3,dxy,f,19,index,True,196403,197501,/,triangle.png,diamond.png,triangle.png,diamond.png,[0, 0, 255],[255, 255, 0],90,0,2,0,3,1,change_ori,/,0,practice
3,dxy,f,19,index,True,202247,203437,/,diamond.png,circle.png,diamond.png,circle.png,[0, 0, 255],[255, 0, 0],135,45,1,2,0,3,change_col,/,1,practice
3,dxy,f,19,index,True,208058,209165,z,diamond.png,circle.png,diamond.png,circle.png,[0, 0, 255],[0, 255, 0],45,90,3,2,0,1,change_ori,/,2,practice
3,dxy,f,19,index,True,213918,214557,/,triangle.png,rect.png,triangle.png,rect.png,[0, 0, 255],[255, 255, 0],135,0,2,1,0,3,nochange_col,z,3,practice
3,dxy,f,19,index,True,219245,220173,/,diamond.png,circle.png,diamond.png,circle.png,[0, 0, 255],[255, 0, 0],0,135,0,1,3,2,change_col,/,3,practice
3,dxy,f,19,index,True,224856,225725,z,rect.png,circle.png,rect.png,circle.png,[255, 255, 0],[0, 255, 0],135,45,0,3,1,2,nochange_ori,z,0,practice
3,dxy,f,19,index,True,230465,231662,z,rect.png,circle.png,rect.png,circle.png,[0, 255, 0],[255, 0, 0],0,45,2,0,1,3,nochange_ori,z,0,practice
3,dxy,f,19,index,True,236360,237213,/,rect.png,triangle.png,rect.png,triangle.png,[255, 255, 0],[0, 255, 0],90,45,3,0,1,2,change_col,/,1,practice
3,dxy,f,19,index,True,241853,242621,/,triangle.png,rect.png,triangle.png,rect.png,[255, 0, 0],[0, 0, 255],135,45,1,2,3,0,change_col,/,3,practice
3,dxy,f,19,index,True,247329,248109,/,diamond.png,rect.png,diamond.png,rect.png,[255, 0, 0],[255, 255, 0],90,0,3,0,1,2,change_col,/,1,practice
3,dxy,f,19,index,True,252840,253773,/,triangle.png,rect.png,triangle.png,rect.png,[0, 0, 255],[255, 0, 0],0,45,3,1,0,2,change_ori,/,2,practice
3,dxy,f,19,index,True,258467,259357,z,diamond.png,rect.png,diamond.png,rect.png,[255, 0, 0],[0, 255, 0],90,135,2,3,1,0,change_ori,/,0,practice
3,dxy,f,19,index,True,264094,265101,/,diamond.png,circle.png,diamond.png,circle.png,[255, 0, 0],[0, 255, 0],0,45,0,2,3,1,change_ori,/,0,practice
3,dxy,f,19,index,True,269721,270653,z,diamond.png,circle.png,diamond.png,circle.png,[0, 0, 255],[255, 0, 0],45,90,1,3,0,2,nochange_ori,z,0,practice
3,dxy,f,19,index,True,275297,276509,/,rect.png,diamond.png,rect.png,diamond.png,[0, 0, 255],[255, 255, 0],135,0,3,1,0,2,nochange_col,z,3,practice
3,dxy,f,19,index,True,281125,281741,z,circle.png,diamond.png,circle.png,diamond.png,[0, 255, 0],[255, 0, 0],45,135,1,0,2,3,nochange_col,z,1,practice
3,dxy,f,19,index,True,312449,313485,/,circle.png,triangle.png,circle.png,triangle.png,[0, 0, 255],[0, 255, 0],135,0,2,1,0,3,change_ori,/,0,testing
3,dxy,f,19,index,True,318243,319372,/,triangle.png,rect.png,triangle.png,rect.png,[0, 0, 255],[255, 0, 0],0,135,1,3,0,2,change_ori,/,2,testing
3,dxy,f,19,index,True,324054,324876,/,rect.png,triangle.png,rect.png,triangle.png,[0, 255, 0],[0, 0, 255],45,90,3,2,1,0,change_ori,/,2,testing
3,dxy,f,19,index,True,329580,330172,/,rect.png,diamond.png,rect.png,diamond.png,[0, 255, 0],[255, 0, 0],135,90,2,3,1,0,change_col,/,1,testing
3,dxy,f,19,index,True,334890,335836,/,circle.png,diamond.png,circle.png,diamond.png,[255, 255, 0],[0, 0, 255],135,90,0,3,2,1,change_ori,/,0,testing
3,dxy,f,19,index,True,340417,341820,/,diamond.png,circle.png,diamond.png,circle.png,[255, 0, 0],[255, 255, 0],90,135,1,2,0,3,change_ori,/,2,testing
3,dxy,f,19,index,True,346511,347324,/,circle.png,triangle.png,circle.png,triangle.png,[0, 0, 255],[255, 0, 0],90,135,1,0,3,2,change_col,/,1,testing
3,dxy,f,19,index,True,351989,352700,z,rect.png,triangle.png,rect.png,triangle.png,[255, 255, 0],[0, 255, 0],45,0,1,2,0,3,nochange_col,z,3,testing
3,dxy,f,19,index,True,357381,358236,/,circle.png,diamond.png,circle.png,diamond.png,[0, 255, 0],[255, 0, 0],90,135,3,0,1,2,change_col,/,3,testing
3,dxy,f,19,index,True,362825,365084,z,circle.png,triangle.png,circle.png,triangle.png,[255, 255, 0],[0, 0, 255],0,135,3,2,1,0,change_col,/,3,testing
3,dxy,f,19,index,True,369654,370428,/,circle.png,triangle.png,circle.png,triangle.png,[255, 0, 0],[0, 255, 0],135,45,0,3,1,2,change_col,/,3,testing
3,dxy,f,19,index,True,375064,376380,/,circle.png,triangle.png,circle.png,triangle.png,[255, 0, 0],[0, 0, 255],135,90,1,2,3,0,change_col,/,1,testing
3,dxy,f,19,index,True,380992,382924,/,triangle.png,diamond.png,triangle.png,diamond.png,[255, 0, 0],[255, 255, 0],135,45,0,2,1,3,change_ori,/,0,testing
3,dxy,f,19,index,True,387553,388780,z,triangle.png,diamond.png,triangle.png,diamond.png,[255, 0, 0],[255, 255, 0],135,0,0,2,3,1,nochange_col,z,1,testing
3,dxy,f,19,index,True,393364,395932,z,triangle.png,diamond.png,triangle.png,diamond.png,[255, 255, 0],[255, 0, 0],135,45,1,0,3,2,change_ori,/,0,testing
3,dxy,f,19,index,True,400627,402204,z,diamond.png,triangle.png,diamond.png,triangle.png,[0, 255, 0],[255, 255, 0],45,135,2,0,1,3,nochange_ori,z,2,testing
3,dxy,f,19,index,True,406872,407787,/,triangle.png,rect.png,triangle.png,rect.png,[255, 255, 0],[0, 255, 0],45,135,0,3,2,1,change_col,/,3,testing
3,dxy,f,19,index,True,412382,413308,/,rect.png,diamond.png,rect.png,diamond.png,[0, 255, 0],[255, 255, 0],135,45,0,3,1,2,change_col,/,1,testing
3,dxy,f,19,index,True,418042,419003,/,rect.png,triangle.png,rect.png,triangle.png,[255, 0, 0],[0, 0, 255],0,90,1,2,0,3,change_ori,/,2,testing
3,dxy,f,19,index,True,423704,424763,z,diamond.png,rect.png,diamond.png,rect.png,[0, 0, 255],[0, 255, 0],45,135,3,1,2,0,nochange_col,z,1,testing
3,dxy,f,19,index,True,429430,432171,z,circle.png,rect.png,circle.png,rect.png,[255, 0, 0],[255, 255, 0],45,90,3,1,2,0,nochange_ori,z,0,testing
3,dxy,f,19,index,True,436861,437660,z,rect.png,circle.png,rect.png,circle.png,[0, 0, 255],[255, 255, 0],90,45,1,2,0,3,nochange_col,z,1,testing
3,dxy,f,19,index,True,442287,443307,/,circle.png,triangle.png,circle.png,triangle.png,[0, 255, 0],[255, 255, 0],90,135,3,2,0,1,change_col,/,3,testing
3,dxy,f,19,index,True,448047,448939,z,triangle.png,rect.png,triangle.png,rect.png,[255, 255, 0],[0, 0, 255],0,90,3,0,2,1,nochange_ori,z,0,testing
3,dxy,f,19,index,True,453691,454395,z,rect.png,triangle.png,rect.png,triangle.png,[0, 0, 255],[255, 0, 0],45,90,1,3,2,0,nochange_col,z,1,testing
3,dxy,f,19,index,True,459084,459995,/,circle.png,triangle.png,circle.png,triangle.png,[255, 255, 0],[0, 0, 255],45,0,1,3,0,2,change_ori,/,2,testing
3,dxy,f,19,index,True,464594,465323,z,circle.png,rect.png,circle.png,rect.png,[0, 255, 0],[255, 0, 0],135,45,2,0,1,3,nochange_col,z,3,testing
3,dxy,f,19,index,True,470054,470731,z,circle.png,triangle.png,circle.png,triangle.png,[0, 255, 0],[255, 0, 0],90,45,2,3,1,0,nochange_ori,z,2,testing
3,dxy,f,19,index,True,475481,476395,/,circle.png,diamond.png,circle.png,diamond.png,[255, 0, 0],[0, 255, 0],90,0,2,1,0,3,change_col,/,3,testing
3,dxy,f,19,index,True,481091,482155,z,circle.png,rect.png,circle.png,rect.png,[255, 0, 0],[255, 255, 0],135,45,3,0,2,1,nochange_col,z,1,testing
3,dxy,f,19,index,True,486902,489082,z,triangle.png,circle.png,triangle.png,circle.png,[255, 255, 0],[0, 0, 255],90,45,2,3,0,1,nochange_ori,z,2,testing
3,dxy,f,19,index,True,493782,494651,z,circle.png,rect.png,circle.png,rect.png,[0, 255, 0],[255, 0, 0],45,135,1,0,2,3,nochange_ori,z,2,testing
3,dxy,f,19,index,True,499242,500283,z,diamond.png,rect.png,diamond.png,rect.png,[255, 255, 0],[0, 0, 255],135,90,3,0,1,2,nochange_ori,z,0,testing
3,dxy,f,19,index,True,504968,506187,z,rect.png,triangle.png,rect.png,triangle.png,[255, 255, 0],[0, 255, 0],0,90,3,2,1,0,nochange_col,z,1,testing
3,dxy,f,19,index,True,510929,511723,z,diamond.png,rect.png,diamond.png,rect.png,[255, 0, 0],[0, 255, 0],45,90,0,1,3,2,nochange_ori,z,2,testing
3,dxy,f,19,index,True,516473,517115,z,circle.png,triangle.png,circle.png,triangle.png,[255, 255, 0],[0, 0, 255],45,135,0,2,3,1,nochange_col,z,1,testing
3,dxy,f,19,index,True,521733,522363,z,diamond.png,circle.png,diamond.png,circle.png,[0, 255, 0],[255, 0, 0],135,45,0,1,3,2,nochange_ori,z,2,testing
3,dxy,f,19,index,True,527092,528298,/,triangle.png,diamond.png,triangle.png,diamond.png,[0, 255, 0],[255, 255, 0],135,90,3,2,0,1,change_ori,/,0,testing
3,dxy,f,19,index,True,533053,534699,/,diamond.png,circle.png,diamond.png,circle.png,[255, 0, 0],[0, 0, 255],45,0,3,1,0,2,change_col,/,3,testing
3,dxy,f,19,index,True,539382,540666,z,circle.png,triangle.png,circle.png,triangle.png,[255, 255, 0],[0, 255, 0],0,135,0,3,1,2,nochange_ori,z,0,testing
3,dxy,f,19,index,True,545359,546027,z,rect.png,triangle.png,rect.png,triangle.png,[255, 0, 0],[255, 255, 0],135,0,3,1,0,2,nochange_ori,z,2,testing
3,dxy,f,19,index,True,550719,551802,z,circle.png,diamond.png,circle.png,diamond.png,[255, 0, 0],[0, 0, 255],0,135,2,3,0,1,nochange_ori,z,2,testing
3,dxy,f,19,index,True,556446,559545,z,diamond.png,triangle.png,diamond.png,triangle.png,[0, 0, 255],[255, 0, 0],0,135,0,2,1,3,nochange_ori,z,0,testing
3,dxy,f,19,index,True,564260,565274,/,circle.png,triangle.png,circle.png,triangle.png,[255, 0, 0],[0, 255, 0],45,0,0,3,2,1,change_ori,/,2,testing
3,dxy,f,19,index,True,569920,572442,z,diamond.png,triangle.png,diamond.png,triangle.png,[255, 0, 0],[255, 255, 0],135,90,2,3,1,0,change_ori,/,2,testing
3,dxy,f,19,index,True,577034,577866,z,circle.png,triangle.png,circle.png,triangle.png,[0, 255, 0],[255, 255, 0],45,90,2,3,1,0,nochange_ori,z,0,testing
3,dxy,f,19,index,True,582460,583705,z,triangle.png,diamond.png,triangle.png,diamond.png,[0, 255, 0],[0, 0, 255],90,45,0,2,1,3,nochange_ori,z,0,testing
3,dxy,f,19,index,True,588371,589018,/,diamond.png,circle.png,diamond.png,circle.png,[255, 0, 0],[0, 0, 255],90,0,0,2,3,1,change_col,/,3,testing
3,dxy,f,19,index,True,593648,594745,/,circle.png,triangle.png,circle.png,triangle.png,[255, 0, 0],[0, 0, 255],45,90,1,2,0,3,change_col,/,3,testing
3,dxy,f,19,index,True,599442,601497,/,circle.png,rect.png,circle.png,rect.png,[0, 0, 255],[0, 255, 0],135,0,0,3,1,2,nochange_col,z,3,testing
3,dxy,f,19,index,True,606154,607034,/,diamond.png,rect.png,diamond.png,rect.png,[0, 255, 0],[255, 255, 0],135,45,2,0,3,1,change_col,/,3,testing
3,dxy,f,19,index,True,611681,612490,/,diamond.png,triangle.png,diamond.png,triangle.png,[0, 255, 0],[255, 255, 0],90,45,3,1,2,0,change_col,/,3,testing
3,dxy,f,19,index,True,617191,618074,z,rect.png,triangle.png,rect.png,triangle.png,[0, 0, 255],[255, 255, 0],0,135,3,0,1,2,nochange_col,z,1,testing
3,dxy,f,19,index,True,622667,623417,/,circle.png,rect.png,circle.png,rect.png,[255, 255, 0],[255, 0, 0],135,90,2,1,3,0,change_col,/,1,testing
3,dxy,f,19,index,True,628044,628954,z,circle.png,triangle.png,circle.png,triangle.png,[0, 0, 255],[255, 0, 0],135,45,1,2,0,3,nochange_col,z,3,testing
3,dxy,f,19,index,True,633571,634314,/,circle.png,triangle.png,circle.png,triangle.png,[255, 255, 0],[0, 0, 255],0,90,1,3,2,0,change_col,/,3,testing
3,dxy,f,19,index,True,638913,639849,/,rect.png,triangle.png,rect.png,triangle.png,[0, 0, 255],[255, 255, 0],45,90,2,1,3,0,change_ori,/,0,testing
3,dxy,f,19,index,True,644608,645353,z,triangle.png,rect.png,triangle.png,rect.png,[0, 255, 0],[0, 0, 255],135,90,1,2,0,3,nochange_col,z,3,testing
3,dxy,f,19,index,True,649967,650921,z,triangle.png,circle.png,triangle.png,circle.png,[255, 255, 0],[255, 0, 0],0,45,1,3,0,2,nochange_ori,z,2,testing
3,dxy,f,19,index,True,655595,656537,/,circle.png,rect.png,circle.png,rect.png,[255, 255, 0],[255, 0, 0],45,0,3,0,1,2,change_ori,/,2,testing
3,dxy,f,19,index,True,661288,662282,/,rect.png,triangle.png,rect.png,triangle.png,[0, 0, 255],[255, 0, 0],0,135,1,0,3,2,change_ori,/,2,testing
3,dxy,f,19,index,True,667015,667673,z,circle.png,triangle.png,circle.png,triangle.png,[0, 0, 255],[255, 255, 0],0,45,3,0,2,1,nochange_col,z,3,testing
3,dxy,f,19,index,True,672375,673145,/,triangle.png,circle.png,triangle.png,circle.png,[0, 255, 0],[0, 0, 255],90,0,2,1,0,3,change_col,/,3,testing
3,dxy,f,19,index,True,677751,679209,z,diamond.png,rect.png,diamond.png,rect.png,[0, 0, 255],[255, 255, 0],0,135,0,1,3,2,nochange_ori,z,0,testing
3,dxy,f,19,index,True,683796,687449,/,circle.png,rect.png,circle.png,rect.png,[255, 0, 0],[0, 0, 255],45,90,2,1,3,0,change_ori,/,2,testing
3,dxy,f,19,index,True,692178,693209,/,diamond.png,rect.png,diamond.png,rect.png,[0, 255, 0],[0, 0, 255],90,0,1,0,3,2,change_ori,/,0,testing
3,dxy,f,19,index,True,697855,698729,z,rect.png,triangle.png,rect.png,triangle.png,[255, 0, 0],[0, 255, 0],45,0,3,2,1,0,nochange_col,z,1,testing
3,dxy,f,19,index,True,703449,704681,z,circle.png,rect.png,circle.png,rect.png,[255, 0, 0],[0, 255, 0],45,135,0,2,3,1,nochange_ori,z,2,testing
3,dxy,f,19,index,True,709410,710281,/,triangle.png,circle.png,triangle.png,circle.png,[255, 0, 0],[255, 255, 0],0,135,1,0,2,3,change_col,/,3,testing
3,dxy,f,19,index,True,714886,715832,z,diamond.png,circle.png,diamond.png,circle.png,[255, 255, 0],[0, 0, 255],0,135,2,3,0,1,nochange_col,z,1,testing
3,dxy,f,19,index,True,720580,721385,/,circle.png,diamond.png,circle.png,diamond.png,[255, 255, 0],[0, 0, 255],45,135,2,3,0,1,change_ori,/,0,testing
3,dxy,f,19,index,True,726024,726969,z,diamond.png,circle.png,diamond.png,circle.png,[255, 0, 0],[0, 255, 0],135,0,1,3,0,2,nochange_col,z,3,testing
3,dxy,f,19,index,True,731617,732584,z,circle.png,triangle.png,circle.png,triangle.png,[0, 255, 0],[255, 0, 0],45,135,2,3,1,0,nochange_col,z,3,testing
3,dxy,f,19,index,True,737294,738120,/,circle.png,triangle.png,circle.png,triangle.png,[255, 0, 0],[0, 255, 0],135,90,1,0,2,3,change_col,/,1,testing
3,dxy,f,19,index,True,742721,743785,z,circle.png,rect.png,circle.png,rect.png,[255, 255, 0],[0, 0, 255],0,45,3,0,1,2,nochange_ori,z,2,testing
3,dxy,f,19,index,True,748365,749737,z,triangle.png,diamond.png,triangle.png,diamond.png,[255, 255, 0],[0, 0, 255],135,90,1,3,2,0,nochange_ori,z,0,testing
3,dxy,f,19,index,True,754392,755224,/,triangle.png,rect.png,triangle.png,rect.png,[255, 0, 0],[0, 0, 255],45,0,3,0,1,2,change_ori,/,0,testing
3,dxy,f,19,index,True,759869,760600,/,rect.png,triangle.png,rect.png,triangle.png,[0, 0, 255],[255, 0, 0],45,90,0,3,1,2,change_ori,/,2,testing
3,dxy,f,19,index,True,765362,766777,z,circle.png,diamond.png,circle.png,diamond.png,[0, 255, 0],[0, 0, 255],45,90,2,1,3,0,nochange_col,z,3,testing
3,dxy,f,19,index,True,771340,772216,z,diamond.png,rect.png,diamond.png,rect.png,[0, 0, 255],[255, 255, 0],135,0,1,3,2,0,nochange_col,z,3,testing
3,dxy,f,19,index,True,779188,781560,/,circle.png,diamond.png,circle.png,diamond.png,[255, 0, 0],[255, 255, 0],90,135,0,2,3,1,change_ori,/,2,testing
3,dxy,f,19,index,True,786300,787592,z,rect.png,triangle.png,rect.png,triangle.png,[0, 0, 255],[255, 255, 0],135,45,1,2,0,3,nochange_ori,z,2,testing
3,dxy,f,19,index,True,792228,793144,z,rect.png,circle.png,rect.png,circle.png,[255, 255, 0],[255, 0, 0],0,45,0,2,3,1,nochange_ori,z,0,testing
3,dxy,f,19,index,True,797822,798824,z,triangle.png,circle.png,triangle.png,circle.png,[255, 255, 0],[0, 0, 255],45,135,0,2,3,1,change_ori,/,0,testing
3,dxy,f,19,index,True,803432,805208,/,diamond.png,triangle.png,diamond.png,triangle.png,[255, 0, 0],[255, 255, 0],45,135,2,0,3,1,nochange_ori,z,0,testing
3,dxy,f,19,index,True,809877,810648,/,circle.png,rect.png,circle.png,rect.png,[0, 255, 0],[255, 0, 0],45,0,3,2,1,0,change_col,/,3,testing
3,dxy,f,19,index,True,815304,815976,/,triangle.png,circle.png,triangle.png,circle.png,[0, 0, 255],[0, 255, 0],90,0,0,2,1,3,change_col,/,1,testing
3,dxy,f,19,index,True,820597,821608,z,diamond.png,rect.png,diamond.png,rect.png,[0, 255, 0],[0, 0, 255],45,90,1,2,0,3,nochange_ori,z,0,testing
3,dxy,f,19,index,True,826274,827800,/,diamond.png,circle.png,diamond.png,circle.png,[255, 0, 0],[255, 255, 0],90,45,2,3,1,0,change_col,/,3,testing
3,dxy,f,19,index,True,832519,833848,z,diamond.png,circle.png,diamond.png,circle.png,[255, 0, 0],[0, 255, 0],45,135,3,1,2,0,change_ori,/,2,testing
3,dxy,f,19,index,True,838546,839528,z,rect.png,circle.png,rect.png,circle.png,[0, 0, 255],[255, 255, 0],45,0,3,0,1,2,nochange_col,z,3,testing
3,dxy,f,19,index,True,844123,845287,z,triangle.png,rect.png,triangle.png,rect.png,[0, 0, 255],[0, 255, 0],0,45,0,3,1,2,nochange_col,z,1,testing
3,dxy,f,19,index,True,849883,850856,z,rect.png,circle.png,rect.png,circle.png,[255, 255, 0],[0, 0, 255],90,45,1,3,2,0,nochange_ori,z,2,testing
3,dxy,f,19,index,True,855494,856423,/,diamond.png,rect.png,diamond.png,rect.png,[255, 255, 0],[0, 255, 0],45,90,0,1,3,2,change_col,/,1,testing
3,dxy,f,19,index,True,861037,862087,/,triangle.png,diamond.png,triangle.png,diamond.png,[0, 0, 255],[255, 255, 0],0,45,1,2,3,0,change_col,/,3,testing
3,dxy,f,19,index,True,866747,867944,/,triangle.png,diamond.png,triangle.png,diamond.png,[0, 0, 255],[255, 0, 0],90,135,2,1,3,0,change_ori,/,2,testing
3,dxy,f,19,index,True,872609,873576,z,diamond.png,rect.png,diamond.png,rect.png,[0, 255, 0],[255, 0, 0],135,0,0,3,2,1,nochange_ori,z,2,testing
3,dxy,f,19,index,True,878186,879160,/,diamond.png,rect.png,diamond.png,rect.png,[255, 0, 0],[0, 0, 255],45,135,0,3,2,1,change_ori,/,0,testing
3,dxy,f,19,index,True,883846,886183,/,diamond.png,triangle.png,diamond.png,triangle.png,[0, 255, 0],[0, 0, 255],45,90,3,1,2,0,change_ori,/,0,testing
3,dxy,f,19,index,True,890809,891559,z,triangle.png,rect.png,triangle.png,rect.png,[0, 0, 255],[255, 255, 0],90,0,1,0,2,3,nochange_col,z,3,testing
3,dxy,f,19,index,True,896319,897111,z,rect.png,circle.png,rect.png,circle.png,[0, 255, 0],[255, 255, 0],45,135,1,3,0,2,nochange_col,z,3,testing
3,dxy,f,19,index,True,901678,902599,/,triangle.png,rect.png,triangle.png,rect.png,[0, 255, 0],[255, 255, 0],90,45,1,3,2,0,change_ori,/,0,testing
3,dxy,f,19,index,True,907239,909751,z,rect.png,diamond.png,rect.png,diamond.png,[255, 255, 0],[255, 0, 0],45,90,3,0,2,1,change_ori,/,2,testing
3,dxy,f,19,index,True,914486,915431,z,rect.png,triangle.png,rect.png,triangle.png,[0, 0, 255],[0, 255, 0],135,0,0,2,1,3,nochange_col,z,1,testing
3,dxy,f,19,index,True,920113,920903,z,circle.png,triangle.png,circle.png,triangle.png,[255, 255, 0],[0, 255, 0],135,0,2,0,1,3,nochange_ori,z,2,testing
3,dxy,f,19,index,True,925589,926359,z,triangle.png,circle.png,triangle.png,circle.png,[0, 0, 255],[0, 255, 0],45,135,2,1,3,0,nochange_col,z,1,testing
3,dxy,f,19,index,True,931116,931943,z,triangle.png,circle.png,triangle.png,circle.png,[0, 0, 255],[0, 255, 0],90,45,0,1,3,2,nochange_ori,z,2,testing
3,dxy,f,19,index,True,936559,937159,z,triangle.png,rect.png,triangle.png,rect.png,[0, 0, 255],[255, 255, 0],45,135,2,1,0,3,nochange_col,z,1,testing
3,dxy,f,19,index,True,941802,942615,/,circle.png,diamond.png,circle.png,diamond.png,[0, 255, 0],[255, 255, 0],135,45,3,2,1,0,change_col,/,1,testing
3,dxy,f,19,index,True,947179,948055,z,diamond.png,circle.png,diamond.png,circle.png,[255, 0, 0],[0, 255, 0],45,90,3,0,1,2,nochange_ori,z,0,testing
3,dxy,f,19,index,True,952823,953670,z,rect.png,circle.png,rect.png,circle.png,[0, 255, 0],[255, 0, 0],135,90,0,2,1,3,nochange_col,z,3,testing
3,dxy,f,19,index,True,958349,959126,/,triangle.png,diamond.png,triangle.png,diamond.png,[255, 255, 0],[255, 0, 0],45,0,3,2,1,0,change_col,/,3,testing
3,dxy,f,19,index,True,963759,964359,z,diamond.png,triangle.png,diamond.png,triangle.png,[255, 255, 0],[0, 0, 255],45,0,0,1,2,3,nochange_col,z,3,testing
3,dxy,f,19,index,True,969002,969638,z,diamond.png,triangle.png,diamond.png,triangle.png,[0, 0, 255],[0, 255, 0],135,0,3,1,2,0,nochange_ori,z,0,testing
3,dxy,f,19,index,True,974329,975302,z,triangle.png,rect.png,triangle.png,rect.png,[255, 255, 0],[0, 255, 0],90,0,1,2,0,3,nochange_col,z,1,testing
3,dxy,f,19,index,True,980055,982519,/,rect.png,circle.png,rect.png,circle.png,[0, 0, 255],[255, 255, 0],45,90,1,2,3,0,change_ori,/,2,testing
3,dxy,f,19,index,True,987168,987878,z,diamond.png,rect.png,diamond.png,rect.png,[255, 255, 0],[0, 255, 0],135,45,2,0,1,3,nochange_col,z,3,testing
3,dxy,f,19,index,True,992579,994071,z,circle.png,triangle.png,circle.png,triangle.png,[0, 0, 255],[255, 0, 0],45,135,1,2,3,0,nochange_ori,z,0,testing
3,dxy,f,19,index,True,998657,999366,/,diamond.png,triangle.png,diamond.png,triangle.png,[0, 0, 255],[0, 255, 0],0,90,1,2,0,3,change_col,/,3,testing
3,dxy,f,19,index,True,1004117,1005014,z,circle.png,triangle.png,circle.png,triangle.png,[0, 0, 255],[255, 255, 0],135,90,3,1,0,2,nochange_col,z,3,testing
3,dxy,f,19,index,True,1009593,1010182,z,rect.png,triangle.png,rect.png,triangle.png,[255, 0, 0],[255, 255, 0],0,45,0,3,1,2,nochange_ori,z,2,testing
3,dxy,f,19,index,True,1014802,1015590,/,triangle.png,diamond.png,triangle.png,diamond.png,[0, 255, 0],[255, 255, 0],90,135,1,3,2,0,change_col,/,1,testing
3,dxy,f,19,index,True,1020212,1021430,z,circle.png,diamond.png,circle.png,diamond.png,[0, 255, 0],[255, 0, 0],45,135,0,3,2,1,nochange_ori,z,2,testing
3,dxy,f,19,index,True,1026023,1026918,/,triangle.png,diamond.png,triangle.png,diamond.png,[0, 0, 255],[0, 255, 0],45,0,0,1,2,3,change_col,/,3,testing
3,dxy,f,19,index,True,1031583,1035221,/,rect.png,triangle.png,rect.png,triangle.png,[0, 255, 0],[255, 0, 0],135,0,0,2,3,1,change_ori,/,0,testing
3,dxy,f,19,index,True,1039815,1040758,z,triangle.png,circle.png,triangle.png,circle.png,[255, 0, 0],[0, 255, 0],0,135,3,1,0,2,nochange_col,z,1,testing
3,dxy,f,19,index,True,1045475,1046341,z,diamond.png,circle.png,diamond.png,circle.png,[255, 0, 0],[0, 0, 255],90,45,3,2,0,1,nochange_col,z,1,testing
3,dxy,f,19,index,True,1050918,1052341,z,diamond.png,triangle.png,diamond.png,triangle.png,[0, 255, 0],[255, 255, 0],45,90,0,2,3,1,change_ori,/,0,testing
3,dxy,f,19,index,True,1056980,1057910,/,circle.png,diamond.png,circle.png,diamond.png,[255, 255, 0],[0, 0, 255],0,90,1,2,3,0,change_ori,/,0,testing
3,dxy,f,19,index,True,1062640,1064885,/,triangle.png,diamond.png,triangle.png,diamond.png,[255, 255, 0],[0, 255, 0],45,135,0,2,1,3,change_ori,/,2,testing
3,dxy,f,19,index,True,1069570,1070598,z,diamond.png,rect.png,diamond.png,rect.png,[255, 255, 0],[0, 255, 0],0,45,3,2,1,0,change_ori,/,0,testing
3,dxy,f,19,index,True,1075263,1076566,z,circle.png,diamond.png,circle.png,diamond.png,[0, 255, 0],[0, 0, 255],90,135,1,2,3,0,nochange_ori,z,2,testing
3,dxy,f,19,index,True,1081158,1082614,/,circle.png,triangle.png,circle.png,triangle.png,[255, 255, 0],[0, 255, 0],0,135,1,0,2,3,nochange_ori,z,0,testing
3,dxy,f,19,index,True,1087369,1088133,z,circle.png,diamond.png,circle.png,diamond.png,[0, 255, 0],[0, 0, 255],90,45,3,0,2,1,nochange_ori,z,2,testing
3,dxy,f,19,index,True,1092879,1099606,/,circle.png,diamond.png,circle.png,diamond.png,[0, 255, 0],[255, 255, 0],90,45,2,3,1,0,nochange_ori,z,2,testing
3,dxy,f,19,index,True,1104333,1104965,/,circle.png,rect.png,circle.png,rect.png,[255, 255, 0],[0, 0, 255],90,0,2,3,1,0,change_col,/,3,testing
3,dxy,f,19,index,True,1109660,1111845,/,triangle.png,circle.png,triangle.png,circle.png,[0, 255, 0],[0, 0, 255],45,90,1,3,2,0,nochange_col,z,3,testing
3,dxy,f,19,index,True,1116489,1117238,/,rect.png,diamond.png,rect.png,diamond.png,[0, 0, 255],[255, 0, 0],45,90,2,1,0,3,change_col,/,1,testing
3,dxy,f,19,index,True,1121949,1122645,/,rect.png,circle.png,rect.png,circle.png,[0, 0, 255],[0, 255, 0],90,45,3,0,1,2,change_ori,/,2,testing
3,dxy,f,19,index,True,1127309,1129365,z,triangle.png,rect.png,triangle.png,rect.png,[255, 255, 0],[0, 0, 255],45,90,1,3,0,2,nochange_col,z,1,testing
3,dxy,f,19,index,True,1134105,1135317,/,rect.png,circle.png,rect.png,circle.png,[255, 0, 0],[0, 0, 255],90,135,1,0,3,2,change_col,/,1,testing
3,dxy,f,19,index,True,1139998,1140757,/,rect.png,triangle.png,rect.png,triangle.png,[0, 0, 255],[0, 255, 0],135,90,2,0,3,1,change_col,/,1,testing
3,dxy,f,19,index,True,1145409,1146677,/,rect.png,diamond.png,rect.png,diamond.png,[0, 0, 255],[255, 255, 0],0,90,2,1,0,3,change_col,/,3,testing
3,dxy,f,19,index,True,1151436,1152389,z,rect.png,triangle.png,rect.png,triangle.png,[0, 0, 255],[255, 0, 0],135,45,2,1,0,3,nochange_ori,z,0,testing
3,dxy,f,19,index,True,1157114,1158389,z,circle.png,diamond.png,circle.png,diamond.png,[255, 0, 0],[0, 0, 255],90,45,3,0,2,1,nochange_ori,z,2,testing
3,dxy,f,19,index,True,1163158,1163973,/,diamond.png,rect.png,diamond.png,rect.png,[255, 0, 0],[0, 255, 0],90,45,1,2,3,0,change_col,/,3,testing
3,dxy,f,19,index,True,1168735,1169588,z,diamond.png,circle.png,diamond.png,circle.png,[255, 255, 0],[0, 0, 255],90,0,2,1,0,3,nochange_col,z,3,testing
3,dxy,f,19,index,True,1174162,1175477,z,diamond.png,circle.png,diamond.png,circle.png,[255, 255, 0],[255, 0, 0],45,135,1,2,0,3,nochange_ori,z,0,testing
3,dxy,f,19,index,True,1180172,1181252,/,rect.png,triangle.png,rect.png,triangle.png,[255, 0, 0],[255, 255, 0],135,0,3,0,1,2,change_ori,/,2,testing
3,dxy,f,19,index,True,1185916,1186836,/,rect.png,triangle.png,rect.png,triangle.png,[255, 0, 0],[0, 255, 0],135,0,2,3,0,1,change_col,/,1,testing
3,dxy,f,19,index,True,1191493,1192500,/,rect.png,circle.png,rect.png,circle.png,[255, 255, 0],[0, 255, 0],0,90,1,0,2,3,change_ori,/,2,testing
3,dxy,f,19,index,True,1197070,1198037,/,rect.png,triangle.png,rect.png,triangle.png,[255, 255, 0],[255, 0, 0],0,90,2,1,3,0,change_ori,/,2,testing
3,dxy,f,19,index,True,1202781,1203477,/,triangle.png,circle.png,triangle.png,circle.png,[255, 255, 0],[0, 255, 0],45,90,3,0,1,2,change_col,/,3,testing
3,dxy,f,19,index,True,1208056,1208932,/,triangle.png,diamond.png,triangle.png,diamond.png,[0, 0, 255],[255, 255, 0],45,135,2,3,0,1,change_ori,/,2,testing
3,dxy,f,19,index,True,1213567,1214437,z,circle.png,triangle.png,circle.png,triangle.png,[255, 255, 0],[0, 0, 255],135,45,2,1,0,3,nochange_col,z,3,testing
3,dxy,f,19,index,True,1219210,1219924,/,diamond.png,rect.png,diamond.png,rect.png,[255, 0, 0],[0, 0, 255],45,135,1,0,2,3,change_col,/,1,testing
3,dxy,f,19,index,True,1224654,1225316,z,diamond.png,circle.png,diamond.png,circle.png,[0, 255, 0],[255, 0, 0],90,0,3,0,1,2,nochange_col,z,3,testing
3,dxy,f,19,index,True,1230030,1231108,/,triangle.png,rect.png,triangle.png,rect.png,[255, 255, 0],[0, 255, 0],0,135,2,1,0,3,change_ori,/,2,testing
3,dxy,f,19,index,True,1235774,1236388,z,diamond.png,circle.png,diamond.png,circle.png,[255, 255, 0],[0, 255, 0],45,0,0,3,2,1,nochange_col,z,3,testing
3,dxy,f,19,index,True,1241034,1241892,/,diamond.png,triangle.png,diamond.png,triangle.png,[255, 255, 0],[0, 0, 255],135,90,2,1,3,0,change_col,/,3,testing
