subj,name,gender,age,cond,P_resp,P_startTime,P_respTime,P_gotKey,shape1,shape2,shape3,shape4,color1,color2,color3,color4ori1,ori2,ori3,ori4ord_1,ord_2,ord_3,ord_4,task,correct_key,no_change,mode
3,dxy,f,19,noindex,True,52516,53526,/,rect.png,triangle.png,circle.png,diamond.png,[0, 255, 0],[255, 0, 0],0,90,1,3,0,2,change_ori,/,2,practice
3,dxy,f,19,noindex,True,58292,59061,/,circle.png,triangle.png,rect.png,diamond.png,[255, 255, 0],[0, 255, 0],90,0,0,1,2,3,change_ori,/,0,practice
3,dxy,f,19,noindex,True,63736,65141,/,triangle.png,diamond.png,rect.png,circle.png,[255, 255, 0],[0, 0, 255],45,90,3,1,2,0,change_ori,/,2,practice
3,dxy,f,19,noindex,True,69747,70533,z,triangle.png,diamond.png,rect.png,circle.png,[0, 255, 0],[255, 0, 0],0,45,2,3,0,1,nochange_col,z,3,practice
3,dxy,f,19,noindex,True,75240,77174,z,diamond.png,rect.png,triangle.png,circle.png,[255, 255, 0],[255, 0, 0],90,0,2,1,0,3,nochange_col,z,1,practice
3,dxy,f,19,noindex,True,81852,82741,/,circle.png,rect.png,diamond.png,triangle.png,[255, 255, 0],[0, 0, 255],0,45,0,2,1,3,change_col,/,1,practice
3,dxy,f,19,noindex,True,87479,88613,z,rect.png,triangle.png,circle.png,diamond.png,[0, 255, 0],[0, 0, 255],135,90,0,3,2,1,change_ori,/,2,practice
3,dxy,f,19,noindex,True,93224,93926,/,triangle.png,diamond.png,rect.png,circle.png,[0, 255, 0],[255, 0, 0],0,135,0,1,3,2,change_col,/,3,practice
3,dxy,f,19,noindex,True,98566,99493,/,triangle.png,rect.png,circle.png,diamond.png,[255, 0, 0],[255, 255, 0],90,0,3,0,2,1,change_ori,/,0,practice
3,dxy,f,19,noindex,True,104160,104901,z,circle.png,diamond.png,rect.png,triangle.png,[255, 255, 0],[255, 0, 0],45,0,1,2,3,0,nochange_col,z,1,practice
3,dxy,f,19,noindex,True,109570,110182,z,triangle.png,rect.png,diamond.png,circle.png,[255, 255, 0],[255, 0, 0],0,45,2,0,3,1,nochange_ori,z,0,practice
3,dxy,f,19,noindex,True,114796,115557,z,circle.png,triangle.png,diamond.png,rect.png,[0, 255, 0],[0, 0, 255],45,0,1,2,3,0,nochange_ori,z,2,practice
3,dxy,f,19,noindex,True,120206,121333,z,rect.png,triangle.png,circle.png,diamond.png,[0, 0, 255],[0, 255, 0],90,0,3,2,0,1,nochange_col,z,1,practice
3,dxy,f,19,noindex,True,126000,127077,z,diamond.png,circle.png,rect.png,triangle.png,[0, 255, 0],[0, 0, 255],45,135,2,1,3,0,nochange_ori,z,2,practice
3,dxy,f,19,noindex,True,131678,132565,/,rect.png,triangle.png,circle.png,diamond.png,[255, 0, 0],[255, 255, 0],0,135,1,3,0,2,change_col,/,1,practice
3,dxy,f,19,noindex,True,137137,137988,/,circle.png,rect.png,diamond.png,triangle.png,[255, 0, 0],[0, 255, 0],0,90,2,1,3,0,change_col,/,1,practice
3,dxy,f,19,noindex,True,142597,143957,z,triangle.png,circle.png,rect.png,diamond.png,[255, 255, 0],[0, 255, 0],45,135,0,1,2,3,nochange_ori,z,2,practice
3,dxy,f,19,noindex,True,148592,149541,z,circle.png,rect.png,triangle.png,diamond.png,[255, 255, 0],[0, 255, 0],0,135,3,1,0,2,nochange_ori,z,2,practice
3,dxy,f,19,noindex,True,154202,155141,z,rect.png,circle.png,triangle.png,diamond.png,[0, 0, 255],[255, 0, 0],45,135,1,2,0,3,nochange_col,z,3,practice
3,dxy,f,19,noindex,True,159728,160709,/,rect.png,triangle.png,diamond.png,circle.png,[0, 255, 0],[255, 0, 0],135,90,3,2,0,1,change_col,/,1,practice
3,dxy,f,19,noindex,True,170982,173604,/,rect.png,circle.png,diamond.png,triangle.png,[255, 0, 0],[0, 255, 0],0,135,3,0,1,2,change_ori,/,0,testing
3,dxy,f,19,noindex,True,178179,179268,/,rect.png,circle.png,triangle.png,diamond.png,[255, 255, 0],[0, 0, 255],90,45,0,2,1,3,change_col,/,3,testing
3,dxy,f,19,noindex,True,184040,184724,z,circle.png,diamond.png,triangle.png,rect.png,[255, 255, 0],[0, 0, 255],0,90,0,2,3,1,nochange_col,z,1,testing
3,dxy,f,19,noindex,True,189333,191316,/,rect.png,circle.png,diamond.png,triangle.png,[255, 0, 0],[255, 255, 0],135,45,0,2,3,1,change_ori,/,2,testing
3,dxy,f,19,noindex,True,196045,196884,z,rect.png,diamond.png,circle.png,triangle.png,[0, 0, 255],[0, 255, 0],135,45,3,2,1,0,nochange_col,z,1,testing
3,dxy,f,19,noindex,True,201572,202692,z,circle.png,rect.png,diamond.png,triangle.png,[0, 0, 255],[0, 255, 0],135,45,1,3,2,0,nochange_ori,z,0,testing
3,dxy,f,19,noindex,True,207299,208100,/,circle.png,rect.png,triangle.png,diamond.png,[0, 255, 0],[0, 0, 255],0,135,2,0,1,3,change_ori,/,0,testing
3,dxy,f,19,noindex,True,212725,213492,z,triangle.png,circle.png,diamond.png,rect.png,[255, 0, 0],[0, 255, 0],90,135,3,0,2,1,nochange_col,z,3,testing
3,dxy,f,19,noindex,True,218252,219045,z,rect.png,diamond.png,circle.png,triangle.png,[255, 255, 0],[0, 0, 255],90,0,3,2,0,1,nochange_ori,z,0,testing
3,dxy,f,19,noindex,True,223796,225124,/,diamond.png,rect.png,circle.png,triangle.png,[0, 255, 0],[0, 0, 255],90,45,2,3,1,0,change_ori,/,2,testing
3,dxy,f,19,noindex,True,229840,230900,/,circle.png,diamond.png,triangle.png,rect.png,[255, 255, 0],[0, 255, 0],135,90,2,1,3,0,change_col,/,3,testing
3,dxy,f,19,noindex,True,235534,236244,z,rect.png,triangle.png,diamond.png,circle.png,[255, 255, 0],[255, 0, 0],0,45,1,0,2,3,nochange_ori,z,0,testing
3,dxy,f,19,noindex,True,240844,241779,z,triangle.png,diamond.png,rect.png,circle.png,[0, 0, 255],[255, 255, 0],90,135,1,2,3,0,nochange_ori,z,0,testing
3,dxy,f,19,noindex,True,246404,247267,z,circle.png,rect.png,diamond.png,triangle.png,[0, 0, 255],[255, 255, 0],45,135,3,2,1,0,nochange_col,z,1,testing
3,dxy,f,19,noindex,True,251947,254483,/,circle.png,diamond.png,rect.png,triangle.png,[255, 0, 0],[255, 255, 0],45,0,0,2,3,1,change_col,/,3,testing
3,dxy,f,19,noindex,True,259110,259860,/,triangle.png,diamond.png,rect.png,circle.png,[0, 255, 0],[0, 0, 255],90,45,0,1,2,3,change_col,/,3,testing
3,dxy,f,19,noindex,True,264638,265764,/,triangle.png,diamond.png,rect.png,circle.png,[0, 255, 0],[0, 0, 255],90,0,2,0,1,3,change_col,/,1,testing
3,dxy,f,19,noindex,True,270397,271395,z,rect.png,diamond.png,circle.png,triangle.png,[255, 255, 0],[0, 0, 255],135,0,3,2,0,1,nochange_ori,z,0,testing
3,dxy,f,19,noindex,True,276092,276771,/,diamond.png,rect.png,triangle.png,circle.png,[255, 0, 0],[0, 255, 0],90,45,1,0,2,3,change_col,/,1,testing
3,dxy,f,19,noindex,True,281485,282916,z,diamond.png,circle.png,triangle.png,rect.png,[255, 0, 0],[0, 0, 255],45,135,2,0,3,1,nochange_ori,z,2,testing
3,dxy,f,19,noindex,True,287546,288468,/,rect.png,triangle.png,circle.png,diamond.png,[0, 255, 0],[255, 0, 0],45,0,0,3,1,2,change_ori,/,2,testing
3,dxy,f,19,noindex,True,293073,293956,z,triangle.png,rect.png,circle.png,diamond.png,[255, 255, 0],[0, 0, 255],45,0,2,1,3,0,nochange_col,z,3,testing
3,dxy,f,19,noindex,True,298550,299155,/,rect.png,triangle.png,diamond.png,circle.png,[255, 255, 0],[255, 0, 0],45,135,2,3,0,1,change_col,/,1,testing
3,dxy,f,19,noindex,True,303942,305187,/,circle.png,triangle.png,diamond.png,rect.png,[0, 0, 255],[255, 255, 0],135,0,2,1,0,3,change_ori,/,2,testing
3,dxy,f,19,noindex,True,309804,310468,z,triangle.png,diamond.png,circle.png,rect.png,[255, 255, 0],[0, 0, 255],45,90,3,1,2,0,nochange_col,z,3,testing
3,dxy,f,19,noindex,True,315213,315876,z,rect.png,circle.png,diamond.png,triangle.png,[255, 0, 0],[0, 0, 255],0,45,1,0,3,2,nochange_col,z,3,testing
3,dxy,f,19,noindex,True,320439,323283,/,rect.png,triangle.png,diamond.png,circle.png,[255, 0, 0],[255, 255, 0],0,135,2,0,3,1,change_ori,/,2,testing
3,dxy,f,19,noindex,True,327870,328596,z,rect.png,triangle.png,circle.png,diamond.png,[255, 0, 0],[0, 0, 255],90,0,3,2,0,1,nochange_col,z,3,testing
3,dxy,f,19,noindex,True,333196,334163,z,circle.png,rect.png,diamond.png,triangle.png,[255, 0, 0],[0, 255, 0],45,90,1,3,0,2,nochange_ori,z,0,testing
3,dxy,f,19,noindex,True,338757,339491,z,circle.png,rect.png,diamond.png,triangle.png,[255, 255, 0],[0, 255, 0],0,135,0,3,1,2,nochange_col,z,3,testing
3,dxy,f,19,noindex,True,344116,345283,/,triangle.png,diamond.png,rect.png,circle.png,[0, 0, 255],[255, 255, 0],45,90,2,0,1,3,change_col,/,3,testing
3,dxy,f,19,noindex,True,350044,350932,/,triangle.png,circle.png,diamond.png,rect.png,[255, 0, 0],[0, 255, 0],90,135,0,1,3,2,change_col,/,1,testing
3,dxy,f,19,noindex,True,355621,357203,z,triangle.png,circle.png,rect.png,diamond.png,[255, 0, 0],[0, 0, 255],135,0,3,0,1,2,nochange_col,z,3,testing
3,dxy,f,19,noindex,True,361898,362691,z,triangle.png,rect.png,diamond.png,circle.png,[255, 255, 0],[255, 0, 0],90,0,3,0,2,1,nochange_ori,z,0,testing
3,dxy,f,19,noindex,True,367426,368323,/,circle.png,triangle.png,rect.png,diamond.png,[0, 255, 0],[255, 255, 0],45,135,1,2,0,3,change_ori,/,0,testing
3,dxy,f,19,noindex,True,372969,373667,z,triangle.png,rect.png,circle.png,diamond.png,[255, 0, 0],[0, 0, 255],90,135,3,1,2,0,nochange_col,z,3,testing
3,dxy,f,19,noindex,True,378245,378979,/,rect.png,diamond.png,circle.png,triangle.png,[0, 255, 0],[255, 0, 0],135,45,0,1,3,2,change_ori,/,2,testing
3,dxy,f,19,noindex,True,383622,384275,/,rect.png,diamond.png,triangle.png,circle.png,[0, 255, 0],[255, 255, 0],90,0,0,2,3,1,change_col,/,3,testing
3,dxy,f,19,noindex,True,388948,390259,z,circle.png,triangle.png,rect.png,diamond.png,[255, 255, 0],[255, 0, 0],135,90,2,3,0,1,nochange_col,z,3,testing
3,dxy,f,19,noindex,True,395026,395843,z,rect.png,circle.png,diamond.png,triangle.png,[255, 255, 0],[255, 0, 0],90,45,0,2,3,1,nochange_col,z,1,testing
3,dxy,f,19,noindex,True,400553,401779,/,rect.png,circle.png,diamond.png,triangle.png,[0, 255, 0],[255, 255, 0],90,45,2,1,0,3,change_ori,/,0,testing
3,dxy,f,19,noindex,True,406347,407106,z,circle.png,diamond.png,triangle.png,rect.png,[255, 255, 0],[0, 255, 0],135,0,3,0,1,2,nochange_ori,z,2,testing
3,dxy,f,19,noindex,True,411807,412562,/,rect.png,diamond.png,triangle.png,circle.png,[0, 255, 0],[255, 255, 0],45,0,3,0,2,1,change_ori,/,2,testing
3,dxy,f,19,noindex,True,417167,417923,/,circle.png,rect.png,triangle.png,diamond.png,[0, 255, 0],[255, 255, 0],0,90,1,2,3,0,change_ori,/,0,testing
3,dxy,f,19,noindex,True,422677,423618,/,rect.png,circle.png,triangle.png,diamond.png,[0, 255, 0],[255, 0, 0],90,0,0,3,2,1,change_col,/,3,testing
3,dxy,f,19,noindex,True,428353,429203,/,triangle.png,diamond.png,circle.png,rect.png,[0, 255, 0],[255, 255, 0],45,90,3,2,1,0,change_ori,/,2,testing
3,dxy,f,19,noindex,True,433780,434610,/,triangle.png,diamond.png,circle.png,rect.png,[0, 255, 0],[255, 0, 0],0,90,3,1,2,0,change_ori,/,0,testing
3,dxy,f,19,noindex,True,439257,443138,/,diamond.png,triangle.png,rect.png,circle.png,[255, 255, 0],[255, 0, 0],90,0,1,3,2,0,change_ori,/,2,testing
3,dxy,f,19,noindex,True,447789,448498,/,circle.png,triangle.png,diamond.png,rect.png,[255, 0, 0],[0, 255, 0],135,45,0,2,1,3,change_col,/,1,testing
3,dxy,f,19,noindex,True,453116,453906,/,triangle.png,rect.png,diamond.png,circle.png,[255, 255, 0],[255, 0, 0],0,90,2,1,3,0,change_ori,/,0,testing
3,dxy,f,19,noindex,True,458609,459778,/,diamond.png,circle.png,rect.png,triangle.png,[0, 0, 255],[0, 255, 0],0,45,0,2,3,1,change_ori,/,2,testing
3,dxy,f,19,noindex,True,464420,465458,/,triangle.png,rect.png,circle.png,diamond.png,[0, 0, 255],[255, 255, 0],0,45,0,3,1,2,change_ori,/,2,testing
3,dxy,f,19,noindex,True,470047,471538,z,circle.png,triangle.png,rect.png,diamond.png,[255, 0, 0],[0, 255, 0],90,0,2,3,1,0,nochange_ori,z,0,testing
3,dxy,f,19,noindex,True,476241,476931,z,circle.png,diamond.png,triangle.png,rect.png,[255, 0, 0],[0, 255, 0],90,135,3,0,1,2,nochange_col,z,3,testing
3,dxy,f,19,noindex,True,481568,482674,/,diamond.png,rect.png,circle.png,triangle.png,[0, 255, 0],[255, 255, 0],45,90,1,3,0,2,change_ori,/,0,testing
3,dxy,f,19,noindex,True,487295,488722,z,rect.png,diamond.png,triangle.png,circle.png,[255, 255, 0],[255, 0, 0],0,90,0,3,1,2,nochange_ori,z,2,testing
3,dxy,f,19,noindex,True,493390,494258,/,triangle.png,diamond.png,rect.png,circle.png,[0, 0, 255],[0, 255, 0],45,0,0,1,2,3,change_col,/,1,testing
3,dxy,f,19,noindex,True,498833,499906,z,rect.png,diamond.png,triangle.png,circle.png,[255, 255, 0],[0, 0, 255],0,45,1,0,3,2,nochange_ori,z,2,testing
3,dxy,f,19,noindex,True,504526,506082,z,circle.png,diamond.png,rect.png,triangle.png,[255, 0, 0],[0, 0, 255],90,135,2,1,0,3,nochange_ori,z,0,testing
3,dxy,f,19,noindex,True,510672,511506,z,circle.png,triangle.png,diamond.png,rect.png,[0, 255, 0],[255, 255, 0],90,135,2,3,1,0,nochange_col,z,1,testing
3,dxy,f,19,noindex,True,516098,516866,/,diamond.png,rect.png,triangle.png,circle.png,[0, 255, 0],[255, 255, 0],90,0,3,0,2,1,change_col,/,1,testing
3,dxy,f,19,noindex,True,521458,522178,/,circle.png,rect.png,diamond.png,triangle.png,[0, 255, 0],[0, 0, 255],45,90,0,2,3,1,change_col,/,1,testing
3,dxy,f,19,noindex,True,526885,527746,z,rect.png,diamond.png,triangle.png,circle.png,[255, 255, 0],[0, 255, 0],90,45,0,1,2,3,nochange_col,z,1,testing
3,dxy,f,19,noindex,True,532394,533122,/,circle.png,triangle.png,rect.png,diamond.png,[0, 0, 255],[255, 0, 0],45,90,0,3,1,2,change_col,/,1,testing
3,dxy,f,19,noindex,True,537838,538626,/,rect.png,diamond.png,circle.png,triangle.png,[0, 255, 0],[255, 0, 0],0,45,2,0,3,1,change_col,/,1,testing
3,dxy,f,19,noindex,True,543265,544817,/,triangle.png,circle.png,diamond.png,rect.png,[255, 255, 0],[0, 0, 255],45,90,3,0,2,1,nochange_ori,z,2,testing
3,dxy,f,19,noindex,True,549559,550386,z,circle.png,triangle.png,rect.png,diamond.png,[255, 255, 0],[0, 0, 255],0,135,1,3,0,2,nochange_col,z,3,testing
3,dxy,f,19,noindex,True,555036,555809,/,rect.png,triangle.png,circle.png,diamond.png,[0, 0, 255],[0, 255, 0],0,90,0,2,1,3,change_col,/,3,testing
3,dxy,f,19,noindex,True,560546,561281,z,triangle.png,circle.png,rect.png,diamond.png,[255, 0, 0],[0, 255, 0],90,0,3,0,1,2,nochange_col,z,3,testing
3,dxy,f,19,noindex,True,565873,566594,/,triangle.png,rect.png,circle.png,diamond.png,[255, 255, 0],[0, 255, 0],45,0,2,3,0,1,change_col,/,1,testing
3,dxy,f,19,noindex,True,571216,572209,z,diamond.png,rect.png,circle.png,triangle.png,[0, 0, 255],[0, 255, 0],45,90,3,2,1,0,nochange_col,z,3,testing
3,dxy,f,19,noindex,True,576793,577825,z,triangle.png,rect.png,circle.png,diamond.png,[0, 0, 255],[255, 0, 0],90,135,2,1,3,0,nochange_ori,z,2,testing
3,dxy,f,19,noindex,True,582519,583297,z,circle.png,diamond.png,triangle.png,rect.png,[255, 0, 0],[0, 0, 255],135,90,1,2,3,0,nochange_ori,z,2,testing
3,dxy,f,19,noindex,True,587946,588657,z,circle.png,diamond.png,triangle.png,rect.png,[0, 255, 0],[255, 255, 0],45,0,1,2,3,0,nochange_ori,z,0,testing
3,dxy,f,19,noindex,True,593289,594705,/,rect.png,circle.png,diamond.png,triangle.png,[255, 255, 0],[0, 0, 255],45,90,2,0,1,3,change_ori,/,0,testing
3,dxy,f,19,noindex,True,599266,600609,z,triangle.png,diamond.png,rect.png,circle.png,[0, 255, 0],[0, 0, 255],90,135,2,3,0,1,nochange_ori,z,0,testing
3,dxy,f,19,noindex,True,605262,605937,z,circle.png,diamond.png,triangle.png,rect.png,[0, 255, 0],[0, 0, 255],135,0,2,0,1,3,nochange_col,z,1,testing
3,dxy,f,19,noindex,True,610571,611665,z,triangle.png,circle.png,diamond.png,rect.png,[255, 0, 0],[0, 0, 255],45,135,2,1,0,3,nochange_ori,z,2,testing
3,dxy,f,19,noindex,True,616265,616993,/,diamond.png,rect.png,triangle.png,circle.png,[255, 0, 0],[255, 255, 0],135,0,1,3,0,2,change_col,/,1,testing
3,dxy,f,19,noindex,True,621708,622209,z,circle.png,triangle.png,diamond.png,rect.png,[0, 0, 255],[255, 255, 0],90,45,3,2,1,0,nochange_ori,z,0,testing
3,dxy,f,19,noindex,True,629405,630449,/,triangle.png,rect.png,diamond.png,circle.png,[0, 255, 0],[255, 255, 0],135,45,0,3,2,1,change_ori,/,2,testing
3,dxy,f,19,noindex,True,635032,635808,/,circle.png,diamond.png,rect.png,triangle.png,[0, 255, 0],[0, 0, 255],0,45,1,0,3,2,change_col,/,1,testing
3,dxy,f,19,noindex,True,640426,641505,z,diamond.png,triangle.png,circle.png,rect.png,[255, 0, 0],[0, 0, 255],135,45,2,0,3,1,nochange_ori,z,0,testing
3,dxy,f,19,noindex,True,646086,647009,/,diamond.png,rect.png,triangle.png,circle.png,[255, 0, 0],[0, 255, 0],90,0,3,1,2,0,change_ori,/,0,testing
3,dxy,f,19,noindex,True,651646,652944,z,diamond.png,rect.png,triangle.png,circle.png,[255, 255, 0],[0, 0, 255],0,90,0,1,2,3,nochange_ori,z,0,testing
3,dxy,f,19,noindex,True,657523,658160,/,circle.png,rect.png,diamond.png,triangle.png,[0, 255, 0],[255, 255, 0],135,0,3,1,2,0,change_col,/,1,testing
3,dxy,f,19,noindex,True,662816,663776,z,rect.png,circle.png,triangle.png,diamond.png,[0, 0, 255],[255, 255, 0],90,0,3,0,1,2,nochange_ori,z,2,testing
3,dxy,f,19,noindex,True,668410,669217,/,rect.png,circle.png,diamond.png,triangle.png,[255, 255, 0],[255, 0, 0],45,135,1,3,0,2,change_col,/,1,testing
3,dxy,f,19,noindex,True,673870,674784,z,circle.png,triangle.png,diamond.png,rect.png,[255, 0, 0],[255, 255, 0],0,45,0,1,3,2,nochange_col,z,1,testing
3,dxy,f,19,noindex,True,679498,680240,z,triangle.png,diamond.png,circle.png,rect.png,[255, 0, 0],[255, 255, 0],90,135,1,2,3,0,nochange_ori,z,0,testing
3,dxy,f,19,noindex,True,684907,686080,z,rect.png,diamond.png,triangle.png,circle.png,[255, 255, 0],[0, 0, 255],90,45,1,0,2,3,nochange_col,z,1,testing
3,dxy,f,19,noindex,True,690701,694575,/,diamond.png,triangle.png,circle.png,rect.png,[0, 0, 255],[0, 255, 0],45,0,0,3,1,2,change_ori,/,2,testing
3,dxy,f,19,noindex,True,699266,699936,z,triangle.png,circle.png,diamond.png,rect.png,[0, 255, 0],[0, 0, 255],90,0,2,0,1,3,nochange_col,z,1,testing
3,dxy,f,19,noindex,True,704677,705824,z,triangle.png,rect.png,diamond.png,circle.png,[0, 0, 255],[255, 255, 0],45,135,0,3,1,2,nochange_ori,z,2,testing
3,dxy,f,19,noindex,True,710421,711248,/,diamond.png,rect.png,triangle.png,circle.png,[0, 0, 255],[0, 255, 0],135,45,3,2,0,1,change_col,/,1,testing
3,dxy,f,19,noindex,True,716015,716528,z,diamond.png,circle.png,triangle.png,rect.png,[0, 255, 0],[255, 0, 0],45,135,3,0,2,1,change_ori,/,2,testing
3,dxy,f,19,noindex,True,721240,722016,z,circle.png,diamond.png,triangle.png,rect.png,[255, 255, 0],[0, 0, 255],135,90,1,3,2,0,nochange_ori,z,0,testing
3,dxy,f,19,noindex,True,726767,727535,/,rect.png,triangle.png,circle.png,diamond.png,[0, 255, 0],[255, 255, 0],135,90,1,0,2,3,change_col,/,3,testing
3,dxy,f,19,noindex,True,732294,733344,/,circle.png,rect.png,diamond.png,triangle.png,[0, 255, 0],[0, 0, 255],0,45,1,3,0,2,change_ori,/,0,testing
3,dxy,f,19,noindex,True,737921,738864,/,diamond.png,triangle.png,rect.png,circle.png,[0, 0, 255],[0, 255, 0],90,0,3,0,1,2,change_ori,/,0,testing
3,dxy,f,19,noindex,True,743548,744544,/,triangle.png,rect.png,circle.png,diamond.png,[0, 255, 0],[255, 255, 0],90,135,3,1,2,0,change_ori,/,2,testing
3,dxy,f,19,noindex,True,749208,750000,z,circle.png,rect.png,diamond.png,triangle.png,[255, 0, 0],[0, 255, 0],90,135,2,0,1,3,nochange_col,z,3,testing
3,dxy,f,19,noindex,True,754719,756016,/,triangle.png,rect.png,diamond.png,circle.png,[0, 0, 255],[255, 255, 0],45,135,0,3,2,1,change_ori,/,2,testing
3,dxy,f,19,noindex,True,760696,761311,z,triangle.png,diamond.png,rect.png,circle.png,[255, 0, 0],[255, 255, 0],0,135,0,1,2,3,nochange_col,z,1,testing
3,dxy,f,19,noindex,True,765889,766672,z,triangle.png,rect.png,circle.png,diamond.png,[255, 255, 0],[0, 255, 0],135,0,0,2,1,3,nochange_col,z,1,testing
3,dxy,f,19,noindex,True,771399,772607,/,triangle.png,rect.png,circle.png,diamond.png,[255, 255, 0],[0, 255, 0],0,90,1,3,0,2,change_ori,/,2,testing
3,dxy,f,19,noindex,True,777360,778271,/,triangle.png,rect.png,diamond.png,circle.png,[255, 255, 0],[0, 255, 0],45,90,2,1,0,3,change_ori,/,0,testing
3,dxy,f,19,noindex,True,782936,783487,z,rect.png,circle.png,diamond.png,triangle.png,[0, 255, 0],[255, 0, 0],90,135,0,1,3,2,nochange_col,z,1,testing
3,dxy,f,19,noindex,True,788113,788911,z,diamond.png,circle.png,triangle.png,rect.png,[255, 0, 0],[0, 0, 255],135,90,0,1,3,2,nochange_ori,z,0,testing
3,dxy,f,19,noindex,True,793606,795199,/,diamond.png,rect.png,triangle.png,circle.png,[255, 255, 0],[0, 0, 255],90,135,1,2,0,3,change_ori,/,0,testing
3,dxy,f,19,noindex,True,799918,802848,/,diamond.png,triangle.png,circle.png,rect.png,[255, 0, 0],[0, 0, 255],90,45,0,1,3,2,change_ori,/,0,testing
3,dxy,f,19,noindex,True,807565,808783,z,triangle.png,diamond.png,circle.png,rect.png,[0, 255, 0],[255, 255, 0],45,90,0,3,1,2,nochange_ori,z,2,testing
3,dxy,f,19,noindex,True,813459,814559,/,rect.png,diamond.png,triangle.png,circle.png,[0, 255, 0],[255, 0, 0],135,45,2,0,1,3,change_col,/,3,testing
3,dxy,f,19,noindex,True,819236,820031,/,circle.png,diamond.png,rect.png,triangle.png,[255, 255, 0],[0, 255, 0],90,135,1,3,2,0,change_col,/,3,testing
3,dxy,f,19,noindex,True,824597,825279,/,circle.png,diamond.png,triangle.png,rect.png,[0, 255, 0],[255, 0, 0],0,135,1,2,0,3,change_col,/,1,testing
3,dxy,f,19,noindex,True,829856,830591,z,rect.png,triangle.png,diamond.png,circle.png,[255, 255, 0],[0, 0, 255],0,90,2,1,0,3,nochange_ori,z,2,testing
3,dxy,f,19,noindex,True,835199,835854,/,rect.png,triangle.png,diamond.png,circle.png,[0, 255, 0],[0, 0, 255],90,135,2,1,3,0,change_col,/,1,testing
3,dxy,f,19,noindex,True,840609,841439,/,triangle.png,diamond.png,rect.png,circle.png,[0, 255, 0],[255, 255, 0],0,45,1,3,0,2,change_ori,/,0,testing
3,dxy,f,19,noindex,True,846019,846751,/,circle.png,triangle.png,rect.png,diamond.png,[0, 255, 0],[255, 255, 0],45,90,2,3,0,1,change_col,/,3,testing
3,dxy,f,19,noindex,True,851379,852047,/,diamond.png,triangle.png,circle.png,rect.png,[0, 255, 0],[255, 255, 0],0,90,0,2,1,3,change_col,/,3,testing
3,dxy,f,19,noindex,True,856806,859391,/,diamond.png,triangle.png,rect.png,circle.png,[0, 0, 255],[255, 0, 0],135,45,0,2,1,3,nochange_ori,z,0,testing
3,dxy,f,19,noindex,True,864119,865039,/,diamond.png,triangle.png,circle.png,rect.png,[255, 255, 0],[0, 0, 255],90,0,0,2,1,3,change_ori,/,2,testing
3,dxy,f,19,noindex,True,869679,871518,z,diamond.png,circle.png,rect.png,triangle.png,[0, 255, 0],[255, 0, 0],90,45,3,1,0,2,nochange_ori,z,0,testing
3,dxy,f,19,noindex,True,876091,877150,z,triangle.png,diamond.png,rect.png,circle.png,[255, 0, 0],[0, 0, 255],135,0,0,2,1,3,nochange_ori,z,0,testing
3,dxy,f,19,noindex,True,881767,882959,z,circle.png,diamond.png,triangle.png,rect.png,[0, 0, 255],[255, 255, 0],135,90,3,0,1,2,nochange_col,z,1,testing
3,dxy,f,19,noindex,True,887596,888927,/,circle.png,diamond.png,rect.png,triangle.png,[255, 0, 0],[0, 255, 0],45,135,1,2,0,3,change_col,/,3,testing
3,dxy,f,19,noindex,True,893557,894526,z,diamond.png,circle.png,rect.png,triangle.png,[0, 255, 0],[255, 0, 0],90,45,3,0,2,1,nochange_ori,z,0,testing
3,dxy,f,19,noindex,True,899099,900463,/,rect.png,circle.png,triangle.png,diamond.png,[255, 0, 0],[255, 255, 0],0,135,2,3,1,0,change_col,/,3,testing
3,dxy,f,19,noindex,True,905144,905950,/,rect.png,triangle.png,circle.png,diamond.png,[255, 0, 0],[255, 255, 0],135,45,3,1,2,0,change_ori,/,2,testing
3,dxy,f,19,noindex,True,910687,911550,/,triangle.png,rect.png,diamond.png,circle.png,[0, 0, 255],[255, 255, 0],0,90,3,1,2,0,change_col,/,1,testing
3,dxy,f,19,noindex,True,916197,917662,/,circle.png,triangle.png,diamond.png,rect.png,[0, 0, 255],[255, 0, 0],135,0,2,0,1,3,change_ori,/,0,testing
3,dxy,f,19,noindex,True,922308,923102,z,circle.png,diamond.png,rect.png,triangle.png,[0, 255, 0],[0, 0, 255],90,45,0,1,3,2,nochange_col,z,1,testing
3,dxy,f,19,noindex,True,927802,928526,/,rect.png,circle.png,triangle.png,diamond.png,[0, 255, 0],[255, 255, 0],90,45,2,0,3,1,change_col,/,3,testing
3,dxy,f,19,noindex,True,933129,934062,/,diamond.png,circle.png,triangle.png,rect.png,[0, 0, 255],[0, 255, 0],135,45,2,0,1,3,change_ori,/,0,testing
3,dxy,f,19,noindex,True,938739,939566,z,rect.png,circle.png,triangle.png,diamond.png,[255, 0, 0],[255, 255, 0],135,90,0,1,2,3,nochange_col,z,3,testing
3,dxy,f,19,noindex,True,944148,944846,z,circle.png,diamond.png,triangle.png,rect.png,[255, 255, 0],[255, 0, 0],45,90,0,1,2,3,nochange_col,z,3,testing
3,dxy,f,19,noindex,True,949459,950398,/,diamond.png,circle.png,triangle.png,rect.png,[0, 255, 0],[0, 0, 255],45,135,1,0,3,2,change_col,/,3,testing
3,dxy,f,19,noindex,True,955119,955725,z,circle.png,triangle.png,diamond.png,rect.png,[0, 255, 0],[255, 255, 0],90,0,2,0,1,3,nochange_col,z,3,testing
3,dxy,f,19,noindex,True,960311,961437,z,rect.png,triangle.png,diamond.png,circle.png,[255, 255, 0],[255, 0, 0],135,0,0,2,1,3,nochange_ori,z,2,testing
3,dxy,f,19,noindex,True,966206,967470,/,circle.png,rect.png,triangle.png,diamond.png,[255, 255, 0],[0, 255, 0],45,90,0,3,2,1,change_ori,/,0,testing
3,dxy,f,19,noindex,True,972150,972941,/,rect.png,triangle.png,diamond.png,circle.png,[255, 0, 0],[255, 255, 0],90,135,3,0,1,2,change_col,/,3,testing
3,dxy,f,19,noindex,True,977643,978366,/,circle.png,rect.png,diamond.png,triangle.png,[0, 0, 255],[255, 0, 0],0,135,0,1,3,2,change_col,/,1,testing
3,dxy,f,19,noindex,True,983003,983661,z,circle.png,diamond.png,triangle.png,rect.png,[0, 0, 255],[255, 255, 0],45,90,2,1,0,3,nochange_col,z,1,testing
3,dxy,f,19,noindex,True,988263,988958,z,rect.png,diamond.png,circle.png,triangle.png,[255, 0, 0],[0, 255, 0],45,0,1,2,0,3,nochange_col,z,3,testing
3,dxy,f,19,noindex,True,993606,994861,z,triangle.png,circle.png,rect.png,diamond.png,[0, 255, 0],[0, 0, 255],0,90,0,1,2,3,nochange_ori,z,0,testing
3,dxy,f,19,noindex,True,999516,1000349,/,rect.png,circle.png,diamond.png,triangle.png,[0, 0, 255],[255, 255, 0],135,0,0,1,2,3,change_ori,/,0,testing
3,dxy,f,19,noindex,True,1005011,1006029,z,triangle.png,rect.png,diamond.png,circle.png,[255, 0, 0],[255, 255, 0],0,45,1,3,0,2,nochange_ori,z,2,testing
3,dxy,f,19,noindex,True,1010603,1011549,/,triangle.png,diamond.png,circle.png,rect.png,[0, 255, 0],[255, 255, 0],0,90,1,0,3,2,change_col,/,1,testing
3,dxy,f,19,noindex,True,1016230,1016829,z,rect.png,circle.png,diamond.png,triangle.png,[0, 0, 255],[0, 255, 0],90,135,3,2,1,0,nochange_ori,z,0,testing
3,dxy,f,19,noindex,True,1021607,1022333,z,triangle.png,circle.png,rect.png,diamond.png,[0, 0, 255],[255, 255, 0],135,0,0,1,2,3,nochange_col,z,3,testing
3,dxy,f,19,noindex,True,1027034,1027741,/,triangle.png,circle.png,diamond.png,rect.png,[255, 255, 0],[0, 0, 255],0,135,0,3,1,2,change_col,/,1,testing
3,dxy,f,19,noindex,True,1032344,1033037,z,rect.png,diamond.png,triangle.png,circle.png,[255, 255, 0],[0, 255, 0],45,0,0,1,2,3,nochange_col,z,3,testing
3,dxy,f,19,noindex,True,1037737,1038365,z,rect.png,circle.png,diamond.png,triangle.png,[255, 255, 0],[255, 0, 0],0,90,2,0,3,1,nochange_col,z,1,testing
3,dxy,f,19,noindex,True,1042930,1043564,z,rect.png,diamond.png,triangle.png,circle.png,[0, 0, 255],[255, 0, 0],45,135,1,2,3,0,nochange_col,z,1,testing
3,dxy,f,19,noindex,True,1048223,1049324,z,triangle.png,circle.png,diamond.png,rect.png,[255, 255, 0],[0, 0, 255],45,90,2,1,0,3,nochange_ori,z,2,testing
3,dxy,f,19,noindex,True,1054000,1055085,z,diamond.png,triangle.png,rect.png,circle.png,[0, 255, 0],[255, 0, 0],90,135,0,3,1,2,nochange_ori,z,0,testing
3,dxy,f,19,noindex,True,1059677,1061117,z,rect.png,diamond.png,circle.png,triangle.png,[0, 0, 255],[0, 255, 0],0,45,0,1,3,2,change_ori,/,0,testing
3,dxy,f,19,noindex,True,1065688,1066589,z,circle.png,rect.png,diamond.png,triangle.png,[0, 255, 0],[255, 0, 0],135,0,0,3,2,1,nochange_col,z,3,testing
3,dxy,f,19,noindex,True,1071231,1073373,/,diamond.png,triangle.png,circle.png,rect.png,[255, 255, 0],[255, 0, 0],135,45,0,2,3,1,nochange_ori,z,0,testing
3,dxy,f,19,noindex,True,1078044,1078797,z,diamond.png,triangle.png,rect.png,circle.png,[0, 255, 0],[255, 0, 0],45,135,1,0,2,3,nochange_col,z,3,testing
