subj,name,gender,age,cond,P_resp,P_startTime,P_respTime,P_gotKey,shape1,shape2,shape3,shape4,color1,color2,color3,color4ori1,ori2,ori3,ori4ord_1,ord_2,ord_3,ord_4,task,correct_key,no_change,mode
4,am,f,22,noindex,True,203985,205845,z,diamond.png,triangle.png,rect.png,circle.png,[0, 255, 0],[255, 255, 0],0,90,1,0,3,2,nochange_col,z,1,practice
4,am,f,22,noindex,True,210497,211717,z,circle.png,triangle.png,diamond.png,rect.png,[0, 255, 0],[0, 0, 255],45,0,2,0,3,1,nochange_ori,z,0,practice
4,am,f,22,noindex,True,216291,219749,/,triangle.png,rect.png,circle.png,diamond.png,[0, 255, 0],[255, 0, 0],135,0,2,0,1,3,change_ori,/,2,practice
4,am,f,22,noindex,True,224540,226101,/,diamond.png,rect.png,circle.png,triangle.png,[0, 0, 255],[0, 255, 0],0,90,3,1,2,0,change_ori,/,2,practice
4,am,f,22,noindex,True,230835,232133,/,circle.png,rect.png,diamond.png,triangle.png,[0, 255, 0],[255, 255, 0],45,135,1,2,0,3,change_col,/,3,practice
4,am,f,22,noindex,True,236845,238869,/,diamond.png,triangle.png,rect.png,circle.png,[0, 0, 255],[255, 255, 0],45,135,2,0,1,3,change_ori,/,2,practice
4,am,f,22,noindex,True,243608,245205,z,diamond.png,triangle.png,rect.png,circle.png,[0, 255, 0],[255, 0, 0],0,135,2,1,0,3,nochange_col,z,3,practice
4,am,f,22,noindex,True,249786,251333,z,diamond.png,triangle.png,rect.png,circle.png,[0, 255, 0],[255, 0, 0],90,45,1,3,0,2,nochange_col,z,1,practice
4,am,f,22,noindex,True,256047,258629,/,rect.png,diamond.png,circle.png,triangle.png,[0, 255, 0],[0, 0, 255],135,0,1,2,0,3,change_col,/,1,practice
4,am,f,22,noindex,True,263194,264821,/,triangle.png,circle.png,diamond.png,rect.png,[0, 255, 0],[0, 0, 255],135,45,1,2,0,3,change_col,/,1,practice
4,am,f,22,noindex,True,269422,271157,/,rect.png,circle.png,triangle.png,diamond.png,[0, 0, 255],[0, 255, 0],135,45,1,3,0,2,change_ori,/,0,practice
4,am,f,22,noindex,True,275817,277125,z,diamond.png,triangle.png,rect.png,circle.png,[0, 0, 255],[255, 255, 0],45,135,3,1,2,0,nochange_ori,z,0,practice
4,am,f,22,noindex,True,281761,283380,z,triangle.png,rect.png,circle.png,diamond.png,[255, 255, 0],[0, 255, 0],45,0,1,2,0,3,nochange_ori,z,2,practice
4,am,f,22,noindex,True,288073,289669,/,rect.png,circle.png,triangle.png,diamond.png,[255, 255, 0],[0, 255, 0],0,45,2,1,0,3,change_col,/,3,practice
4,am,f,22,noindex,True,294368,295524,/,diamond.png,circle.png,triangle.png,rect.png,[255, 255, 0],[255, 0, 0],90,0,2,1,3,0,change_col,/,3,practice
4,am,f,22,noindex,True,300195,301812,z,rect.png,diamond.png,triangle.png,circle.png,[255, 0, 0],[0, 255, 0],0,90,2,3,1,0,nochange_col,z,3,practice
4,am,f,22,noindex,True,306540,308068,z,rect.png,circle.png,triangle.png,diamond.png,[0, 0, 255],[255, 255, 0],135,0,0,1,2,3,nochange_ori,z,0,practice
4,am,f,22,noindex,True,312668,314661,z,circle.png,diamond.png,triangle.png,rect.png,[255, 255, 0],[0, 255, 0],90,135,0,3,1,2,nochange_ori,z,0,practice
4,am,f,22,noindex,True,319346,321299,/,circle.png,triangle.png,rect.png,diamond.png,[0, 0, 255],[0, 255, 0],45,135,1,2,3,0,change_ori,/,0,practice
4,am,f,22,noindex,True,325992,329476,z,circle.png,rect.png,diamond.png,triangle.png,[0, 255, 0],[0, 0, 255],0,90,1,3,2,0,nochange_col,z,1,practice
4,am,f,22,noindex,True,356882,358420,z,triangle.png,diamond.png,circle.png,rect.png,[255, 255, 0],[0, 0, 255],45,135,0,2,3,1,nochange_col,z,3,testing
4,am,f,22,noindex,True,363093,365988,/,triangle.png,rect.png,diamond.png,circle.png,[255, 0, 0],[0, 0, 255],45,90,3,2,0,1,change_ori,/,2,testing
4,am,f,22,noindex,True,370590,371923,z,triangle.png,circle.png,rect.png,diamond.png,[0, 255, 0],[255, 0, 0],90,0,0,1,3,2,change_col,/,3,testing
4,am,f,22,noindex,True,376502,378404,/,triangle.png,diamond.png,rect.png,circle.png,[255, 255, 0],[255, 0, 0],90,45,2,1,0,3,change_ori,/,0,testing
4,am,f,22,noindex,True,383047,384452,z,diamond.png,circle.png,rect.png,triangle.png,[255, 0, 0],[0, 0, 255],90,0,3,0,2,1,nochange_col,z,1,testing
4,am,f,22,noindex,True,389174,390452,/,circle.png,diamond.png,rect.png,triangle.png,[255, 255, 0],[0, 0, 255],0,90,1,2,3,0,change_ori,/,2,testing
4,am,f,22,noindex,True,395018,396740,/,circle.png,triangle.png,rect.png,diamond.png,[255, 255, 0],[0, 0, 255],0,45,1,2,0,3,change_ori,/,2,testing
4,am,f,22,noindex,True,401380,402708,z,diamond.png,rect.png,triangle.png,circle.png,[0, 0, 255],[255, 255, 0],0,45,1,3,0,2,nochange_col,z,3,testing
4,am,f,22,noindex,True,407308,408836,/,diamond.png,circle.png,rect.png,triangle.png,[255, 0, 0],[255, 255, 0],45,90,0,3,1,2,change_col,/,1,testing
4,am,f,22,noindex,True,413552,414691,z,diamond.png,rect.png,triangle.png,circle.png,[0, 0, 255],[255, 255, 0],0,135,1,2,3,0,nochange_ori,z,0,testing
4,am,f,22,noindex,True,419280,420996,z,triangle.png,diamond.png,circle.png,rect.png,[0, 0, 255],[255, 255, 0],135,0,1,3,2,0,nochange_col,z,3,testing
4,am,f,22,noindex,True,425658,426979,/,diamond.png,triangle.png,circle.png,rect.png,[0, 0, 255],[0, 255, 0],90,45,2,1,0,3,change_ori,/,2,testing
4,am,f,22,noindex,True,431736,433252,z,circle.png,rect.png,triangle.png,diamond.png,[0, 0, 255],[0, 255, 0],135,90,3,0,1,2,nochange_ori,z,2,testing
4,am,f,22,noindex,True,437897,440259,/,circle.png,rect.png,diamond.png,triangle.png,[0, 255, 0],[255, 255, 0],45,135,1,3,2,0,change_ori,/,0,testing
4,am,f,22,noindex,True,444910,446787,z,circle.png,diamond.png,rect.png,triangle.png,[0, 0, 255],[0, 255, 0],0,135,1,0,3,2,nochange_col,z,1,testing
4,am,f,22,noindex,True,451388,452739,z,circle.png,diamond.png,rect.png,triangle.png,[255, 0, 0],[0, 0, 255],135,0,0,2,3,1,nochange_ori,z,2,testing
4,am,f,22,noindex,True,457399,460691,/,circle.png,rect.png,diamond.png,triangle.png,[255, 255, 0],[255, 0, 0],45,135,3,2,1,0,change_ori,/,0,testing
4,am,f,22,noindex,True,465297,466867,/,diamond.png,circle.png,rect.png,triangle.png,[0, 255, 0],[255, 0, 0],0,135,1,2,3,0,change_col,/,1,testing
4,am,f,22,noindex,True,471592,473331,/,diamond.png,rect.png,circle.png,triangle.png,[0, 0, 255],[0, 255, 0],0,90,0,2,1,3,change_ori,/,2,testing
4,am,f,22,noindex,True,478054,479443,z,rect.png,diamond.png,triangle.png,circle.png,[0, 255, 0],[255, 0, 0],0,135,1,0,2,3,nochange_ori,z,0,testing
4,am,f,22,noindex,True,484065,485875,z,rect.png,triangle.png,circle.png,diamond.png,[0, 255, 0],[255, 255, 0],45,0,3,0,1,2,nochange_ori,z,2,testing
4,am,f,22,noindex,True,490628,491970,/,rect.png,triangle.png,diamond.png,circle.png,[255, 255, 0],[0, 255, 0],45,90,1,0,2,3,change_ori,/,2,testing
4,am,f,22,noindex,True,496588,497938,z,circle.png,triangle.png,rect.png,diamond.png,[0, 255, 0],[255, 0, 0],135,0,2,1,3,0,nochange_col,z,1,testing
4,am,f,22,noindex,True,502632,504098,z,diamond.png,triangle.png,circle.png,rect.png,[0, 0, 255],[0, 255, 0],135,45,2,1,0,3,nochange_ori,z,2,testing
4,am,f,22,noindex,True,508861,509779,z,diamond.png,rect.png,circle.png,triangle.png,[0, 255, 0],[0, 0, 255],0,90,0,1,3,2,nochange_col,z,1,testing
4,am,f,22,noindex,True,514354,515714,/,circle.png,triangle.png,diamond.png,rect.png,[0, 0, 255],[255, 255, 0],0,135,1,0,2,3,change_col,/,1,testing
4,am,f,22,noindex,True,520348,521634,/,triangle.png,diamond.png,rect.png,circle.png,[255, 0, 0],[0, 255, 0],0,45,1,0,3,2,change_col,/,3,testing
4,am,f,22,noindex,True,526392,527634,z,diamond.png,triangle.png,rect.png,circle.png,[255, 0, 0],[0, 0, 255],90,135,3,2,1,0,nochange_col,z,3,testing
4,am,f,22,noindex,True,532270,533459,z,triangle.png,rect.png,circle.png,diamond.png,[0, 0, 255],[255, 255, 0],135,90,1,3,2,0,nochange_col,z,3,testing
4,am,f,22,noindex,True,538064,539155,z,triangle.png,diamond.png,circle.png,rect.png,[255, 255, 0],[0, 0, 255],45,90,2,0,3,1,nochange_col,z,1,testing
4,am,f,22,noindex,True,543808,545810,/,triangle.png,rect.png,diamond.png,circle.png,[255, 0, 0],[255, 255, 0],0,45,3,1,2,0,change_ori,/,0,testing
4,am,f,22,noindex,True,550504,552594,/,circle.png,diamond.png,triangle.png,rect.png,[255, 255, 0],[0, 255, 0],0,135,0,1,2,3,nochange_ori,z,2,testing
4,am,f,22,noindex,True,557316,560898,/,rect.png,diamond.png,circle.png,triangle.png,[255, 0, 0],[0, 255, 0],135,0,2,3,0,1,change_ori,/,2,testing
4,am,f,22,noindex,True,565531,567218,/,diamond.png,triangle.png,rect.png,circle.png,[255, 0, 0],[0, 0, 255],45,135,0,2,3,1,nochange_ori,z,0,testing
4,am,f,22,noindex,True,571943,573251,/,rect.png,circle.png,diamond.png,triangle.png,[0, 0, 255],[255, 0, 0],135,90,1,2,0,3,change_col,/,3,testing
4,am,f,22,noindex,True,577820,579810,/,diamond.png,circle.png,rect.png,triangle.png,[0, 0, 255],[255, 255, 0],90,135,2,3,0,1,change_ori,/,0,testing
4,am,f,22,noindex,True,584482,585858,z,rect.png,circle.png,diamond.png,triangle.png,[0, 255, 0],[255, 0, 0],45,135,3,2,1,0,nochange_col,z,3,testing
4,am,f,22,noindex,True,590426,592690,z,triangle.png,diamond.png,rect.png,circle.png,[0, 255, 0],[0, 0, 255],90,45,1,3,2,0,nochange_ori,z,2,testing
4,am,f,22,noindex,True,597422,599202,z,diamond.png,circle.png,rect.png,triangle.png,[255, 255, 0],[0, 255, 0],135,0,1,3,0,2,nochange_col,z,3,testing
4,am,f,22,noindex,True,603801,605394,/,rect.png,diamond.png,triangle.png,circle.png,[0, 0, 255],[255, 255, 0],135,90,2,1,3,0,change_col,/,3,testing
4,am,f,22,noindex,True,609979,611266,z,triangle.png,diamond.png,circle.png,rect.png,[255, 0, 0],[0, 255, 0],0,45,2,1,3,0,nochange_ori,z,2,testing
4,am,f,22,noindex,True,615957,617009,/,diamond.png,circle.png,triangle.png,rect.png,[255, 0, 0],[0, 0, 255],0,45,3,2,1,0,change_col,/,1,testing
4,am,f,22,noindex,True,621701,624146,z,circle.png,rect.png,diamond.png,triangle.png,[255, 0, 0],[0, 0, 255],0,90,2,1,0,3,nochange_ori,z,0,testing
4,am,f,22,noindex,True,628763,630978,z,diamond.png,rect.png,triangle.png,circle.png,[255, 0, 0],[0, 0, 255],45,90,1,2,3,0,nochange_ori,z,2,testing
4,am,f,22,noindex,True,635726,637074,/,triangle.png,diamond.png,circle.png,rect.png,[255, 0, 0],[0, 0, 255],45,135,2,3,0,1,change_col,/,3,testing
4,am,f,22,noindex,True,641821,642897,z,rect.png,diamond.png,circle.png,triangle.png,[255, 0, 0],[255, 255, 0],45,90,1,2,0,3,nochange_col,z,3,testing
4,am,f,22,noindex,True,647531,648929,z,circle.png,diamond.png,rect.png,triangle.png,[0, 255, 0],[0, 0, 255],90,0,2,3,1,0,nochange_ori,z,0,testing
4,am,f,22,noindex,True,653508,655601,/,diamond.png,circle.png,rect.png,triangle.png,[0, 0, 255],[255, 0, 0],90,135,3,2,1,0,change_ori,/,2,testing
4,am,f,22,noindex,True,660255,661393,/,circle.png,rect.png,triangle.png,diamond.png,[255, 0, 0],[0, 255, 0],135,0,1,2,0,3,change_col,/,3,testing
4,am,f,22,noindex,True,666116,667361,z,triangle.png,circle.png,rect.png,diamond.png,[0, 0, 255],[255, 255, 0],45,90,3,1,0,2,nochange_ori,z,2,testing
4,am,f,22,noindex,True,671925,674817,z,triangle.png,diamond.png,rect.png,circle.png,[0, 255, 0],[255, 0, 0],90,135,0,1,2,3,nochange_ori,z,2,testing
4,am,f,22,noindex,True,679490,680786,/,diamond.png,rect.png,circle.png,triangle.png,[0, 0, 255],[255, 0, 0],90,45,1,3,2,0,change_col,/,3,testing
4,am,f,22,noindex,True,685350,688449,z,diamond.png,circle.png,triangle.png,rect.png,[0, 0, 255],[255, 0, 0],135,90,1,2,3,0,nochange_col,z,1,testing
4,am,f,22,noindex,True,693181,694257,z,triangle.png,rect.png,diamond.png,circle.png,[255, 0, 0],[0, 255, 0],135,0,0,3,2,1,nochange_col,z,3,testing
4,am,f,22,noindex,True,698925,701410,z,triangle.png,diamond.png,rect.png,circle.png,[0, 255, 0],[255, 0, 0],0,135,1,0,2,3,nochange_ori,z,2,testing
4,am,f,22,noindex,True,706155,707201,/,circle.png,triangle.png,diamond.png,rect.png,[255, 255, 0],[0, 0, 255],45,135,0,1,2,3,change_col,/,3,testing
4,am,f,22,noindex,True,711916,713073,z,diamond.png,triangle.png,circle.png,rect.png,[255, 0, 0],[255, 255, 0],0,90,0,1,3,2,nochange_col,z,1,testing
4,am,f,22,noindex,True,717676,719936,/,circle.png,rect.png,diamond.png,triangle.png,[255, 255, 0],[0, 0, 255],135,90,0,2,1,3,change_ori,/,0,testing
4,am,f,22,noindex,True,724573,725521,z,diamond.png,rect.png,triangle.png,circle.png,[255, 0, 0],[0, 0, 255],45,0,2,0,1,3,nochange_col,z,1,testing
4,am,f,22,noindex,True,730183,731409,/,diamond.png,circle.png,rect.png,triangle.png,[0, 255, 0],[255, 0, 0],135,90,3,1,0,2,change_col,/,3,testing
4,am,f,22,noindex,True,736127,737073,z,triangle.png,circle.png,diamond.png,rect.png,[0, 255, 0],[255, 0, 0],45,90,0,1,2,3,nochange_col,z,1,testing
4,am,f,22,noindex,True,741720,747457,/,diamond.png,rect.png,triangle.png,circle.png,[255, 0, 0],[0, 0, 255],90,45,0,1,3,2,change_ori,/,0,testing
4,am,f,22,noindex,True,752056,753233,/,triangle.png,circle.png,diamond.png,rect.png,[255, 0, 0],[255, 255, 0],45,135,0,1,2,3,change_col,/,1,testing
4,am,f,22,noindex,True,757867,759249,z,triangle.png,diamond.png,circle.png,rect.png,[255, 255, 0],[0, 0, 255],0,90,1,3,2,0,nochange_ori,z,0,testing
4,am,f,22,noindex,True,763811,764976,/,triangle.png,rect.png,diamond.png,circle.png,[0, 0, 255],[0, 255, 0],90,45,2,3,1,0,change_col,/,3,testing
4,am,f,22,noindex,True,769572,770753,/,diamond.png,circle.png,rect.png,triangle.png,[0, 255, 0],[255, 255, 0],90,135,1,3,0,2,change_col,/,1,testing
4,am,f,22,noindex,True,775465,779328,z,triangle.png,diamond.png,circle.png,rect.png,[0, 255, 0],[0, 0, 255],90,135,3,2,1,0,nochange_ori,z,2,testing
4,am,f,22,noindex,True,784065,787360,/,diamond.png,triangle.png,rect.png,circle.png,[255, 255, 0],[0, 0, 255],0,90,2,0,1,3,change_col,/,1,testing
4,am,f,22,noindex,True,792063,793152,/,circle.png,diamond.png,triangle.png,rect.png,[0, 255, 0],[255, 255, 0],135,0,1,3,0,2,change_col,/,3,testing
4,am,f,22,noindex,True,797740,798576,/,circle.png,rect.png,diamond.png,triangle.png,[0, 255, 0],[0, 0, 255],0,45,2,0,3,1,change_col,/,3,testing
4,am,f,22,noindex,True,803317,804625,/,triangle.png,circle.png,rect.png,diamond.png,[255, 255, 0],[0, 255, 0],45,90,0,1,3,2,change_ori,/,0,testing
4,am,f,22,noindex,True,809278,810016,/,triangle.png,rect.png,diamond.png,circle.png,[0, 255, 0],[0, 0, 255],45,0,3,2,0,1,change_col,/,3,testing
4,am,f,22,noindex,True,814738,815552,/,triangle.png,rect.png,diamond.png,circle.png,[0, 0, 255],[0, 255, 0],135,90,1,2,0,3,change_ori,/,2,testing
4,am,f,22,noindex,True,820248,821759,z,circle.png,diamond.png,rect.png,triangle.png,[0, 0, 255],[255, 255, 0],90,135,3,0,1,2,nochange_ori,z,2,testing
4,am,f,22,noindex,True,826493,827920,z,triangle.png,diamond.png,rect.png,circle.png,[0, 255, 0],[255, 255, 0],90,135,0,2,1,3,nochange_ori,z,2,testing
4,am,f,22,noindex,True,832621,834479,z,diamond.png,rect.png,circle.png,triangle.png,[0, 255, 0],[255, 255, 0],90,135,1,2,0,3,nochange_col,z,3,testing
4,am,f,22,noindex,True,839048,840080,z,rect.png,diamond.png,triangle.png,circle.png,[0, 255, 0],[255, 0, 0],135,0,1,3,2,0,nochange_col,z,3,testing
4,am,f,22,noindex,True,844710,846032,/,triangle.png,rect.png,circle.png,diamond.png,[0, 255, 0],[255, 0, 0],0,90,1,2,3,0,change_ori,/,0,testing
4,am,f,22,noindex,True,850720,853631,/,triangle.png,rect.png,circle.png,diamond.png,[0, 255, 0],[0, 0, 255],135,0,0,3,1,2,change_ori,/,2,testing
4,am,f,22,noindex,True,858251,860416,/,circle.png,rect.png,triangle.png,diamond.png,[255, 0, 0],[255, 255, 0],135,45,1,2,0,3,change_ori,/,2,testing
4,am,f,22,noindex,True,889542,890415,z,rect.png,diamond.png,triangle.png,circle.png,[255, 0, 0],[0, 255, 0],45,135,1,0,2,3,nochange_col,z,1,testing
4,am,f,22,noindex,True,895035,895887,/,diamond.png,triangle.png,rect.png,circle.png,[255, 255, 0],[0, 255, 0],90,0,2,1,0,3,change_ori,/,0,testing
4,am,f,22,noindex,True,900478,901311,/,diamond.png,circle.png,rect.png,triangle.png,[255, 255, 0],[255, 0, 0],0,90,1,2,3,0,change_ori,/,2,testing
4,am,f,22,noindex,True,906072,909550,z,triangle.png,diamond.png,rect.png,circle.png,[0, 0, 255],[255, 0, 0],90,0,0,3,1,2,nochange_ori,z,0,testing
4,am,f,22,noindex,True,914303,915263,z,diamond.png,rect.png,triangle.png,circle.png,[0, 0, 255],[0, 255, 0],135,45,0,1,2,3,nochange_col,z,1,testing
4,am,f,22,noindex,True,919980,922416,z,rect.png,circle.png,diamond.png,triangle.png,[0, 255, 0],[255, 0, 0],0,45,0,3,2,1,nochange_col,z,1,testing
4,am,f,22,noindex,True,927143,928559,/,triangle.png,diamond.png,circle.png,rect.png,[255, 255, 0],[255, 0, 0],90,45,1,2,0,3,change_ori,/,2,testing
4,am,f,22,noindex,True,933255,935631,z,rect.png,circle.png,triangle.png,diamond.png,[0, 0, 255],[255, 255, 0],90,135,0,1,2,3,nochange_ori,z,0,testing
4,am,f,22,noindex,True,940217,941151,/,diamond.png,rect.png,circle.png,triangle.png,[0, 255, 0],[255, 255, 0],0,45,0,1,2,3,change_ori,/,0,testing
4,am,f,22,noindex,True,945778,946783,z,rect.png,circle.png,triangle.png,diamond.png,[255, 255, 0],[0, 255, 0],135,90,3,2,0,1,nochange_col,z,3,testing
4,am,f,22,noindex,True,951471,952943,z,rect.png,triangle.png,diamond.png,circle.png,[255, 255, 0],[255, 0, 0],135,0,3,1,0,2,nochange_ori,z,0,testing
4,am,f,22,noindex,True,957700,959886,/,diamond.png,rect.png,circle.png,triangle.png,[255, 255, 0],[0, 0, 255],135,45,1,0,3,2,change_ori,/,2,testing
4,am,f,22,noindex,True,964512,966478,z,diamond.png,triangle.png,rect.png,circle.png,[255, 255, 0],[0, 0, 255],90,45,2,3,0,1,nochange_ori,z,0,testing
4,am,f,22,noindex,True,971224,972463,/,diamond.png,circle.png,triangle.png,rect.png,[255, 0, 0],[0, 255, 0],135,0,1,3,2,0,change_col,/,3,testing
4,am,f,22,noindex,True,977135,978222,/,rect.png,triangle.png,circle.png,diamond.png,[255, 255, 0],[255, 0, 0],90,45,3,0,1,2,change_ori,/,2,testing
4,am,f,22,noindex,True,982979,986127,/,rect.png,triangle.png,circle.png,diamond.png,[0, 255, 0],[0, 0, 255],45,0,3,0,1,2,nochange_ori,z,0,testing
4,am,f,22,noindex,True,990878,992702,z,triangle.png,diamond.png,circle.png,rect.png,[255, 255, 0],[0, 255, 0],0,135,0,3,2,1,nochange_ori,z,0,testing
4,am,f,22,noindex,True,997439,999247,/,rect.png,diamond.png,triangle.png,circle.png,[255, 255, 0],[255, 0, 0],0,135,0,3,2,1,change_ori,/,0,testing
4,am,f,22,noindex,True,1003835,1005598,/,circle.png,diamond.png,rect.png,triangle.png,[255, 255, 0],[0, 255, 0],135,0,1,2,3,0,change_ori,/,2,testing
4,am,f,22,noindex,True,1010213,1011646,/,rect.png,circle.png,diamond.png,triangle.png,[0, 0, 255],[0, 255, 0],90,0,0,3,1,2,change_col,/,1,testing
4,am,f,22,noindex,True,1016407,1017438,z,rect.png,circle.png,triangle.png,diamond.png,[255, 255, 0],[255, 0, 0],0,135,2,3,0,1,nochange_ori,z,0,testing
4,am,f,22,noindex,True,1022001,1022942,z,triangle.png,rect.png,diamond.png,circle.png,[0, 255, 0],[0, 0, 255],0,90,1,2,3,0,nochange_col,z,3,testing
4,am,f,22,noindex,True,1027661,1029039,z,rect.png,circle.png,diamond.png,triangle.png,[255, 0, 0],[0, 0, 255],0,135,1,2,0,3,nochange_col,z,1,testing
4,am,f,22,noindex,True,1033772,1034685,/,diamond.png,rect.png,circle.png,triangle.png,[0, 255, 0],[255, 255, 0],0,90,0,1,2,3,change_col,/,1,testing
4,am,f,22,noindex,True,1039266,1040590,/,circle.png,diamond.png,triangle.png,rect.png,[0, 0, 255],[255, 0, 0],135,0,3,1,0,2,change_col,/,1,testing
4,am,f,22,noindex,True,1045310,1046206,/,rect.png,triangle.png,diamond.png,circle.png,[0, 0, 255],[255, 255, 0],135,45,1,0,2,3,change_col,/,3,testing
4,am,f,22,noindex,True,1050937,1052270,z,rect.png,diamond.png,circle.png,triangle.png,[255, 255, 0],[255, 0, 0],90,135,1,2,0,3,nochange_col,z,1,testing
4,am,f,22,noindex,True,1056964,1059086,z,diamond.png,rect.png,triangle.png,circle.png,[255, 0, 0],[0, 0, 255],45,135,1,3,2,0,nochange_ori,z,0,testing
4,am,f,22,noindex,True,1063811,1064942,/,triangle.png,rect.png,circle.png,diamond.png,[0, 0, 255],[255, 0, 0],90,0,2,0,1,3,change_ori,/,0,testing
4,am,f,22,noindex,True,1069655,1071902,z,circle.png,rect.png,triangle.png,diamond.png,[0, 0, 255],[255, 255, 0],45,0,0,1,2,3,nochange_ori,z,0,testing
4,am,f,22,noindex,True,1076618,1077838,/,rect.png,triangle.png,diamond.png,circle.png,[0, 0, 255],[0, 255, 0],45,90,2,0,3,1,change_col,/,1,testing
4,am,f,22,noindex,True,1082412,1083261,z,rect.png,circle.png,triangle.png,diamond.png,[255, 255, 0],[0, 0, 255],0,135,2,1,0,3,change_col,/,1,testing
4,am,f,22,noindex,True,1087988,1088686,z,rect.png,circle.png,triangle.png,diamond.png,[255, 0, 0],[255, 255, 0],90,0,0,3,2,1,nochange_col,z,1,testing
4,am,f,22,noindex,True,1093431,1094749,z,diamond.png,rect.png,circle.png,triangle.png,[0, 255, 0],[0, 0, 255],45,135,2,3,0,1,change_col,/,1,testing
4,am,f,22,noindex,True,1099376,1100782,/,diamond.png,triangle.png,circle.png,rect.png,[255, 255, 0],[0, 255, 0],135,90,3,1,2,0,change_ori,/,2,testing
4,am,f,22,noindex,True,1105487,1106990,/,triangle.png,circle.png,rect.png,diamond.png,[0, 0, 255],[0, 255, 0],90,0,1,2,0,3,change_ori,/,0,testing
4,am,f,22,noindex,True,1111631,1112702,/,triangle.png,circle.png,diamond.png,rect.png,[255, 0, 0],[0, 255, 0],135,90,1,0,3,2,change_col,/,1,testing
4,am,f,22,noindex,True,1117275,1118653,/,diamond.png,circle.png,rect.png,triangle.png,[255, 0, 0],[0, 255, 0],45,135,2,0,3,1,change_ori,/,0,testing
4,am,f,22,noindex,True,1123253,1125101,/,rect.png,triangle.png,diamond.png,circle.png,[0, 255, 0],[255, 0, 0],90,0,2,1,3,0,change_col,/,3,testing
4,am,f,22,noindex,True,1129798,1131341,z,triangle.png,circle.png,diamond.png,rect.png,[255, 255, 0],[0, 255, 0],135,45,0,2,3,1,nochange_ori,z,0,testing
4,am,f,22,noindex,True,1135993,1138509,z,triangle.png,circle.png,diamond.png,rect.png,[255, 255, 0],[0, 0, 255],135,90,0,3,1,2,nochange_ori,z,0,testing
4,am,f,22,noindex,True,1143172,1144429,z,triangle.png,diamond.png,rect.png,circle.png,[255, 255, 0],[255, 0, 0],90,45,2,0,3,1,nochange_col,z,1,testing
4,am,f,22,noindex,True,1149050,1149790,z,triangle.png,rect.png,circle.png,diamond.png,[255, 255, 0],[0, 255, 0],135,0,0,2,1,3,nochange_col,z,1,testing
4,am,f,22,noindex,True,1154443,1156093,z,circle.png,diamond.png,triangle.png,rect.png,[255, 0, 0],[0, 255, 0],0,45,3,2,1,0,nochange_ori,z,0,testing
4,am,f,22,noindex,True,1160805,1161901,/,triangle.png,rect.png,circle.png,diamond.png,[0, 255, 0],[0, 0, 255],90,135,1,0,3,2,change_col,/,3,testing
4,am,f,22,noindex,True,1166583,1168285,z,diamond.png,circle.png,rect.png,triangle.png,[255, 255, 0],[0, 0, 255],0,90,0,2,1,3,nochange_ori,z,0,testing
4,am,f,22,noindex,True,1173045,1175373,z,diamond.png,circle.png,rect.png,triangle.png,[0, 255, 0],[255, 255, 0],45,0,0,2,1,3,nochange_ori,z,0,testing
4,am,f,22,noindex,True,1179973,1181021,z,diamond.png,circle.png,triangle.png,rect.png,[255, 0, 0],[0, 0, 255],90,135,3,2,1,0,nochange_ori,z,0,testing
4,am,f,22,noindex,True,1185684,1186861,/,circle.png,diamond.png,triangle.png,rect.png,[255, 255, 0],[0, 0, 255],0,135,1,3,2,0,change_ori,/,0,testing
4,am,f,22,noindex,True,1191579,1192493,z,diamond.png,triangle.png,rect.png,circle.png,[255, 255, 0],[255, 0, 0],0,135,1,3,0,2,nochange_col,z,1,testing
4,am,f,22,noindex,True,1197188,1198317,/,diamond.png,triangle.png,rect.png,circle.png,[255, 255, 0],[255, 0, 0],45,135,0,1,3,2,change_ori,/,2,testing
4,am,f,22,noindex,True,1202899,1204157,z,rect.png,diamond.png,circle.png,triangle.png,[0, 255, 0],[0, 0, 255],45,0,1,3,0,2,nochange_ori,z,0,testing
4,am,f,22,noindex,True,1208726,1209981,z,circle.png,rect.png,triangle.png,diamond.png,[255, 0, 0],[255, 255, 0],90,45,0,1,3,2,nochange_col,z,1,testing
4,am,f,22,noindex,True,1214704,1215756,/,triangle.png,diamond.png,circle.png,rect.png,[0, 255, 0],[255, 0, 0],45,0,2,1,0,3,change_col,/,1,testing
4,am,f,22,noindex,True,1220364,1222525,z,triangle.png,rect.png,diamond.png,circle.png,[0, 255, 0],[0, 0, 255],90,135,0,2,3,1,nochange_ori,z,2,testing
4,am,f,22,noindex,True,1227227,1228157,z,triangle.png,diamond.png,circle.png,rect.png,[255, 0, 0],[0, 0, 255],0,90,2,3,0,1,nochange_col,z,1,testing
4,am,f,22,noindex,True,1232754,1234299,z,rect.png,circle.png,triangle.png,diamond.png,[0, 255, 0],[255, 255, 0],90,45,0,1,3,2,nochange_col,z,3,testing
4,am,f,22,noindex,True,1238999,1240924,/,circle.png,rect.png,diamond.png,triangle.png,[0, 0, 255],[255, 0, 0],90,45,1,2,0,3,change_ori,/,2,testing
4,am,f,22,noindex,True,1245510,1246604,/,triangle.png,diamond.png,circle.png,rect.png,[0, 255, 0],[255, 0, 0],90,0,1,2,3,0,change_col,/,1,testing
4,am,f,22,noindex,True,1251205,1252220,z,circle.png,diamond.png,rect.png,triangle.png,[0, 0, 255],[255, 0, 0],45,0,0,1,3,2,nochange_col,z,3,testing
4,am,f,22,noindex,True,1256964,1258012,/,triangle.png,diamond.png,circle.png,rect.png,[0, 255, 0],[255, 255, 0],90,45,1,0,2,3,change_col,/,3,testing
4,am,f,22,noindex,True,1262709,1263740,z,circle.png,diamond.png,triangle.png,rect.png,[0, 0, 255],[255, 255, 0],135,0,2,1,3,0,nochange_col,z,3,testing
4,am,f,22,noindex,True,1268435,1270156,z,diamond.png,rect.png,circle.png,triangle.png,[0, 0, 255],[255, 0, 0],0,135,3,0,2,1,nochange_ori,z,0,testing
4,am,f,22,noindex,True,1274748,1275740,/,rect.png,circle.png,triangle.png,diamond.png,[255, 0, 0],[0, 0, 255],90,45,3,1,0,2,change_col,/,3,testing
4,am,f,22,noindex,True,1280424,1281180,z,triangle.png,diamond.png,rect.png,circle.png,[0, 255, 0],[255, 255, 0],0,45,3,2,0,1,nochange_col,z,1,testing
4,am,f,22,noindex,True,1285934,1287004,/,circle.png,triangle.png,diamond.png,rect.png,[0, 0, 255],[255, 255, 0],0,45,2,3,1,0,change_ori,/,0,testing
4,am,f,22,noindex,True,1291728,1293212,/,circle.png,triangle.png,diamond.png,rect.png,[255, 0, 0],[0, 255, 0],90,0,0,3,2,1,change_ori,/,0,testing
4,am,f,22,noindex,True,1297957,1298780,/,circle.png,rect.png,diamond.png,triangle.png,[0, 255, 0],[255, 0, 0],0,90,1,2,0,3,change_col,/,1,testing
4,am,f,22,noindex,True,1303349,1304268,z,circle.png,triangle.png,diamond.png,rect.png,[0, 0, 255],[255, 0, 0],45,0,0,1,3,2,nochange_col,z,3,testing
4,am,f,22,noindex,True,1308977,1311180,z,rect.png,circle.png,triangle.png,diamond.png,[0, 0, 255],[255, 0, 0],45,90,2,1,3,0,nochange_ori,z,2,testing
4,am,f,22,noindex,True,1315839,1316923,/,diamond.png,triangle.png,rect.png,circle.png,[255, 255, 0],[255, 0, 0],90,0,1,2,0,3,change_ori,/,0,testing
4,am,f,22,noindex,True,1321533,1322427,/,rect.png,circle.png,diamond.png,triangle.png,[0, 0, 255],[0, 255, 0],90,0,3,0,2,1,change_col,/,3,testing
4,am,f,22,noindex,True,1326993,1328156,/,rect.png,circle.png,triangle.png,diamond.png,[255, 255, 0],[255, 0, 0],45,135,0,1,3,2,change_col,/,1,testing
4,am,f,22,noindex,True,1332770,1333836,/,circle.png,diamond.png,triangle.png,rect.png,[0, 0, 255],[255, 255, 0],0,135,0,2,1,3,change_ori,/,2,testing
4,am,f,22,noindex,True,1338514,1341674,/,triangle.png,rect.png,circle.png,diamond.png,[0, 255, 0],[0, 0, 255],45,90,2,0,3,1,change_ori,/,2,testing
4,am,f,22,noindex,True,1346261,1347050,z,rect.png,diamond.png,triangle.png,circle.png,[0, 0, 255],[255, 0, 0],0,90,2,0,1,3,nochange_col,z,3,testing
4,am,f,22,noindex,True,1351789,1352507,z,diamond.png,rect.png,circle.png,triangle.png,[255, 0, 0],[0, 255, 0],90,135,2,1,0,3,nochange_col,z,1,testing
4,am,f,22,noindex,True,1357198,1358252,/,diamond.png,rect.png,circle.png,triangle.png,[255, 0, 0],[0, 255, 0],45,90,3,1,2,0,change_col,/,3,testing
4,am,f,22,noindex,True,1362859,1363579,/,triangle.png,diamond.png,circle.png,rect.png,[0, 255, 0],[0, 0, 255],90,45,2,3,1,0,change_col,/,1,testing
4,am,f,22,noindex,True,1368169,1372811,z,circle.png,diamond.png,triangle.png,rect.png,[255, 0, 0],[0, 255, 0],0,45,1,2,0,3,nochange_ori,z,2,testing
