subj,name,gender,age,cond,P_resp,P_startTime,P_respTime,P_gotKey,shape1,shape2,shape3,shape4,color1,color2,color3,color4ori1,ori2,ori3,ori4ord_1,ord_2,ord_3,ord_4,task,correct_key,no_change,mode
4,am,f,22,index,True,28743,29888,/,rect.png,circle.png,rect.png,circle.png,[255, 255, 0],[0, 255, 0],135,45,3,0,1,2,change_ori,/,0,practice
4,am,f,22,index,True,34573,36112,z,diamond.png,circle.png,diamond.png,circle.png,[255, 0, 0],[0, 0, 255],45,135,1,2,0,3,nochange_ori,z,2,practice
4,am,f,22,index,True,40734,41583,z,triangle.png,diamond.png,triangle.png,diamond.png,[255, 255, 0],[0, 0, 255],45,90,3,1,2,0,nochange_col,z,1,practice
4,am,f,22,index,True,46177,47391,/,triangle.png,circle.png,triangle.png,circle.png,[0, 0, 255],[0, 255, 0],45,0,2,1,0,3,change_col,/,3,practice
4,am,f,22,index,True,52088,52927,z,diamond.png,triangle.png,diamond.png,triangle.png,[255, 0, 0],[255, 255, 0],135,90,2,0,1,3,nochange_col,z,1,practice
4,am,f,22,index,True,57598,59007,/,rect.png,circle.png,rect.png,circle.png,[255, 0, 0],[255, 255, 0],0,45,3,2,1,0,change_col,/,1,practice
4,am,f,22,index,True,63777,64767,/,diamond.png,triangle.png,diamond.png,triangle.png,[255, 255, 0],[0, 0, 255],90,135,3,0,1,2,change_ori,/,2,practice
4,am,f,22,index,True,69520,73280,z,triangle.png,rect.png,triangle.png,rect.png,[255, 0, 0],[0, 255, 0],45,90,2,3,0,1,nochange_col,z,1,practice
4,am,f,22,index,True,77868,79887,z,circle.png,triangle.png,circle.png,triangle.png,[0, 255, 0],[255, 255, 0],90,135,0,1,2,3,nochange_ori,z,0,practice
4,am,f,22,index,True,84615,85374,z,diamond.png,circle.png,diamond.png,circle.png,[255, 0, 0],[0, 255, 0],45,135,0,1,2,3,nochange_col,z,1,practice
4,am,f,22,index,True,89991,91167,/,diamond.png,triangle.png,diamond.png,triangle.png,[255, 0, 0],[0, 0, 255],135,45,0,3,2,1,change_ori,/,0,practice
4,am,f,22,index,True,95868,97518,z,rect.png,diamond.png,rect.png,diamond.png,[0, 0, 255],[255, 255, 0],0,45,3,0,2,1,nochange_ori,z,0,practice
4,am,f,22,index,True,102147,103519,/,rect.png,triangle.png,rect.png,triangle.png,[0, 0, 255],[0, 255, 0],90,45,3,0,1,2,change_ori,/,2,practice
4,am,f,22,index,True,108241,109454,z,circle.png,rect.png,circle.png,rect.png,[0, 255, 0],[255, 0, 0],0,45,3,1,0,2,nochange_ori,z,2,practice
4,am,f,22,index,True,114052,114735,/,circle.png,rect.png,circle.png,rect.png,[0, 255, 0],[0, 0, 255],0,135,2,3,1,0,change_col,/,3,practice
4,am,f,22,index,True,119495,120222,z,rect.png,diamond.png,rect.png,diamond.png,[255, 255, 0],[0, 255, 0],90,135,0,1,2,3,nochange_col,z,3,practice
4,am,f,22,index,True,124972,125950,/,triangle.png,diamond.png,triangle.png,diamond.png,[0, 255, 0],[0, 0, 255],135,90,0,3,2,1,change_ori,/,0,practice
4,am,f,22,index,True,130665,131727,/,rect.png,circle.png,rect.png,circle.png,[255, 0, 0],[255, 255, 0],90,135,1,0,2,3,change_col,/,1,practice
4,am,f,22,index,True,136443,137407,/,triangle.png,circle.png,triangle.png,circle.png,[255, 0, 0],[255, 255, 0],0,90,0,1,3,2,change_col,/,3,practice
4,am,f,22,index,True,141987,142910,/,rect.png,circle.png,rect.png,circle.png,[255, 255, 0],[0, 0, 255],90,45,0,3,2,1,nochange_ori,z,2,practice
4,am,f,22,index,True,149884,150798,/,diamond.png,circle.png,diamond.png,circle.png,[0, 255, 0],[255, 255, 0],45,135,3,2,1,0,nochange_ori,z,2,testing
4,am,f,22,index,True,155428,156655,z,rect.png,circle.png,rect.png,circle.png,[255, 0, 0],[0, 255, 0],0,45,1,3,2,0,nochange_ori,z,2,testing
4,am,f,22,index,True,161355,162414,z,rect.png,triangle.png,rect.png,triangle.png,[255, 255, 0],[0, 0, 255],0,135,1,2,3,0,nochange_ori,z,0,testing
4,am,f,22,index,True,167082,167869,/,circle.png,triangle.png,circle.png,triangle.png,[255, 255, 0],[0, 255, 0],135,90,1,2,3,0,change_col,/,3,testing
4,am,f,22,index,True,172592,173310,/,rect.png,circle.png,rect.png,circle.png,[255, 255, 0],[0, 255, 0],0,135,3,0,1,2,change_ori,/,2,testing
4,am,f,22,index,True,177885,178766,z,circle.png,triangle.png,circle.png,triangle.png,[255, 255, 0],[255, 0, 0],135,45,1,0,3,2,nochange_col,z,1,testing
4,am,f,22,index,True,183495,184254,/,rect.png,diamond.png,rect.png,diamond.png,[255, 0, 0],[0, 0, 255],135,90,0,2,1,3,change_col,/,3,testing
4,am,f,22,index,True,188972,189806,/,diamond.png,triangle.png,diamond.png,triangle.png,[0, 0, 255],[255, 255, 0],90,0,2,3,1,0,change_ori,/,0,testing
4,am,f,22,index,True,194399,195486,/,rect.png,triangle.png,rect.png,triangle.png,[255, 0, 0],[0, 0, 255],135,45,1,3,2,0,change_col,/,3,testing
4,am,f,22,index,True,200243,201118,/,diamond.png,rect.png,diamond.png,rect.png,[255, 0, 0],[0, 255, 0],135,0,2,0,1,3,change_col,/,1,testing
4,am,f,22,index,True,205720,206782,z,circle.png,rect.png,circle.png,rect.png,[255, 0, 0],[255, 255, 0],45,90,1,2,0,3,nochange_ori,z,0,testing
4,am,f,22,index,True,211481,212318,z,diamond.png,rect.png,diamond.png,rect.png,[255, 0, 0],[0, 255, 0],90,45,3,1,0,2,nochange_col,z,1,testing
4,am,f,22,index,True,217024,217854,/,triangle.png,diamond.png,triangle.png,diamond.png,[0, 255, 0],[255, 255, 0],45,90,0,3,1,2,change_ori,/,2,testing
4,am,f,22,index,True,222551,223245,z,diamond.png,rect.png,diamond.png,rect.png,[0, 255, 0],[255, 0, 0],135,0,1,2,3,0,nochange_col,z,3,testing
4,am,f,22,index,True,227877,229581,/,triangle.png,rect.png,triangle.png,rect.png,[255, 255, 0],[255, 0, 0],0,135,1,0,3,2,change_ori,/,0,testing
4,am,f,22,index,True,234222,234894,/,diamond.png,triangle.png,diamond.png,triangle.png,[255, 255, 0],[0, 0, 255],90,0,1,3,0,2,change_ori,/,0,testing
4,am,f,22,index,True,239515,240846,z,triangle.png,diamond.png,triangle.png,diamond.png,[255, 255, 0],[0, 0, 255],0,45,0,2,1,3,nochange_ori,z,0,testing
4,am,f,22,index,True,245542,246621,z,rect.png,triangle.png,rect.png,triangle.png,[0, 255, 0],[0, 0, 255],90,135,0,3,2,1,nochange_col,z,1,testing
4,am,f,22,index,True,251237,252125,z,rect.png,circle.png,rect.png,circle.png,[255, 255, 0],[255, 0, 0],135,0,3,0,1,2,nochange_col,z,1,testing
4,am,f,22,index,True,256713,258222,z,triangle.png,diamond.png,triangle.png,diamond.png,[0, 0, 255],[255, 0, 0],0,135,3,2,0,1,change_ori,/,2,testing
4,am,f,22,index,True,262924,265182,z,circle.png,diamond.png,circle.png,diamond.png,[255, 255, 0],[0, 255, 0],135,0,2,1,3,0,nochange_ori,z,2,testing
4,am,f,22,index,True,269921,271245,z,diamond.png,rect.png,diamond.png,rect.png,[255, 0, 0],[0, 0, 255],45,90,2,1,0,3,change_ori,/,2,testing
4,am,f,22,index,True,275965,276862,/,diamond.png,rect.png,diamond.png,rect.png,[255, 255, 0],[255, 0, 0],135,90,3,0,2,1,change_col,/,1,testing
4,am,f,22,index,True,281509,282446,/,circle.png,diamond.png,circle.png,diamond.png,[255, 0, 0],[0, 0, 255],45,90,1,0,3,2,change_col,/,1,testing
4,am,f,22,index,True,287069,291213,z,circle.png,rect.png,circle.png,rect.png,[255, 0, 0],[0, 0, 255],45,135,1,3,2,0,change_ori,/,0,testing
4,am,f,22,index,True,295801,298908,z,rect.png,diamond.png,rect.png,diamond.png,[255, 255, 0],[0, 255, 0],135,0,3,0,1,2,change_ori,/,2,testing
4,am,f,22,index,True,303666,304973,/,diamond.png,triangle.png,diamond.png,triangle.png,[255, 255, 0],[0, 0, 255],45,90,2,0,1,3,change_ori,/,2,testing
4,am,f,22,index,True,309543,310621,/,circle.png,rect.png,circle.png,rect.png,[255, 255, 0],[0, 255, 0],135,90,3,2,0,1,change_ori,/,0,testing
4,am,f,22,index,True,315271,316477,z,diamond.png,rect.png,diamond.png,rect.png,[0, 0, 255],[255, 0, 0],90,135,1,2,3,0,nochange_col,z,1,testing
4,am,f,22,index,True,321182,321837,/,rect.png,circle.png,rect.png,circle.png,[255, 0, 0],[255, 255, 0],135,90,3,0,1,2,change_col,/,3,testing
4,am,f,22,index,True,326457,328284,/,diamond.png,triangle.png,diamond.png,triangle.png,[255, 0, 0],[0, 0, 255],45,135,0,3,1,2,change_ori,/,2,testing
4,am,f,22,index,True,332853,333948,z,diamond.png,circle.png,diamond.png,circle.png,[255, 0, 0],[0, 0, 255],0,90,2,0,3,1,nochange_ori,z,0,testing
4,am,f,22,index,True,338630,339565,z,triangle.png,circle.png,triangle.png,circle.png,[0, 255, 0],[0, 0, 255],45,90,0,2,3,1,nochange_col,z,1,testing
4,am,f,22,index,True,344323,345069,/,circle.png,rect.png,circle.png,rect.png,[0, 0, 255],[255, 0, 0],90,45,3,0,1,2,change_col,/,1,testing
4,am,f,22,index,True,349783,350956,z,rect.png,triangle.png,rect.png,triangle.png,[255, 0, 0],[0, 0, 255],135,90,3,2,0,1,nochange_ori,z,0,testing
4,am,f,22,index,True,355695,356477,/,triangle.png,circle.png,triangle.png,circle.png,[0, 255, 0],[255, 255, 0],90,45,2,1,3,0,change_col,/,1,testing
4,am,f,22,index,True,361221,363069,/,circle.png,rect.png,circle.png,rect.png,[0, 0, 255],[0, 255, 0],0,45,3,0,2,1,change_ori,/,0,testing
4,am,f,22,index,True,367767,370269,/,circle.png,rect.png,circle.png,rect.png,[255, 255, 0],[0, 255, 0],135,45,1,2,3,0,change_col,/,3,testing
4,am,f,22,index,True,375013,375853,z,rect.png,diamond.png,rect.png,diamond.png,[0, 0, 255],[255, 255, 0],90,45,3,2,0,1,nochange_col,z,1,testing
4,am,f,22,index,True,380557,381516,/,circle.png,diamond.png,circle.png,diamond.png,[255, 0, 0],[255, 255, 0],45,0,0,2,3,1,change_ori,/,0,testing
4,am,f,22,index,True,386184,387197,/,rect.png,circle.png,rect.png,circle.png,[255, 0, 0],[255, 255, 0],45,135,3,2,0,1,change_ori,/,2,testing
4,am,f,22,index,True,391827,393004,/,diamond.png,rect.png,diamond.png,rect.png,[0, 0, 255],[0, 255, 0],45,90,3,2,1,0,change_col,/,1,testing
4,am,f,22,index,True,397588,399132,z,diamond.png,rect.png,diamond.png,rect.png,[255, 0, 0],[255, 255, 0],90,135,1,3,2,0,nochange_col,z,3,testing
4,am,f,22,index,True,403850,405197,z,diamond.png,circle.png,diamond.png,circle.png,[0, 255, 0],[0, 0, 255],90,45,0,1,2,3,nochange_col,z,3,testing
4,am,f,22,index,True,409910,411644,/,circle.png,rect.png,circle.png,rect.png,[0, 255, 0],[255, 255, 0],0,90,3,1,0,2,change_col,/,3,testing
4,am,f,22,index,True,416356,417371,z,diamond.png,triangle.png,diamond.png,triangle.png,[255, 0, 0],[0, 255, 0],135,0,3,1,0,2,nochange_col,z,1,testing
4,am,f,22,index,True,422116,423356,z,circle.png,rect.png,circle.png,rect.png,[255, 255, 0],[0, 0, 255],0,90,3,1,0,2,nochange_ori,z,2,testing
4,am,f,22,index,True,428061,429100,/,rect.png,diamond.png,rect.png,diamond.png,[255, 0, 0],[255, 255, 0],90,0,3,0,1,2,change_col,/,1,testing
4,am,f,22,index,True,433721,434444,/,rect.png,circle.png,rect.png,circle.png,[255, 255, 0],[0, 0, 255],135,0,2,1,0,3,change_col,/,1,testing
4,am,f,22,index,True,439164,439900,/,triangle.png,diamond.png,triangle.png,diamond.png,[0, 0, 255],[255, 0, 0],90,135,2,3,1,0,change_col,/,1,testing
4,am,f,22,index,True,444540,449692,z,triangle.png,rect.png,triangle.png,rect.png,[255, 0, 0],[0, 0, 255],0,45,2,0,3,1,nochange_ori,z,2,testing
4,am,f,22,index,True,454292,455724,z,circle.png,triangle.png,circle.png,triangle.png,[255, 0, 0],[0, 0, 255],0,45,0,3,2,1,nochange_ori,z,2,testing
4,am,f,22,index,True,460470,463932,z,triangle.png,rect.png,triangle.png,rect.png,[0, 255, 0],[255, 255, 0],45,90,1,3,2,0,nochange_ori,z,2,testing
4,am,f,22,index,True,468534,469435,/,rect.png,circle.png,rect.png,circle.png,[0, 0, 255],[255, 0, 0],90,135,3,1,0,2,change_col,/,1,testing
4,am,f,22,index,True,474045,475852,z,diamond.png,rect.png,diamond.png,rect.png,[0, 0, 255],[255, 255, 0],45,90,1,2,3,0,nochange_ori,z,2,testing
4,am,f,22,index,True,480573,481963,z,rect.png,diamond.png,rect.png,diamond.png,[0, 0, 255],[255, 255, 0],0,135,0,2,1,3,nochange_ori,z,2,testing
4,am,f,22,index,True,486701,487740,z,circle.png,rect.png,circle.png,rect.png,[255, 255, 0],[255, 0, 0],0,90,0,2,1,3,nochange_col,z,3,testing
4,am,f,22,index,True,492411,493228,/,triangle.png,rect.png,triangle.png,rect.png,[0, 255, 0],[0, 0, 255],0,45,2,0,3,1,change_col,/,1,testing
4,am,f,22,index,True,497989,498907,z,circle.png,triangle.png,circle.png,triangle.png,[0, 0, 255],[255, 0, 0],45,135,0,1,3,2,nochange_ori,z,0,testing
4,am,f,22,index,True,503650,504988,/,diamond.png,circle.png,diamond.png,circle.png,[0, 255, 0],[0, 0, 255],45,0,1,2,3,0,nochange_ori,z,0,testing
4,am,f,22,index,True,509560,510635,/,circle.png,diamond.png,circle.png,diamond.png,[255, 0, 0],[255, 255, 0],45,90,1,2,3,0,change_col,/,1,testing
4,am,f,22,index,True,515321,516075,/,circle.png,triangle.png,circle.png,triangle.png,[255, 255, 0],[0, 0, 255],45,0,1,2,3,0,change_col,/,1,testing
4,am,f,22,index,True,520747,522475,/,circle.png,triangle.png,circle.png,triangle.png,[255, 255, 0],[255, 0, 0],0,135,2,1,3,0,nochange_ori,z,0,testing
4,am,f,22,index,True,527125,527948,/,circle.png,triangle.png,circle.png,triangle.png,[255, 255, 0],[255, 0, 0],90,0,0,1,3,2,change_ori,/,0,testing
4,am,f,22,index,True,532552,534203,z,rect.png,circle.png,rect.png,circle.png,[255, 0, 0],[0, 255, 0],0,90,1,2,3,0,nochange_ori,z,2,testing
4,am,f,22,index,True,538964,540043,z,triangle.png,diamond.png,triangle.png,diamond.png,[0, 0, 255],[0, 255, 0],90,45,3,2,0,1,nochange_col,z,1,testing
4,am,f,22,index,True,544657,546939,z,triangle.png,circle.png,triangle.png,circle.png,[0, 0, 255],[255, 0, 0],90,0,0,3,2,1,nochange_col,z,3,testing
4,am,f,22,index,True,551587,553258,z,diamond.png,circle.png,diamond.png,circle.png,[255, 0, 0],[0, 255, 0],0,45,2,0,1,3,change_ori,/,2,testing
4,am,f,22,index,True,557899,558698,z,circle.png,rect.png,circle.png,rect.png,[255, 255, 0],[0, 255, 0],45,0,3,0,1,2,nochange_col,z,3,testing
4,am,f,22,index,True,563425,564170,/,triangle.png,circle.png,triangle.png,circle.png,[255, 255, 0],[0, 255, 0],90,135,0,1,3,2,change_col,/,3,testing
4,am,f,22,index,True,568868,570074,z,circle.png,triangle.png,circle.png,triangle.png,[255, 0, 0],[255, 255, 0],0,90,1,3,2,0,nochange_col,z,3,testing
4,am,f,22,index,True,574696,575658,z,rect.png,diamond.png,rect.png,diamond.png,[0, 0, 255],[0, 255, 0],45,0,2,3,1,0,nochange_col,z,3,testing
4,am,f,22,index,True,580289,582427,/,rect.png,circle.png,rect.png,circle.png,[255, 0, 0],[255, 255, 0],0,45,2,1,0,3,change_ori,/,0,testing
4,am,f,22,index,True,587069,587819,/,triangle.png,diamond.png,triangle.png,diamond.png,[255, 255, 0],[0, 255, 0],45,0,3,1,2,0,change_ori,/,0,testing
4,am,f,22,index,True,592562,593563,z,circle.png,rect.png,circle.png,rect.png,[255, 255, 0],[0, 255, 0],90,0,2,1,3,0,nochange_col,z,3,testing
4,am,f,22,index,True,598222,599355,z,diamond.png,circle.png,diamond.png,circle.png,[0, 0, 255],[255, 255, 0],135,0,2,3,1,0,nochange_col,z,1,testing
4,am,f,22,index,True,604032,604826,z,diamond.png,rect.png,diamond.png,rect.png,[255, 0, 0],[0, 0, 255],45,90,3,2,0,1,nochange_col,z,1,testing
4,am,f,22,index,True,609459,610618,z,rect.png,triangle.png,rect.png,triangle.png,[0, 0, 255],[255, 0, 0],0,90,2,1,0,3,nochange_ori,z,2,testing
4,am,f,22,index,True,615286,617082,/,rect.png,circle.png,rect.png,circle.png,[255, 255, 0],[255, 0, 0],135,0,0,2,3,1,change_ori,/,0,testing
4,am,f,22,index,True,621782,622698,z,circle.png,triangle.png,circle.png,triangle.png,[255, 0, 0],[255, 255, 0],0,45,0,3,1,2,nochange_ori,z,2,testing
4,am,f,22,index,True,663141,664122,z,circle.png,triangle.png,circle.png,triangle.png,[255, 255, 0],[0, 0, 255],0,135,2,3,1,0,nochange_ori,z,2,testing
4,am,f,22,index,True,668718,669754,z,circle.png,diamond.png,circle.png,diamond.png,[0, 0, 255],[255, 255, 0],135,0,3,2,1,0,nochange_ori,z,0,testing
4,am,f,22,index,True,674328,675258,/,triangle.png,diamond.png,triangle.png,diamond.png,[0, 255, 0],[255, 255, 0],0,90,2,0,3,1,change_ori,/,0,testing
4,am,f,22,index,True,679889,680745,/,triangle.png,rect.png,triangle.png,rect.png,[255, 255, 0],[0, 255, 0],0,45,2,0,3,1,change_col,/,3,testing
4,am,f,22,index,True,685315,686794,z,diamond.png,triangle.png,diamond.png,triangle.png,[255, 255, 0],[0, 0, 255],45,0,1,0,3,2,nochange_col,z,3,testing
4,am,f,22,index,True,691543,692298,/,rect.png,triangle.png,rect.png,triangle.png,[0, 0, 255],[255, 255, 0],0,45,1,3,0,2,change_ori,/,0,testing
4,am,f,22,index,True,697003,697818,z,circle.png,diamond.png,circle.png,diamond.png,[255, 0, 0],[0, 255, 0],135,0,1,0,2,3,nochange_col,z,3,testing
4,am,f,22,index,True,702463,703562,/,triangle.png,rect.png,triangle.png,rect.png,[255, 0, 0],[0, 0, 255],0,45,1,0,3,2,change_col,/,3,testing
4,am,f,22,index,True,708157,709465,z,circle.png,rect.png,circle.png,rect.png,[0, 255, 0],[0, 0, 255],90,0,2,3,0,1,nochange_col,z,3,testing
4,am,f,22,index,True,714201,715225,/,circle.png,rect.png,circle.png,rect.png,[0, 255, 0],[255, 0, 0],135,90,1,3,0,2,change_col,/,1,testing
4,am,f,22,index,True,719828,721577,z,diamond.png,circle.png,diamond.png,circle.png,[0, 0, 255],[255, 0, 0],90,0,1,3,2,0,nochange_ori,z,2,testing
4,am,f,22,index,True,726206,726873,/,circle.png,rect.png,circle.png,rect.png,[255, 0, 0],[0, 0, 255],0,90,0,2,1,3,change_ori,/,2,testing
4,am,f,22,index,True,731616,733097,z,diamond.png,triangle.png,diamond.png,triangle.png,[255, 255, 0],[0, 255, 0],135,90,1,0,3,2,nochange_ori,z,2,testing
4,am,f,22,index,True,737695,738809,z,rect.png,diamond.png,rect.png,diamond.png,[0, 0, 255],[255, 255, 0],90,45,3,2,1,0,change_col,/,3,testing
4,am,f,22,index,True,743472,744553,z,triangle.png,diamond.png,triangle.png,diamond.png,[0, 255, 0],[255, 0, 0],90,135,1,2,3,0,nochange_ori,z,2,testing
4,am,f,22,index,True,749282,750041,/,rect.png,triangle.png,rect.png,triangle.png,[0, 0, 255],[255, 255, 0],45,90,1,3,0,2,change_ori,/,2,testing
4,am,f,22,index,True,754726,755561,/,triangle.png,circle.png,triangle.png,circle.png,[0, 255, 0],[255, 255, 0],0,135,1,3,2,0,change_col,/,3,testing
4,am,f,22,index,True,760169,761177,/,rect.png,triangle.png,rect.png,triangle.png,[255, 255, 0],[0, 255, 0],135,0,2,1,3,0,nochange_ori,z,2,testing
4,am,f,22,index,True,765912,766617,/,rect.png,circle.png,rect.png,circle.png,[0, 255, 0],[0, 0, 255],135,45,1,2,3,0,change_ori,/,0,testing
4,am,f,22,index,True,771240,772137,z,triangle.png,rect.png,triangle.png,rect.png,[255, 0, 0],[255, 255, 0],0,135,2,3,0,1,nochange_ori,z,2,testing
4,am,f,22,index,True,776833,777401,/,diamond.png,triangle.png,diamond.png,triangle.png,[255, 0, 0],[255, 255, 0],90,0,1,0,3,2,change_ori,/,2,testing
4,am,f,22,index,True,782059,782537,/,diamond.png,circle.png,diamond.png,circle.png,[255, 255, 0],[255, 0, 0],90,135,0,2,1,3,change_col,/,3,testing
4,am,f,22,index,True,787236,787801,/,circle.png,rect.png,circle.png,rect.png,[255, 0, 0],[0, 0, 255],135,45,0,2,1,3,change_col,/,3,testing
4,am,f,22,index,True,792461,793417,/,diamond.png,triangle.png,diamond.png,triangle.png,[0, 0, 255],[255, 255, 0],45,0,0,2,1,3,nochange_ori,z,0,testing
4,am,f,22,index,True,798055,799273,z,circle.png,diamond.png,circle.png,diamond.png,[0, 0, 255],[255, 0, 0],0,45,1,2,0,3,nochange_ori,z,2,testing
4,am,f,22,index,True,804016,805065,z,circle.png,rect.png,circle.png,rect.png,[255, 0, 0],[255, 255, 0],45,0,1,3,2,0,nochange_col,z,1,testing
4,am,f,22,index,True,809843,810744,z,circle.png,triangle.png,circle.png,triangle.png,[255, 0, 0],[0, 255, 0],45,90,2,1,3,0,nochange_ori,z,0,testing
4,am,f,22,index,True,815470,816313,/,diamond.png,triangle.png,diamond.png,triangle.png,[255, 0, 0],[0, 0, 255],0,90,1,2,0,3,change_ori,/,2,testing
4,am,f,22,index,True,820981,821945,z,triangle.png,circle.png,triangle.png,circle.png,[255, 0, 0],[0, 255, 0],0,135,1,2,3,0,nochange_ori,z,0,testing
4,am,f,22,index,True,826591,827256,/,triangle.png,diamond.png,triangle.png,diamond.png,[255, 255, 0],[0, 255, 0],45,0,0,3,1,2,nochange_ori,z,2,testing
4,am,f,22,index,True,832017,832824,z,rect.png,triangle.png,rect.png,triangle.png,[255, 0, 0],[255, 255, 0],0,90,0,3,2,1,nochange_col,z,1,testing
4,am,f,22,index,True,837394,838857,/,triangle.png,circle.png,triangle.png,circle.png,[255, 255, 0],[0, 0, 255],135,90,3,2,1,0,change_ori,/,2,testing
4,am,f,22,index,True,843538,844328,/,diamond.png,triangle.png,diamond.png,triangle.png,[0, 255, 0],[255, 0, 0],90,45,3,2,0,1,change_ori,/,2,testing
4,am,f,22,index,True,848998,849737,/,diamond.png,circle.png,diamond.png,circle.png,[0, 0, 255],[255, 0, 0],90,0,2,3,0,1,change_ori,/,2,testing
4,am,f,22,index,True,854491,855928,z,diamond.png,triangle.png,diamond.png,triangle.png,[0, 255, 0],[255, 0, 0],0,90,1,2,0,3,nochange_ori,z,2,testing
4,am,f,22,index,True,860553,861288,z,circle.png,diamond.png,circle.png,diamond.png,[0, 255, 0],[255, 255, 0],90,45,0,2,1,3,nochange_col,z,3,testing
4,am,f,22,index,True,866030,866936,z,diamond.png,triangle.png,diamond.png,triangle.png,[0, 0, 255],[255, 255, 0],90,135,0,2,1,3,nochange_col,z,3,testing
4,am,f,22,index,True,871573,872360,z,triangle.png,diamond.png,triangle.png,diamond.png,[0, 0, 255],[255, 0, 0],0,90,3,2,1,0,nochange_col,z,1,testing
4,am,f,22,index,True,876966,877672,z,diamond.png,rect.png,diamond.png,rect.png,[0, 255, 0],[255, 255, 0],45,90,2,3,1,0,nochange_col,z,3,testing
4,am,f,22,index,True,882376,883224,z,rect.png,triangle.png,rect.png,triangle.png,[0, 255, 0],[255, 255, 0],45,90,0,2,3,1,nochange_ori,z,2,testing
4,am,f,22,index,True,887937,888744,/,triangle.png,diamond.png,triangle.png,diamond.png,[0, 0, 255],[255, 255, 0],45,90,2,0,3,1,change_ori,/,0,testing
4,am,f,22,index,True,893346,894456,z,triangle.png,diamond.png,triangle.png,diamond.png,[255, 255, 0],[0, 0, 255],135,90,0,1,3,2,nochange_col,z,3,testing
4,am,f,22,index,True,899191,900040,/,rect.png,triangle.png,rect.png,triangle.png,[255, 255, 0],[0, 255, 0],45,135,1,2,3,0,change_ori,/,2,testing
4,am,f,22,index,True,904717,905575,z,circle.png,rect.png,circle.png,rect.png,[0, 255, 0],[255, 255, 0],90,45,1,3,2,0,nochange_col,z,3,testing
4,am,f,22,index,True,910278,910999,z,diamond.png,rect.png,diamond.png,rect.png,[255, 255, 0],[255, 0, 0],90,135,2,3,0,1,nochange_col,z,3,testing
4,am,f,22,index,True,915721,916552,z,circle.png,triangle.png,circle.png,triangle.png,[0, 0, 255],[0, 255, 0],90,0,1,0,3,2,nochange_ori,z,0,testing
4,am,f,22,index,True,921231,921751,/,diamond.png,rect.png,diamond.png,rect.png,[0, 0, 255],[255, 0, 0],45,0,2,1,0,3,change_col,/,1,testing
4,am,f,22,index,True,926507,927127,/,triangle.png,diamond.png,triangle.png,diamond.png,[255, 0, 0],[0, 255, 0],45,0,1,2,0,3,change_col,/,3,testing
4,am,f,22,index,True,931717,932663,z,triangle.png,rect.png,triangle.png,rect.png,[255, 255, 0],[0, 0, 255],45,0,2,0,1,3,nochange_ori,z,0,testing
4,am,f,22,index,True,937344,938119,z,diamond.png,rect.png,diamond.png,rect.png,[255, 0, 0],[255, 255, 0],0,90,3,2,1,0,nochange_ori,z,0,testing
4,am,f,22,index,True,942753,943352,/,diamond.png,triangle.png,diamond.png,triangle.png,[0, 255, 0],[255, 255, 0],0,135,1,0,2,3,change_col,/,1,testing
4,am,f,22,index,True,948013,948856,z,diamond.png,triangle.png,diamond.png,triangle.png,[255, 255, 0],[0, 0, 255],90,0,0,1,2,3,nochange_col,z,3,testing
4,am,f,22,index,True,953607,954312,/,diamond.png,circle.png,diamond.png,circle.png,[0, 0, 255],[255, 0, 0],90,135,1,3,2,0,change_ori,/,2,testing
4,am,f,22,index,True,958949,959831,z,triangle.png,circle.png,triangle.png,circle.png,[0, 255, 0],[0, 0, 255],0,135,1,2,3,0,nochange_ori,z,0,testing
4,am,f,22,index,True,964493,965320,z,circle.png,triangle.png,circle.png,triangle.png,[0, 0, 255],[0, 255, 0],135,90,0,1,2,3,nochange_col,z,1,testing
4,am,f,22,index,True,969887,970568,/,diamond.png,triangle.png,diamond.png,triangle.png,[0, 0, 255],[0, 255, 0],135,0,0,2,1,3,change_col,/,1,testing
4,am,f,22,index,True,975329,976039,z,rect.png,diamond.png,rect.png,diamond.png,[255, 0, 0],[255, 255, 0],45,135,0,1,2,3,nochange_col,z,3,testing
4,am,f,22,index,True,980723,981479,z,diamond.png,circle.png,diamond.png,circle.png,[0, 0, 255],[255, 255, 0],135,45,0,2,3,1,nochange_col,z,3,testing
4,am,f,22,index,True,986116,986679,/,rect.png,diamond.png,rect.png,diamond.png,[255, 255, 0],[255, 0, 0],90,45,2,1,3,0,change_ori,/,2,testing
4,am,f,22,index,True,991343,991911,/,triangle.png,rect.png,triangle.png,rect.png,[255, 255, 0],[0, 255, 0],135,45,1,3,0,2,change_col,/,1,testing
4,am,f,22,index,True,996585,997415,/,triangle.png,rect.png,triangle.png,rect.png,[255, 0, 0],[0, 0, 255],0,135,0,1,2,3,change_ori,/,0,testing
4,am,f,22,index,True,1002113,1002839,z,rect.png,circle.png,rect.png,circle.png,[0, 0, 255],[0, 255, 0],0,45,0,1,3,2,nochange_col,z,1,testing
4,am,f,22,index,True,1007539,1008310,/,circle.png,rect.png,circle.png,rect.png,[255, 0, 0],[255, 255, 0],90,135,0,3,1,2,change_col,/,3,testing
4,am,f,22,index,True,1012882,1013527,/,rect.png,triangle.png,rect.png,triangle.png,[0, 255, 0],[255, 255, 0],90,45,2,1,0,3,change_col,/,1,testing
4,am,f,22,index,True,1018158,1018887,/,circle.png,rect.png,circle.png,rect.png,[0, 0, 255],[255, 0, 0],90,0,1,0,2,3,change_col,/,3,testing
4,am,f,22,index,True,1023585,1025767,/,diamond.png,rect.png,diamond.png,rect.png,[0, 255, 0],[255, 0, 0],90,135,2,0,3,1,change_ori,/,2,testing
4,am,f,22,index,True,1030431,1031447,z,rect.png,diamond.png,rect.png,diamond.png,[0, 255, 0],[255, 0, 0],0,45,3,0,1,2,nochange_col,z,3,testing
4,am,f,22,index,True,1036175,1038790,z,triangle.png,circle.png,triangle.png,circle.png,[0, 255, 0],[0, 0, 255],45,135,2,0,3,1,change_ori,/,0,testing
4,am,f,22,index,True,1043554,1044454,/,circle.png,triangle.png,circle.png,triangle.png,[0, 0, 255],[0, 255, 0],135,90,1,2,0,3,change_ori,/,2,testing
4,am,f,22,index,True,1049032,1051046,z,rect.png,triangle.png,rect.png,triangle.png,[255, 0, 0],[0, 255, 0],90,135,2,1,0,3,nochange_ori,z,0,testing
4,am,f,22,index,True,1055644,1057782,/,circle.png,triangle.png,circle.png,triangle.png,[0, 255, 0],[255, 0, 0],135,0,0,3,2,1,change_ori,/,2,testing
4,am,f,22,index,True,1062356,1063398,/,triangle.png,rect.png,triangle.png,rect.png,[255, 255, 0],[0, 0, 255],0,90,3,0,2,1,change_col,/,1,testing
4,am,f,22,index,True,1068083,1069718,/,circle.png,rect.png,circle.png,rect.png,[0, 255, 0],[255, 0, 0],0,45,0,1,2,3,change_ori,/,2,testing
4,am,f,22,index,True,1074445,1075126,/,diamond.png,circle.png,diamond.png,circle.png,[0, 0, 255],[0, 255, 0],90,135,2,3,0,1,change_col,/,1,testing
4,am,f,22,index,True,1079838,1080439,/,diamond.png,circle.png,diamond.png,circle.png,[0, 255, 0],[255, 0, 0],0,135,1,2,3,0,change_col,/,3,testing
4,am,f,22,index,True,1085031,1085622,/,diamond.png,triangle.png,diamond.png,triangle.png,[255, 255, 0],[0, 0, 255],45,135,3,0,2,1,change_col,/,3,testing
4,am,f,22,index,True,1090240,1091111,z,diamond.png,circle.png,diamond.png,circle.png,[255, 0, 0],[0, 255, 0],0,135,1,2,3,0,nochange_col,z,3,testing
4,am,f,22,index,True,1095851,1097126,/,rect.png,diamond.png,rect.png,diamond.png,[255, 0, 0],[255, 255, 0],135,90,0,1,2,3,nochange_ori,z,2,testing
4,am,f,22,index,True,1101695,1102614,z,rect.png,triangle.png,rect.png,triangle.png,[0, 0, 255],[0, 255, 0],0,90,2,3,0,1,nochange_col,z,1,testing
4,am,f,22,index,True,1107189,1107846,/,rect.png,diamond.png,rect.png,diamond.png,[0, 0, 255],[255, 0, 0],45,90,3,2,0,1,change_col,/,1,testing
