subj,name,gender,age,cond,P_resp,P_startTime,P_respTime,P_gotKey,shape1,shape2,shape3,shape4,color1,color2,color3,color4ori1,ori2,ori3,ori4ord_1,ord_2,ord_3,ord_4,task,correct_key,no_change,mode
5,zy,f,20,index,True,176519,179881,z,circle.png,rect.png,circle.png,rect.png,[255, 255, 0],[255, 0, 0],0,135,1,0,3,2,change_ori,/,2,practice
5,zy,f,20,index,True,184484,185513,/,rect.png,diamond.png,rect.png,diamond.png,[255, 0, 0],[0, 255, 0],135,0,3,2,1,0,change_col,/,3,practice
5,zy,f,20,index,True,190228,190745,/,triangle.png,diamond.png,triangle.png,diamond.png,[255, 0, 0],[0, 0, 255],45,135,1,3,2,0,change_col,/,1,practice
5,zy,f,20,index,True,195437,196073,z,circle.png,triangle.png,circle.png,triangle.png,[0, 0, 255],[255, 0, 0],90,45,3,1,2,0,nochange_ori,z,0,practice
5,zy,f,20,index,True,200730,201513,/,rect.png,triangle.png,rect.png,triangle.png,[0, 0, 255],[0, 255, 0],135,45,0,2,3,1,change_ori,/,2,practice
5,zy,f,20,index,True,206190,206760,/,circle.png,diamond.png,circle.png,diamond.png,[0, 255, 0],[255, 0, 0],90,0,3,0,2,1,nochange_col,z,3,practice
5,zy,f,20,index,True,211483,212039,/,rect.png,triangle.png,rect.png,triangle.png,[255, 255, 0],[255, 0, 0],45,135,0,3,2,1,change_col,/,1,practice
5,zy,f,20,index,True,216793,217672,/,diamond.png,circle.png,diamond.png,circle.png,[255, 255, 0],[0, 255, 0],0,90,2,0,3,1,change_ori,/,0,practice
5,zy,f,20,index,True,222237,222968,z,diamond.png,triangle.png,diamond.png,triangle.png,[255, 255, 0],[255, 0, 0],45,0,1,3,2,0,nochange_ori,z,0,practice
5,zy,f,20,index,True,227746,228409,/,diamond.png,circle.png,diamond.png,circle.png,[0, 0, 255],[255, 255, 0],0,135,3,1,0,2,change_ori,/,0,practice
5,zy,f,20,index,True,233023,233848,z,circle.png,triangle.png,circle.png,triangle.png,[255, 0, 0],[0, 0, 255],90,135,0,3,1,2,nochange_col,z,1,practice
5,zy,f,20,index,True,238499,239016,/,circle.png,rect.png,circle.png,rect.png,[255, 255, 0],[255, 0, 0],90,0,0,1,3,2,change_ori,/,2,practice
5,zy,f,20,index,True,243726,244247,/,triangle.png,rect.png,triangle.png,rect.png,[255, 0, 0],[0, 0, 255],0,45,0,1,2,3,change_col,/,1,practice
5,zy,f,20,index,True,248986,249848,z,diamond.png,circle.png,diamond.png,circle.png,[0, 0, 255],[255, 0, 0],0,135,3,1,2,0,nochange_ori,z,2,practice
5,zy,f,20,index,True,254529,255400,z,triangle.png,circle.png,triangle.png,circle.png,[0, 0, 255],[255, 0, 0],45,0,2,1,3,0,nochange_col,z,1,practice
5,zy,f,20,index,True,260139,261033,z,diamond.png,circle.png,diamond.png,circle.png,[255, 0, 0],[0, 255, 0],45,90,2,0,1,3,nochange_ori,z,0,practice
5,zy,f,20,index,True,265683,266520,z,rect.png,circle.png,rect.png,circle.png,[0, 0, 255],[255, 0, 0],0,45,3,0,1,2,nochange_ori,z,0,practice
5,zy,f,20,index,True,271243,271864,z,rect.png,triangle.png,rect.png,triangle.png,[0, 255, 0],[255, 255, 0],45,0,0,3,1,2,nochange_col,z,1,practice
5,zy,f,20,index,True,276453,277080,/,rect.png,triangle.png,rect.png,triangle.png,[0, 255, 0],[0, 0, 255],0,90,1,2,3,0,change_col,/,1,practice
5,zy,f,20,index,True,281679,282167,z,circle.png,diamond.png,circle.png,diamond.png,[255, 0, 0],[255, 255, 0],90,45,2,0,3,1,nochange_col,z,1,practice
5,zy,f,20,index,True,316392,317079,/,triangle.png,diamond.png,triangle.png,diamond.png,[0, 0, 255],[255, 255, 0],45,135,1,3,2,0,change_col,/,3,testing
5,zy,f,20,index,True,321685,322327,z,rect.png,diamond.png,rect.png,diamond.png,[0, 0, 255],[255, 255, 0],0,90,1,0,3,2,nochange_col,z,3,testing
5,zy,f,20,index,True,327045,327511,/,rect.png,diamond.png,rect.png,diamond.png,[255, 0, 0],[0, 0, 255],90,135,2,0,3,1,change_col,/,1,testing
5,zy,f,20,index,True,332188,333079,/,rect.png,triangle.png,rect.png,triangle.png,[255, 255, 0],[255, 0, 0],45,90,2,0,3,1,change_ori,/,0,testing
5,zy,f,20,index,True,337815,338360,z,diamond.png,rect.png,diamond.png,rect.png,[0, 255, 0],[255, 255, 0],0,135,2,1,3,0,nochange_ori,z,0,testing
5,zy,f,20,index,True,342924,343591,/,rect.png,diamond.png,rect.png,diamond.png,[0, 0, 255],[255, 0, 0],90,135,3,1,2,0,change_ori,/,2,testing
5,zy,f,20,index,True,348300,349047,/,rect.png,triangle.png,rect.png,triangle.png,[0, 0, 255],[255, 0, 0],135,90,1,3,2,0,change_ori,/,2,testing
5,zy,f,20,index,True,353627,354647,/,circle.png,rect.png,circle.png,rect.png,[0, 255, 0],[255, 0, 0],90,45,1,3,0,2,change_ori,/,0,testing
5,zy,f,20,index,True,359405,359944,z,rect.png,circle.png,rect.png,circle.png,[255, 255, 0],[255, 0, 0],45,90,0,3,2,1,nochange_col,z,1,testing
5,zy,f,20,index,True,364681,365303,/,triangle.png,diamond.png,triangle.png,diamond.png,[255, 255, 0],[0, 255, 0],135,45,3,2,0,1,change_ori,/,0,testing
5,zy,f,20,index,True,370040,371127,z,rect.png,triangle.png,rect.png,triangle.png,[0, 255, 0],[0, 0, 255],135,0,2,0,1,3,nochange_ori,z,0,testing
5,zy,f,20,index,True,375734,376662,/,triangle.png,rect.png,triangle.png,rect.png,[0, 255, 0],[255, 0, 0],45,0,3,2,0,1,change_ori,/,0,testing
5,zy,f,20,index,True,381328,381991,z,rect.png,triangle.png,rect.png,triangle.png,[0, 255, 0],[0, 0, 255],0,135,2,0,3,1,nochange_col,z,3,testing
5,zy,f,20,index,True,386721,387462,/,diamond.png,triangle.png,diamond.png,triangle.png,[0, 0, 255],[255, 0, 0],135,45,0,1,2,3,change_ori,/,0,testing
5,zy,f,20,index,True,392064,392935,/,circle.png,rect.png,circle.png,rect.png,[0, 255, 0],[0, 0, 255],90,45,1,2,3,0,change_ori,/,0,testing
5,zy,f,20,index,True,397591,398199,/,rect.png,diamond.png,rect.png,diamond.png,[0, 255, 0],[255, 0, 0],90,135,0,3,2,1,nochange_col,z,3,testing
5,zy,f,20,index,True,402901,403718,z,triangle.png,rect.png,triangle.png,rect.png,[255, 0, 0],[0, 255, 0],45,90,1,2,0,3,nochange_ori,z,2,testing
5,zy,f,20,index,True,408411,410790,z,triangle.png,rect.png,triangle.png,rect.png,[255, 255, 0],[0, 0, 255],135,0,1,2,3,0,nochange_col,z,1,testing
5,zy,f,20,index,True,415557,417030,z,rect.png,circle.png,rect.png,circle.png,[255, 255, 0],[0, 0, 255],45,0,3,2,1,0,nochange_ori,z,0,testing
5,zy,f,20,index,True,421752,422374,/,triangle.png,rect.png,triangle.png,rect.png,[255, 255, 0],[0, 0, 255],45,90,0,3,1,2,change_col,/,3,testing
5,zy,f,20,index,True,426978,429111,/,rect.png,circle.png,rect.png,circle.png,[255, 255, 0],[255, 0, 0],90,0,1,2,0,3,change_ori,/,0,testing
5,zy,f,20,index,True,433757,434615,z,triangle.png,diamond.png,triangle.png,diamond.png,[0, 255, 0],[255, 255, 0],0,90,2,3,1,0,nochange_ori,z,2,testing
5,zy,f,20,index,True,439234,439783,z,triangle.png,rect.png,triangle.png,rect.png,[255, 0, 0],[0, 255, 0],135,0,3,1,2,0,nochange_ori,z,0,testing
5,zy,f,20,index,True,444444,445126,/,triangle.png,rect.png,triangle.png,rect.png,[0, 255, 0],[0, 0, 255],135,90,3,2,1,0,change_ori,/,2,testing
5,zy,f,20,index,True,449820,450598,/,triangle.png,circle.png,triangle.png,circle.png,[255, 255, 0],[0, 255, 0],90,45,3,0,2,1,change_col,/,1,testing
5,zy,f,20,index,True,455263,455815,/,rect.png,circle.png,rect.png,circle.png,[0, 255, 0],[0, 0, 255],0,45,0,2,1,3,change_col,/,3,testing
5,zy,f,20,index,True,460406,461270,z,circle.png,diamond.png,circle.png,diamond.png,[0, 255, 0],[255, 0, 0],0,90,1,3,0,2,nochange_ori,z,2,testing
5,zy,f,20,index,True,465866,467239,/,triangle.png,circle.png,triangle.png,circle.png,[0, 0, 255],[255, 0, 0],45,0,3,2,0,1,change_ori,/,0,testing
5,zy,f,20,index,True,471960,472790,z,triangle.png,diamond.png,triangle.png,diamond.png,[255, 255, 0],[255, 0, 0],0,135,0,2,1,3,nochange_ori,z,2,testing
5,zy,f,20,index,True,477471,478998,/,circle.png,rect.png,circle.png,rect.png,[0, 0, 255],[0, 255, 0],90,0,2,0,3,1,change_ori,/,2,testing
5,zy,f,20,index,True,483748,484199,z,rect.png,diamond.png,rect.png,diamond.png,[0, 0, 255],[0, 255, 0],0,135,3,2,1,0,nochange_ori,z,2,testing
5,zy,f,20,index,True,488891,489686,z,diamond.png,triangle.png,diamond.png,triangle.png,[0, 0, 255],[0, 255, 0],90,135,2,1,0,3,nochange_ori,z,2,testing
5,zy,f,20,index,True,494452,494982,z,circle.png,diamond.png,circle.png,diamond.png,[255, 0, 0],[0, 0, 255],90,0,2,0,3,1,nochange_col,z,1,testing
5,zy,f,20,index,True,499761,500310,/,triangle.png,circle.png,triangle.png,circle.png,[255, 255, 0],[0, 0, 255],90,135,2,3,1,0,change_col,/,1,testing
5,zy,f,20,index,True,504887,505606,z,diamond.png,triangle.png,diamond.png,triangle.png,[255, 0, 0],[0, 0, 255],135,0,3,0,2,1,nochange_col,z,3,testing
5,zy,f,20,index,True,510297,511190,z,triangle.png,circle.png,triangle.png,circle.png,[255, 0, 0],[0, 0, 255],90,45,3,2,0,1,nochange_col,z,3,testing
5,zy,f,20,index,True,515924,517590,z,diamond.png,triangle.png,diamond.png,triangle.png,[0, 255, 0],[255, 0, 0],45,135,3,0,1,2,nochange_ori,z,2,testing
5,zy,f,20,index,True,522269,522694,/,diamond.png,triangle.png,diamond.png,triangle.png,[0, 255, 0],[255, 0, 0],45,135,1,0,2,3,change_ori,/,0,testing
5,zy,f,20,index,True,527312,527877,/,triangle.png,circle.png,triangle.png,circle.png,[255, 255, 0],[0, 255, 0],135,90,0,2,1,3,change_col,/,3,testing
5,zy,f,20,index,True,532522,534310,z,diamond.png,triangle.png,diamond.png,triangle.png,[255, 0, 0],[0, 255, 0],0,45,2,1,0,3,nochange_ori,z,2,testing
5,zy,f,20,index,True,538966,539797,z,rect.png,diamond.png,rect.png,diamond.png,[0, 255, 0],[255, 0, 0],90,0,1,0,3,2,nochange_col,z,3,testing
5,zy,f,20,index,True,544494,545125,z,rect.png,triangle.png,rect.png,triangle.png,[0, 255, 0],[255, 0, 0],0,135,3,2,0,1,nochange_col,z,3,testing
5,zy,f,20,index,True,549820,550694,z,triangle.png,diamond.png,triangle.png,diamond.png,[255, 0, 0],[0, 0, 255],90,0,1,3,0,2,nochange_ori,z,2,testing
5,zy,f,20,index,True,555329,556070,z,triangle.png,circle.png,triangle.png,circle.png,[255, 255, 0],[255, 0, 0],90,45,2,3,0,1,nochange_ori,z,2,testing
5,zy,f,20,index,True,560640,561253,z,triangle.png,circle.png,triangle.png,circle.png,[255, 0, 0],[255, 255, 0],135,90,0,2,1,3,nochange_col,z,3,testing
5,zy,f,20,index,True,565999,566709,z,triangle.png,diamond.png,triangle.png,diamond.png,[255, 255, 0],[0, 255, 0],0,90,3,1,2,0,nochange_col,z,1,testing
5,zy,f,20,index,True,571292,572197,/,circle.png,triangle.png,circle.png,triangle.png,[255, 0, 0],[0, 0, 255],45,90,0,3,2,1,change_ori,/,2,testing
5,zy,f,20,index,True,576802,577381,/,circle.png,rect.png,circle.png,rect.png,[0, 0, 255],[255, 255, 0],90,0,1,0,2,3,change_col,/,1,testing
5,zy,f,20,index,True,582062,583189,/,triangle.png,rect.png,triangle.png,rect.png,[255, 255, 0],[0, 255, 0],45,0,0,2,1,3,change_ori,/,2,testing
5,zy,f,20,index,True,587890,588420,z,diamond.png,circle.png,diamond.png,circle.png,[0, 255, 0],[255, 0, 0],135,0,0,1,2,3,nochange_col,z,1,testing
5,zy,f,20,index,True,593200,593990,/,diamond.png,triangle.png,diamond.png,triangle.png,[0, 0, 255],[0, 255, 0],45,90,2,0,3,1,change_col,/,3,testing
5,zy,f,20,index,True,598576,599317,/,rect.png,circle.png,rect.png,circle.png,[255, 255, 0],[255, 0, 0],90,135,0,1,2,3,change_ori,/,0,testing
5,zy,f,20,index,True,603953,604357,z,diamond.png,circle.png,diamond.png,circle.png,[255, 0, 0],[0, 0, 255],0,90,1,2,3,0,nochange_ori,z,2,testing
5,zy,f,20,index,True,609095,609781,z,rect.png,diamond.png,rect.png,diamond.png,[0, 255, 0],[0, 0, 255],135,90,0,1,2,3,change_col,/,3,testing
5,zy,f,20,index,True,614421,614933,z,rect.png,triangle.png,rect.png,triangle.png,[0, 0, 255],[255, 0, 0],90,135,2,3,0,1,nochange_col,z,1,testing
5,zy,f,20,index,True,619598,620629,z,triangle.png,circle.png,triangle.png,circle.png,[0, 255, 0],[255, 0, 0],0,45,0,3,2,1,nochange_ori,z,0,testing
5,zy,f,20,index,True,625341,626021,z,diamond.png,rect.png,diamond.png,rect.png,[255, 0, 0],[0, 255, 0],0,90,0,1,3,2,nochange_col,z,1,testing
5,zy,f,20,index,True,630768,631381,/,diamond.png,rect.png,diamond.png,rect.png,[0, 0, 255],[255, 255, 0],0,135,2,3,1,0,change_ori,/,0,testing
5,zy,f,20,index,True,635961,637124,/,circle.png,diamond.png,circle.png,diamond.png,[255, 255, 0],[0, 255, 0],0,45,1,2,0,3,change_ori,/,0,testing
5,zy,f,20,index,True,641688,642517,/,diamond.png,rect.png,diamond.png,rect.png,[255, 255, 0],[0, 255, 0],0,45,0,1,3,2,change_col,/,1,testing
5,zy,f,20,index,True,647148,648628,/,circle.png,rect.png,circle.png,rect.png,[255, 0, 0],[255, 255, 0],90,45,3,0,1,2,change_col,/,1,testing
5,zy,f,20,index,True,653209,653796,z,circle.png,triangle.png,circle.png,triangle.png,[0, 0, 255],[255, 255, 0],45,0,2,0,3,1,nochange_col,z,3,testing
5,zy,f,20,index,True,658486,659445,/,circle.png,rect.png,circle.png,rect.png,[0, 0, 255],[0, 255, 0],90,45,1,0,3,2,change_col,/,1,testing
5,zy,f,20,index,True,664062,664565,z,diamond.png,circle.png,diamond.png,circle.png,[255, 255, 0],[0, 0, 255],135,0,3,2,0,1,nochange_col,z,3,testing
5,zy,f,20,index,True,669272,669747,z,circle.png,diamond.png,circle.png,diamond.png,[255, 0, 0],[0, 0, 255],135,90,1,2,0,3,nochange_col,z,3,testing
5,zy,f,20,index,True,674331,675124,/,triangle.png,diamond.png,triangle.png,diamond.png,[0, 0, 255],[255, 255, 0],90,135,2,3,1,0,change_ori,/,2,testing
5,zy,f,20,index,True,679808,680516,z,circle.png,triangle.png,circle.png,triangle.png,[0, 0, 255],[0, 255, 0],135,0,1,3,0,2,nochange_ori,z,0,testing
5,zy,f,20,index,True,685167,686068,z,rect.png,triangle.png,rect.png,triangle.png,[255, 0, 0],[0, 255, 0],135,0,3,0,2,1,nochange_col,z,3,testing
5,zy,f,20,index,True,690728,691365,/,rect.png,diamond.png,rect.png,diamond.png,[0, 0, 255],[0, 255, 0],135,0,1,0,3,2,change_col,/,3,testing
5,zy,f,20,index,True,696105,696804,/,circle.png,triangle.png,circle.png,triangle.png,[0, 0, 255],[0, 255, 0],45,0,0,2,1,3,change_col,/,1,testing
5,zy,f,20,index,True,701481,702164,/,circle.png,rect.png,circle.png,rect.png,[255, 0, 0],[0, 255, 0],45,135,1,2,3,0,change_col,/,3,testing
5,zy,f,20,index,True,706941,707364,z,circle.png,diamond.png,circle.png,diamond.png,[255, 255, 0],[255, 0, 0],135,45,2,3,1,0,nochange_col,z,1,testing
5,zy,f,20,index,True,712083,712692,/,diamond.png,triangle.png,diamond.png,triangle.png,[0, 0, 255],[255, 0, 0],45,135,2,1,3,0,change_col,/,1,testing
5,zy,f,20,index,True,717460,718116,/,diamond.png,circle.png,diamond.png,circle.png,[0, 255, 0],[255, 0, 0],0,45,3,0,1,2,change_col,/,3,testing
5,zy,f,20,index,True,722770,723620,/,rect.png,diamond.png,rect.png,diamond.png,[255, 0, 0],[0, 0, 255],90,45,2,1,0,3,change_ori,/,0,testing
5,zy,f,20,index,True,728197,728852,z,triangle.png,circle.png,triangle.png,circle.png,[0, 255, 0],[255, 0, 0],90,135,3,1,0,2,nochange_ori,z,2,testing
5,zy,f,20,index,True,733556,734196,/,diamond.png,circle.png,diamond.png,circle.png,[0, 255, 0],[255, 0, 0],90,135,2,3,1,0,change_col,/,3,testing
5,zy,f,20,index,True,738783,739236,z,diamond.png,rect.png,diamond.png,rect.png,[255, 255, 0],[0, 0, 255],90,45,1,3,0,2,nochange_ori,z,2,testing
5,zy,f,20,index,True,743859,744244,z,rect.png,circle.png,rect.png,circle.png,[255, 0, 0],[255, 255, 0],90,135,1,2,0,3,nochange_ori,z,2,testing
5,zy,f,20,index,True,748985,749572,/,diamond.png,circle.png,diamond.png,circle.png,[0, 255, 0],[255, 0, 0],90,45,3,2,0,1,change_col,/,1,testing
5,zy,f,20,index,True,820933,821412,/,rect.png,circle.png,rect.png,circle.png,[0, 0, 255],[255, 255, 0],0,90,2,1,0,3,change_col,/,1,testing
5,zy,f,20,index,True,826092,826723,/,diamond.png,triangle.png,diamond.png,triangle.png,[255, 255, 0],[0, 0, 255],45,0,0,3,2,1,change_col,/,3,testing
5,zy,f,20,index,True,831385,832067,/,diamond.png,circle.png,diamond.png,circle.png,[255, 255, 0],[0, 0, 255],45,135,1,2,3,0,change_col,/,1,testing
5,zy,f,20,index,True,836762,837459,z,diamond.png,triangle.png,diamond.png,triangle.png,[255, 0, 0],[0, 0, 255],90,45,1,0,3,2,nochange_ori,z,2,testing
5,zy,f,20,index,True,842121,842931,/,diamond.png,circle.png,diamond.png,circle.png,[255, 0, 0],[0, 255, 0],0,45,2,0,3,1,change_ori,/,0,testing
5,zy,f,20,index,True,847599,848467,z,triangle.png,rect.png,triangle.png,rect.png,[255, 0, 0],[0, 0, 255],90,0,0,1,3,2,nochange_col,z,3,testing
5,zy,f,20,index,True,853226,853762,z,rect.png,diamond.png,rect.png,diamond.png,[255, 255, 0],[255, 0, 0],90,0,3,1,0,2,nochange_col,z,3,testing
5,zy,f,20,index,True,858418,859059,/,circle.png,triangle.png,circle.png,triangle.png,[0, 0, 255],[0, 255, 0],0,135,2,1,0,3,change_col,/,3,testing
5,zy,f,20,index,True,863728,864931,/,diamond.png,triangle.png,diamond.png,triangle.png,[255, 0, 0],[0, 0, 255],0,45,3,0,2,1,change_ori,/,2,testing
5,zy,f,20,index,True,869556,870307,/,rect.png,circle.png,rect.png,circle.png,[255, 0, 0],[0, 0, 255],45,90,1,2,3,0,change_ori,/,2,testing
5,zy,f,20,index,True,875015,876130,z,rect.png,diamond.png,rect.png,diamond.png,[0, 255, 0],[255, 255, 0],135,90,1,3,2,0,nochange_ori,z,2,testing
5,zy,f,20,index,True,880776,881474,/,circle.png,triangle.png,circle.png,triangle.png,[255, 0, 0],[255, 255, 0],90,135,1,0,3,2,change_col,/,1,testing
5,zy,f,20,index,True,886169,886754,/,rect.png,diamond.png,rect.png,diamond.png,[255, 0, 0],[255, 255, 0],90,0,1,0,2,3,change_ori,/,2,testing
5,zy,f,20,index,True,891462,892098,z,diamond.png,rect.png,diamond.png,rect.png,[0, 0, 255],[255, 255, 0],45,135,3,0,2,1,nochange_ori,z,2,testing
5,zy,f,20,index,True,896839,897458,/,rect.png,triangle.png,rect.png,triangle.png,[0, 0, 255],[255, 255, 0],90,45,3,0,1,2,change_col,/,1,testing
5,zy,f,20,index,True,902116,902754,z,rect.png,triangle.png,rect.png,triangle.png,[0, 255, 0],[255, 0, 0],0,135,0,3,2,1,nochange_col,z,3,testing
5,zy,f,20,index,True,907358,908178,/,triangle.png,rect.png,triangle.png,rect.png,[0, 255, 0],[255, 0, 0],0,90,3,1,0,2,change_col,/,3,testing
5,zy,f,20,index,True,912952,913746,z,triangle.png,rect.png,triangle.png,rect.png,[255, 255, 0],[0, 255, 0],135,0,0,2,3,1,nochange_ori,z,2,testing
5,zy,f,20,index,True,918345,918867,z,diamond.png,triangle.png,diamond.png,triangle.png,[255, 255, 0],[255, 0, 0],90,0,1,2,0,3,nochange_ori,z,2,testing
5,zy,f,20,index,True,923521,924243,z,rect.png,diamond.png,rect.png,diamond.png,[255, 0, 0],[0, 0, 255],45,90,0,1,3,2,change_col,/,1,testing
5,zy,f,20,index,True,928931,929522,z,circle.png,diamond.png,circle.png,diamond.png,[0, 0, 255],[255, 255, 0],90,135,3,0,1,2,nochange_col,z,1,testing
5,zy,f,20,index,True,934241,935203,/,triangle.png,diamond.png,triangle.png,diamond.png,[255, 0, 0],[0, 0, 255],0,90,0,1,2,3,change_col,/,3,testing
5,zy,f,20,index,True,939851,940402,z,triangle.png,diamond.png,triangle.png,diamond.png,[255, 255, 0],[0, 255, 0],90,0,2,3,1,0,nochange_col,z,1,testing
5,zy,f,20,index,True,945078,946354,/,diamond.png,triangle.png,diamond.png,triangle.png,[255, 0, 0],[0, 255, 0],0,135,2,1,0,3,change_ori,/,2,testing
5,zy,f,20,index,True,950988,951522,z,diamond.png,circle.png,diamond.png,circle.png,[255, 0, 0],[255, 255, 0],0,45,3,0,1,2,nochange_col,z,1,testing
5,zy,f,20,index,True,956281,956818,/,circle.png,rect.png,circle.png,rect.png,[255, 255, 0],[255, 0, 0],135,45,1,3,2,0,change_col,/,1,testing
5,zy,f,20,index,True,961457,962162,/,triangle.png,circle.png,triangle.png,circle.png,[0, 0, 255],[0, 255, 0],0,45,2,3,0,1,change_ori,/,0,testing
5,zy,f,20,index,True,966800,967442,z,triangle.png,diamond.png,triangle.png,diamond.png,[0, 0, 255],[255, 255, 0],135,45,1,2,3,0,nochange_col,z,3,testing
5,zy,f,20,index,True,972227,972946,z,circle.png,diamond.png,circle.png,diamond.png,[255, 255, 0],[0, 0, 255],45,0,2,1,3,0,nochange_ori,z,0,testing
5,zy,f,20,index,True,977520,978129,z,circle.png,triangle.png,circle.png,triangle.png,[255, 0, 0],[0, 255, 0],135,45,3,1,2,0,nochange_col,z,3,testing
5,zy,f,20,index,True,982780,983522,/,rect.png,circle.png,rect.png,circle.png,[255, 0, 0],[0, 0, 255],45,135,1,2,0,3,change_ori,/,0,testing
5,zy,f,20,index,True,988206,988545,z,circle.png,rect.png,circle.png,rect.png,[0, 0, 255],[255, 0, 0],135,90,0,1,2,3,nochange_col,z,3,testing
5,zy,f,20,index,True,993199,994337,/,circle.png,triangle.png,circle.png,triangle.png,[0, 255, 0],[255, 255, 0],135,90,0,3,2,1,change_ori,/,2,testing
5,zy,f,20,index,True,999059,999681,z,diamond.png,triangle.png,diamond.png,triangle.png,[255, 255, 0],[255, 0, 0],0,45,3,2,1,0,nochange_ori,z,2,testing
5,zy,f,20,index,True,1004252,1004801,/,triangle.png,diamond.png,triangle.png,diamond.png,[255, 255, 0],[255, 0, 0],45,0,1,3,2,0,change_ori,/,0,testing
5,zy,f,20,index,True,1009412,1009872,z,diamond.png,circle.png,diamond.png,circle.png,[0, 0, 255],[255, 0, 0],135,45,2,0,3,1,nochange_col,z,3,testing
5,zy,f,20,index,True,1014621,1015057,z,rect.png,triangle.png,rect.png,triangle.png,[0, 0, 255],[0, 255, 0],90,0,2,3,0,1,nochange_col,z,1,testing
5,zy,f,20,index,True,1019647,1021009,/,diamond.png,triangle.png,diamond.png,triangle.png,[0, 0, 255],[255, 255, 0],90,0,3,0,1,2,change_ori,/,0,testing
5,zy,f,20,index,True,1025575,1026578,z,rect.png,circle.png,rect.png,circle.png,[255, 255, 0],[0, 0, 255],0,90,3,2,0,1,nochange_ori,z,0,testing
5,zy,f,20,index,True,1031286,1032242,/,diamond.png,rect.png,diamond.png,rect.png,[255, 255, 0],[0, 0, 255],45,90,2,3,1,0,change_ori,/,2,testing
5,zy,f,20,index,True,1036962,1037745,z,diamond.png,triangle.png,diamond.png,triangle.png,[255, 255, 0],[0, 255, 0],135,45,1,3,2,0,nochange_ori,z,2,testing
5,zy,f,20,index,True,1042389,1043041,z,circle.png,diamond.png,circle.png,diamond.png,[255, 0, 0],[0, 255, 0],90,135,3,0,2,1,nochange_ori,z,2,testing
5,zy,f,20,index,True,1047748,1048433,/,diamond.png,triangle.png,diamond.png,triangle.png,[0, 255, 0],[255, 0, 0],135,0,3,0,2,1,change_ori,/,0,testing
5,zy,f,20,index,True,1053092,1053937,z,triangle.png,rect.png,triangle.png,rect.png,[0, 255, 0],[255, 255, 0],135,90,2,3,1,0,nochange_ori,z,2,testing
5,zy,f,20,index,True,1058602,1059217,/,circle.png,diamond.png,circle.png,diamond.png,[0, 255, 0],[255, 0, 0],0,45,1,3,2,0,change_col,/,1,testing
5,zy,f,20,index,True,1063945,1064544,/,diamond.png,circle.png,diamond.png,circle.png,[255, 255, 0],[255, 0, 0],0,90,1,2,0,3,change_ori,/,2,testing
5,zy,f,20,index,True,1069288,1070449,/,diamond.png,circle.png,diamond.png,circle.png,[0, 255, 0],[255, 255, 0],45,135,0,2,1,3,change_ori,/,0,testing
5,zy,f,20,index,True,1075182,1075713,z,triangle.png,circle.png,triangle.png,circle.png,[0, 0, 255],[0, 255, 0],0,45,2,3,1,0,nochange_ori,z,0,testing
5,zy,f,20,index,True,1080325,1081009,/,triangle.png,rect.png,triangle.png,rect.png,[0, 255, 0],[255, 255, 0],90,0,0,2,1,3,change_ori,/,2,testing
5,zy,f,20,index,True,1085619,1086080,/,triangle.png,rect.png,triangle.png,rect.png,[0, 0, 255],[255, 255, 0],135,90,0,2,1,3,change_col,/,3,testing
5,zy,f,20,index,True,1090828,1091296,/,diamond.png,triangle.png,diamond.png,triangle.png,[255, 0, 0],[255, 255, 0],45,135,0,1,3,2,change_col,/,3,testing
5,zy,f,20,index,True,1095904,1096480,z,circle.png,triangle.png,circle.png,triangle.png,[0, 0, 255],[0, 255, 0],90,135,2,1,0,3,nochange_col,z,1,testing
5,zy,f,20,index,True,1101046,1101552,z,rect.png,circle.png,rect.png,circle.png,[255, 255, 0],[255, 0, 0],90,0,1,2,3,0,nochange_col,z,1,testing
5,zy,f,20,index,True,1106306,1106960,/,rect.png,diamond.png,rect.png,diamond.png,[255, 255, 0],[255, 0, 0],135,90,2,1,0,3,change_col,/,1,testing
5,zy,f,20,index,True,1111699,1112193,/,diamond.png,triangle.png,diamond.png,triangle.png,[255, 0, 0],[255, 255, 0],90,0,0,3,1,2,change_col,/,1,testing
5,zy,f,20,index,True,1116909,1117552,/,triangle.png,circle.png,triangle.png,circle.png,[0, 255, 0],[0, 0, 255],135,0,3,2,0,1,change_col,/,3,testing
5,zy,f,20,index,True,1122152,1123056,z,rect.png,triangle.png,rect.png,triangle.png,[255, 255, 0],[255, 0, 0],0,90,3,1,0,2,nochange_ori,z,0,testing
5,zy,f,20,index,True,1127695,1128624,z,diamond.png,triangle.png,diamond.png,triangle.png,[255, 0, 0],[255, 255, 0],0,135,3,0,1,2,nochange_ori,z,0,testing
5,zy,f,20,index,True,1133338,1134113,z,circle.png,triangle.png,circle.png,triangle.png,[0, 255, 0],[255, 255, 0],45,90,1,3,0,2,nochange_col,z,3,testing
5,zy,f,20,index,True,1138866,1139839,/,diamond.png,triangle.png,diamond.png,triangle.png,[0, 0, 255],[255, 0, 0],0,45,2,3,1,0,change_col,/,1,testing
5,zy,f,20,index,True,1144443,1145008,/,rect.png,triangle.png,rect.png,triangle.png,[0, 255, 0],[0, 0, 255],45,135,3,0,1,2,change_ori,/,2,testing
5,zy,f,20,index,True,1149619,1150016,z,circle.png,diamond.png,circle.png,diamond.png,[0, 255, 0],[255, 0, 0],135,45,3,2,1,0,nochange_col,z,3,testing
5,zy,f,20,index,True,1154778,1155264,z,diamond.png,circle.png,diamond.png,circle.png,[0, 0, 255],[255, 255, 0],135,90,3,2,1,0,nochange_col,z,1,testing
5,zy,f,20,index,True,1159954,1161008,z,triangle.png,circle.png,triangle.png,circle.png,[0, 255, 0],[255, 255, 0],90,0,0,3,1,2,nochange_col,z,1,testing
5,zy,f,20,index,True,1165631,1166384,/,rect.png,circle.png,rect.png,circle.png,[0, 0, 255],[255, 255, 0],90,45,0,3,1,2,change_ori,/,0,testing
5,zy,f,20,index,True,1171091,1171537,z,triangle.png,circle.png,triangle.png,circle.png,[0, 0, 255],[0, 255, 0],90,0,1,3,2,0,nochange_ori,z,2,testing
5,zy,f,20,index,True,1176250,1176800,z,rect.png,diamond.png,rect.png,diamond.png,[0, 255, 0],[255, 255, 0],0,135,1,2,3,0,nochange_col,z,1,testing
5,zy,f,20,index,True,1181376,1181872,z,diamond.png,triangle.png,diamond.png,triangle.png,[0, 0, 255],[0, 255, 0],90,135,0,3,1,2,nochange_col,z,3,testing
5,zy,f,20,index,True,1186537,1187184,/,diamond.png,triangle.png,diamond.png,triangle.png,[0, 0, 255],[0, 255, 0],0,45,3,0,1,2,change_ori,/,0,testing
5,zy,f,20,index,True,1191829,1193024,z,circle.png,diamond.png,circle.png,diamond.png,[0, 255, 0],[255, 0, 0],90,45,0,1,2,3,nochange_ori,z,2,testing
5,zy,f,20,index,True,1197706,1198304,/,rect.png,triangle.png,rect.png,triangle.png,[0, 0, 255],[255, 255, 0],90,135,2,0,3,1,change_col,/,1,testing
5,zy,f,20,index,True,1202900,1203616,z,circle.png,triangle.png,circle.png,triangle.png,[0, 255, 0],[255, 255, 0],0,135,1,3,0,2,nochange_ori,z,0,testing
5,zy,f,20,index,True,1208376,1209328,z,circle.png,triangle.png,circle.png,triangle.png,[255, 0, 0],[0, 0, 255],0,135,0,3,1,2,nochange_ori,z,0,testing
5,zy,f,20,index,True,1213987,1214656,z,circle.png,diamond.png,circle.png,diamond.png,[255, 255, 0],[0, 0, 255],45,0,0,1,2,3,nochange_col,z,1,testing
5,zy,f,20,index,True,1219280,1220400,z,triangle.png,rect.png,triangle.png,rect.png,[0, 255, 0],[0, 0, 255],90,45,2,3,0,1,nochange_ori,z,0,testing
5,zy,f,20,index,True,1225123,1225776,/,diamond.png,triangle.png,diamond.png,triangle.png,[0, 0, 255],[255, 255, 0],90,0,1,0,3,2,change_col,/,3,testing
5,zy,f,20,index,True,1230350,1231055,z,circle.png,rect.png,circle.png,rect.png,[0, 255, 0],[255, 0, 0],45,135,2,0,1,3,nochange_ori,z,2,testing
5,zy,f,20,index,True,1235709,1236352,/,diamond.png,rect.png,diamond.png,rect.png,[0, 0, 255],[255, 255, 0],0,90,3,2,0,1,change_col,/,3,testing
5,zy,f,20,index,True,1241103,1242095,/,circle.png,rect.png,circle.png,rect.png,[255, 0, 0],[0, 255, 0],90,45,0,1,3,2,change_ori,/,0,testing
5,zy,f,20,index,True,1246746,1247375,/,circle.png,rect.png,circle.png,rect.png,[255, 0, 0],[0, 0, 255],135,90,3,2,1,0,change_ori,/,2,testing
