subj,name,gender,age,cond,P_resp,P_startTime,P_respTime,P_gotKey,shape1,shape2,shape3,shape4,color1,color2,color3,color4ori1,ori2,ori3,ori4ord_1,ord_2,ord_3,ord_4,task,correct_key,no_change,mode
5,zy,f,20,noindex,True,194749,211866,/,diamond.png,rect.png,circle.png,triangle.png,[255, 0, 0],[255, 255, 0],0,90,2,1,0,3,nochange_ori,z,2,practice
5,zy,f,20,noindex,True,216572,219786,z,diamond.png,circle.png,rect.png,triangle.png,[0, 255, 0],[0, 0, 255],45,0,1,3,2,0,nochange_ori,z,0,practice
5,zy,f,20,noindex,True,224470,225530,z,rect.png,triangle.png,circle.png,diamond.png,[255, 0, 0],[255, 255, 0],135,0,2,3,0,1,nochange_ori,z,2,practice
5,zy,f,20,noindex,True,230130,231706,/,diamond.png,circle.png,rect.png,triangle.png,[0, 255, 0],[255, 0, 0],90,0,2,3,0,1,change_col,/,1,practice
5,zy,f,20,noindex,True,236475,238713,/,rect.png,triangle.png,circle.png,diamond.png,[0, 0, 255],[255, 0, 0],0,135,2,1,0,3,change_ori,/,2,practice
5,zy,f,20,noindex,True,243455,244825,/,diamond.png,circle.png,triangle.png,rect.png,[255, 0, 0],[255, 255, 0],45,0,1,3,0,2,change_col,/,3,practice
5,zy,f,20,noindex,True,249583,250729,/,rect.png,diamond.png,circle.png,triangle.png,[0, 255, 0],[255, 0, 0],135,0,0,1,3,2,change_col,/,1,practice
5,zy,f,20,noindex,True,255327,257721,/,diamond.png,circle.png,triangle.png,rect.png,[0, 255, 0],[255, 255, 0],45,0,3,1,0,2,change_ori,/,0,practice
5,zy,f,20,noindex,True,262356,263402,/,diamond.png,triangle.png,rect.png,circle.png,[255, 0, 0],[255, 255, 0],90,135,2,0,3,1,change_col,/,3,practice
5,zy,f,20,noindex,True,268166,268969,/,diamond.png,triangle.png,rect.png,circle.png,[0, 0, 255],[255, 255, 0],0,45,2,3,0,1,change_col,/,3,practice
5,zy,f,20,noindex,True,273543,275082,/,rect.png,triangle.png,circle.png,diamond.png,[0, 255, 0],[255, 0, 0],135,0,1,0,2,3,change_ori,/,0,practice
5,zy,f,20,noindex,True,279771,280985,z,triangle.png,circle.png,rect.png,diamond.png,[255, 255, 0],[0, 0, 255],90,45,1,2,3,0,nochange_col,z,3,practice
5,zy,f,20,noindex,True,285632,287017,z,rect.png,diamond.png,circle.png,triangle.png,[0, 0, 255],[255, 0, 0],90,135,0,2,3,1,nochange_col,z,3,practice
5,zy,f,20,noindex,True,291626,293193,z,diamond.png,circle.png,triangle.png,rect.png,[0, 0, 255],[255, 0, 0],0,90,2,1,3,0,nochange_ori,z,0,practice
5,zy,f,20,noindex,True,297804,299625,z,diamond.png,triangle.png,rect.png,circle.png,[255, 0, 0],[0, 0, 255],0,45,0,2,3,1,nochange_col,z,3,practice
5,zy,f,20,noindex,True,304233,305257,z,rect.png,triangle.png,diamond.png,circle.png,[0, 0, 255],[255, 0, 0],45,135,0,1,3,2,nochange_col,z,3,practice
5,zy,f,20,noindex,True,309843,311001,z,triangle.png,diamond.png,rect.png,circle.png,[0, 0, 255],[255, 255, 0],135,0,2,0,3,1,nochange_ori,z,0,practice
5,zy,f,20,noindex,True,315637,317065,z,circle.png,rect.png,diamond.png,triangle.png,[255, 0, 0],[0, 255, 0],0,45,1,0,2,3,change_ori,/,2,practice
5,zy,f,20,noindex,True,321648,322873,/,rect.png,triangle.png,circle.png,diamond.png,[255, 0, 0],[0, 0, 255],135,45,0,2,1,3,change_ori,/,2,practice
5,zy,f,20,noindex,True,327642,328617,z,circle.png,diamond.png,triangle.png,rect.png,[0, 0, 255],[0, 255, 0],0,135,2,3,1,0,nochange_col,z,3,practice
5,zy,f,20,noindex,True,371506,372920,z,rect.png,circle.png,triangle.png,diamond.png,[0, 255, 0],[255, 0, 0],135,45,1,0,2,3,nochange_ori,z,0,testing
5,zy,f,20,noindex,True,377600,378729,/,circle.png,diamond.png,rect.png,triangle.png,[255, 0, 0],[0, 255, 0],90,135,3,2,0,1,change_ori,/,2,testing
5,zy,f,20,noindex,True,383377,384792,/,circle.png,rect.png,diamond.png,triangle.png,[255, 0, 0],[255, 255, 0],45,90,0,1,2,3,nochange_ori,z,2,testing
5,zy,f,20,noindex,True,389456,390440,/,diamond.png,rect.png,triangle.png,circle.png,[0, 255, 0],[0, 0, 255],135,90,1,3,0,2,change_col,/,3,testing
5,zy,f,20,noindex,True,395183,396344,z,diamond.png,triangle.png,rect.png,circle.png,[0, 255, 0],[255, 255, 0],135,45,1,0,3,2,nochange_col,z,1,testing
5,zy,f,20,noindex,True,400960,401976,/,triangle.png,rect.png,diamond.png,circle.png,[255, 255, 0],[255, 0, 0],90,45,2,0,3,1,change_col,/,3,testing
5,zy,f,20,noindex,True,406654,407480,z,diamond.png,circle.png,rect.png,triangle.png,[255, 255, 0],[0, 255, 0],90,0,3,0,1,2,nochange_col,z,3,testing
5,zy,f,20,noindex,True,412164,413192,/,rect.png,circle.png,diamond.png,triangle.png,[255, 255, 0],[0, 255, 0],0,45,0,1,2,3,change_ori,/,0,testing
5,zy,f,20,noindex,True,417807,418888,/,circle.png,triangle.png,rect.png,diamond.png,[255, 0, 0],[0, 255, 0],90,45,1,2,0,3,change_ori,/,0,testing
5,zy,f,20,noindex,True,423501,425080,z,diamond.png,triangle.png,circle.png,rect.png,[255, 0, 0],[255, 255, 0],0,45,3,0,1,2,nochange_ori,z,0,testing
5,zy,f,20,noindex,True,429780,431080,z,circle.png,rect.png,triangle.png,diamond.png,[255, 0, 0],[0, 0, 255],45,0,0,2,3,1,nochange_col,z,3,testing
5,zy,f,20,noindex,True,435774,437000,z,triangle.png,circle.png,rect.png,diamond.png,[0, 0, 255],[255, 255, 0],135,45,2,3,0,1,nochange_ori,z,0,testing
5,zy,f,20,noindex,True,441601,442472,/,diamond.png,rect.png,circle.png,triangle.png,[255, 255, 0],[255, 0, 0],0,45,0,1,2,3,change_col,/,1,testing
5,zy,f,20,noindex,True,447061,447992,z,circle.png,triangle.png,rect.png,diamond.png,[0, 0, 255],[255, 0, 0],45,0,1,2,0,3,nochange_col,z,1,testing
5,zy,f,20,noindex,True,452738,453704,/,triangle.png,diamond.png,rect.png,circle.png,[0, 0, 255],[0, 255, 0],90,0,2,3,1,0,change_ori,/,0,testing
5,zy,f,20,noindex,True,458315,459512,/,triangle.png,rect.png,circle.png,diamond.png,[255, 255, 0],[0, 255, 0],135,90,1,3,2,0,change_col,/,1,testing
5,zy,f,20,noindex,True,464176,465127,/,triangle.png,diamond.png,circle.png,rect.png,[0, 255, 0],[255, 255, 0],0,45,2,0,1,3,change_ori,/,2,testing
5,zy,f,20,noindex,True,469786,470648,z,circle.png,diamond.png,triangle.png,rect.png,[0, 255, 0],[255, 255, 0],45,135,2,3,0,1,change_ori,/,2,testing
5,zy,f,20,noindex,True,475280,477368,/,triangle.png,circle.png,diamond.png,rect.png,[0, 255, 0],[255, 0, 0],135,90,3,0,1,2,change_col,/,3,testing
5,zy,f,20,noindex,True,482059,483160,z,diamond.png,triangle.png,rect.png,circle.png,[0, 255, 0],[255, 255, 0],90,45,3,0,1,2,nochange_col,z,3,testing
5,zy,f,20,noindex,True,487769,489032,z,circle.png,rect.png,triangle.png,diamond.png,[0, 255, 0],[255, 0, 0],45,135,1,3,0,2,change_ori,/,2,testing
5,zy,f,20,noindex,True,493747,494935,/,diamond.png,triangle.png,rect.png,circle.png,[0, 255, 0],[0, 0, 255],0,90,0,2,3,1,change_col,/,3,testing
5,zy,f,20,noindex,True,499557,501143,z,circle.png,triangle.png,diamond.png,rect.png,[0, 0, 255],[255, 0, 0],45,135,3,0,2,1,nochange_ori,z,0,testing
5,zy,f,20,noindex,True,505869,507175,z,circle.png,triangle.png,diamond.png,rect.png,[255, 0, 0],[0, 0, 255],135,90,1,3,2,0,nochange_ori,z,2,testing
5,zy,f,20,noindex,True,511863,512872,z,triangle.png,circle.png,diamond.png,rect.png,[0, 0, 255],[255, 255, 0],90,45,0,1,2,3,nochange_ori,z,2,testing
5,zy,f,20,noindex,True,517624,519047,/,triangle.png,rect.png,diamond.png,circle.png,[0, 0, 255],[255, 0, 0],45,0,2,1,3,0,change_col,/,3,testing
5,zy,f,20,noindex,True,523785,526007,/,diamond.png,rect.png,circle.png,triangle.png,[0, 0, 255],[0, 255, 0],0,135,2,3,0,1,change_ori,/,2,testing
5,zy,f,20,noindex,True,530714,531847,z,circle.png,rect.png,diamond.png,triangle.png,[255, 255, 0],[0, 0, 255],90,0,1,2,3,0,nochange_ori,z,2,testing
5,zy,f,20,noindex,True,536541,537367,z,triangle.png,diamond.png,rect.png,circle.png,[0, 0, 255],[255, 0, 0],90,135,1,0,3,2,nochange_col,z,3,testing
5,zy,f,20,noindex,True,541985,543000,/,rect.png,circle.png,triangle.png,diamond.png,[0, 255, 0],[255, 0, 0],45,90,3,2,0,1,change_ori,/,2,testing
5,zy,f,20,noindex,True,547595,550247,z,triangle.png,diamond.png,rect.png,circle.png,[0, 0, 255],[255, 0, 0],0,45,2,3,0,1,nochange_ori,z,2,testing
5,zy,f,20,noindex,True,554842,556151,z,diamond.png,rect.png,circle.png,triangle.png,[255, 255, 0],[255, 0, 0],45,0,2,1,0,3,nochange_ori,z,2,testing
5,zy,f,20,noindex,True,560769,562231,z,triangle.png,diamond.png,circle.png,rect.png,[255, 255, 0],[0, 255, 0],0,45,1,2,3,0,nochange_ori,z,2,testing
5,zy,f,20,noindex,True,566981,568055,z,rect.png,triangle.png,circle.png,diamond.png,[255, 0, 0],[0, 255, 0],45,135,1,3,0,2,nochange_col,z,3,testing
5,zy,f,20,noindex,True,572691,573943,z,rect.png,triangle.png,diamond.png,circle.png,[0, 255, 0],[255, 255, 0],135,90,3,1,0,2,nochange_ori,z,0,testing
5,zy,f,20,noindex,True,578635,579750,/,rect.png,diamond.png,triangle.png,circle.png,[255, 0, 0],[0, 255, 0],45,135,3,2,0,1,change_col,/,3,testing
5,zy,f,20,noindex,True,584313,585079,/,diamond.png,circle.png,triangle.png,rect.png,[0, 0, 255],[255, 0, 0],0,45,2,1,3,0,change_col,/,3,testing
5,zy,f,20,noindex,True,589790,590758,/,diamond.png,triangle.png,circle.png,rect.png,[0, 0, 255],[255, 255, 0],135,90,3,2,1,0,change_ori,/,2,testing
5,zy,f,20,noindex,True,595366,596070,z,diamond.png,triangle.png,rect.png,circle.png,[255, 255, 0],[0, 255, 0],90,135,1,2,3,0,nochange_col,z,3,testing
5,zy,f,20,noindex,True,600660,601590,/,rect.png,circle.png,diamond.png,triangle.png,[0, 255, 0],[0, 0, 255],135,45,0,2,1,3,change_ori,/,2,testing
5,zy,f,20,noindex,True,606186,606918,/,diamond.png,triangle.png,circle.png,rect.png,[255, 0, 0],[0, 255, 0],45,135,2,3,0,1,change_col,/,1,testing
5,zy,f,20,noindex,True,611646,612646,z,circle.png,triangle.png,diamond.png,rect.png,[0, 0, 255],[0, 255, 0],135,45,1,3,2,0,nochange_ori,z,2,testing
5,zy,f,20,noindex,True,617390,618230,z,diamond.png,circle.png,triangle.png,rect.png,[0, 0, 255],[255, 255, 0],45,90,1,2,0,3,nochange_col,z,3,testing
5,zy,f,20,noindex,True,622966,623623,/,rect.png,diamond.png,triangle.png,circle.png,[255, 0, 0],[0, 255, 0],45,90,0,1,2,3,change_col,/,3,testing
5,zy,f,20,noindex,True,628310,629062,/,triangle.png,diamond.png,rect.png,circle.png,[255, 255, 0],[255, 0, 0],0,90,0,1,3,2,change_ori,/,2,testing
5,zy,f,20,noindex,True,633669,635350,/,rect.png,circle.png,triangle.png,diamond.png,[255, 0, 0],[0, 255, 0],0,45,1,0,2,3,change_ori,/,0,testing
5,zy,f,20,noindex,True,639948,642118,z,triangle.png,circle.png,rect.png,diamond.png,[0, 255, 0],[0, 0, 255],135,0,3,0,2,1,change_ori,/,2,testing
5,zy,f,20,noindex,True,646861,648293,z,rect.png,circle.png,triangle.png,diamond.png,[0, 255, 0],[0, 0, 255],90,45,2,3,0,1,nochange_ori,z,0,testing
5,zy,f,20,noindex,True,652972,653718,/,diamond.png,triangle.png,circle.png,rect.png,[255, 0, 0],[255, 255, 0],45,90,1,3,2,0,change_ori,/,0,testing
5,zy,f,20,noindex,True,658332,658982,z,circle.png,triangle.png,diamond.png,rect.png,[0, 0, 255],[255, 255, 0],135,90,0,3,1,2,nochange_col,z,3,testing
5,zy,f,20,noindex,True,663758,664806,z,triangle.png,diamond.png,rect.png,circle.png,[0, 0, 255],[0, 255, 0],90,45,1,2,0,3,nochange_col,z,1,testing
5,zy,f,20,noindex,True,669502,670854,/,circle.png,triangle.png,rect.png,diamond.png,[0, 255, 0],[0, 0, 255],135,90,2,0,1,3,change_col,/,3,testing
5,zy,f,20,noindex,True,675513,676390,/,triangle.png,circle.png,rect.png,diamond.png,[0, 255, 0],[255, 255, 0],0,135,3,2,1,0,change_col,/,3,testing
5,zy,f,20,noindex,True,680990,681877,z,rect.png,diamond.png,triangle.png,circle.png,[255, 0, 0],[0, 0, 255],135,90,0,1,2,3,nochange_col,z,3,testing
5,zy,f,20,noindex,True,686466,687509,z,rect.png,circle.png,triangle.png,diamond.png,[0, 255, 0],[255, 255, 0],90,45,1,2,3,0,nochange_col,z,3,testing
5,zy,f,20,noindex,True,692177,693318,/,triangle.png,rect.png,circle.png,diamond.png,[0, 255, 0],[255, 0, 0],0,135,2,3,0,1,change_ori,/,0,testing
5,zy,f,20,noindex,True,697937,699078,/,diamond.png,triangle.png,rect.png,circle.png,[0, 0, 255],[0, 255, 0],0,90,2,3,1,0,change_col,/,3,testing
5,zy,f,20,noindex,True,703681,704501,/,circle.png,rect.png,triangle.png,diamond.png,[255, 255, 0],[0, 0, 255],135,0,1,0,3,2,change_col,/,1,testing
5,zy,f,20,noindex,True,709091,710133,/,diamond.png,circle.png,triangle.png,rect.png,[255, 255, 0],[255, 0, 0],0,135,1,0,2,3,change_col,/,3,testing
5,zy,f,20,noindex,True,714869,715958,/,triangle.png,diamond.png,rect.png,circle.png,[255, 255, 0],[0, 255, 0],135,0,3,1,0,2,change_ori,/,2,testing
5,zy,f,20,noindex,True,720545,721397,z,diamond.png,circle.png,triangle.png,rect.png,[0, 255, 0],[0, 0, 255],0,135,1,3,0,2,nochange_col,z,3,testing
5,zy,f,20,noindex,True,726073,726965,z,triangle.png,rect.png,diamond.png,circle.png,[255, 0, 0],[255, 255, 0],0,45,2,0,1,3,nochange_col,z,1,testing
5,zy,f,20,noindex,True,731583,732150,z,circle.png,triangle.png,rect.png,diamond.png,[255, 255, 0],[0, 255, 0],135,90,1,2,3,0,nochange_col,z,3,testing
5,zy,f,20,noindex,True,736809,737494,z,rect.png,triangle.png,circle.png,diamond.png,[0, 0, 255],[0, 255, 0],45,0,3,0,1,2,nochange_col,z,3,testing
5,zy,f,20,noindex,True,742218,743173,z,rect.png,diamond.png,triangle.png,circle.png,[0, 255, 0],[255, 0, 0],90,0,0,2,3,1,nochange_ori,z,0,testing
5,zy,f,20,noindex,True,747879,748597,z,circle.png,rect.png,triangle.png,diamond.png,[255, 255, 0],[255, 0, 0],135,45,0,3,2,1,nochange_ori,z,2,testing
5,zy,f,20,noindex,True,753356,754021,/,circle.png,diamond.png,rect.png,triangle.png,[0, 0, 255],[255, 0, 0],0,45,0,3,2,1,change_col,/,1,testing
5,zy,f,20,noindex,True,758715,759685,z,diamond.png,triangle.png,circle.png,rect.png,[255, 255, 0],[0, 255, 0],90,0,2,0,3,1,nochange_ori,z,2,testing
5,zy,f,20,noindex,True,764276,765461,z,triangle.png,rect.png,circle.png,diamond.png,[255, 0, 0],[255, 255, 0],135,45,2,3,0,1,change_ori,/,2,testing
5,zy,f,20,noindex,True,770136,770869,z,rect.png,circle.png,diamond.png,triangle.png,[255, 0, 0],[255, 255, 0],45,135,1,2,0,3,change_ori,/,0,testing
5,zy,f,20,noindex,True,775462,776005,z,diamond.png,circle.png,triangle.png,rect.png,[255, 0, 0],[255, 255, 0],135,45,3,1,0,2,nochange_col,z,1,testing
5,zy,f,20,noindex,True,780722,781525,/,rect.png,circle.png,triangle.png,diamond.png,[255, 255, 0],[0, 255, 0],90,135,3,1,2,0,change_col,/,1,testing
5,zy,f,20,noindex,True,786199,787381,z,triangle.png,rect.png,diamond.png,circle.png,[255, 255, 0],[255, 0, 0],90,135,3,1,2,0,nochange_ori,z,0,testing
5,zy,f,20,noindex,True,791976,792757,z,diamond.png,rect.png,circle.png,triangle.png,[0, 0, 255],[0, 255, 0],90,45,3,0,1,2,nochange_col,z,3,testing
5,zy,f,20,noindex,True,797436,798469,z,diamond.png,rect.png,circle.png,triangle.png,[255, 255, 0],[0, 0, 255],45,135,0,2,1,3,nochange_ori,z,0,testing
5,zy,f,20,noindex,True,803247,803876,/,diamond.png,triangle.png,circle.png,rect.png,[255, 255, 0],[0, 255, 0],0,135,1,0,3,2,change_col,/,3,testing
5,zy,f,20,noindex,True,808506,809252,z,triangle.png,diamond.png,rect.png,circle.png,[0, 255, 0],[255, 255, 0],135,45,3,1,2,0,nochange_col,z,1,testing
5,zy,f,20,noindex,True,813867,814357,/,diamond.png,rect.png,circle.png,triangle.png,[255, 255, 0],[255, 0, 0],90,45,3,0,2,1,change_col,/,3,testing
5,zy,f,20,noindex,True,819110,820581,/,rect.png,diamond.png,triangle.png,circle.png,[0, 0, 255],[0, 255, 0],90,135,3,2,0,1,change_ori,/,2,testing
5,zy,f,20,noindex,True,825321,826916,z,circle.png,triangle.png,rect.png,diamond.png,[255, 0, 0],[0, 0, 255],45,0,0,2,1,3,nochange_ori,z,0,testing
5,zy,f,20,noindex,True,892110,892740,z,diamond.png,rect.png,triangle.png,circle.png,[255, 0, 0],[255, 255, 0],0,135,1,3,0,2,nochange_col,z,3,testing
5,zy,f,20,noindex,True,897302,898099,z,diamond.png,rect.png,circle.png,triangle.png,[255, 0, 0],[255, 255, 0],0,90,0,2,1,3,nochange_ori,z,2,testing
5,zy,f,20,noindex,True,902813,903492,z,circle.png,triangle.png,rect.png,diamond.png,[255, 0, 0],[0, 0, 255],135,45,1,0,2,3,nochange_ori,z,0,testing
5,zy,f,20,noindex,True,908189,908884,z,rect.png,circle.png,triangle.png,diamond.png,[0, 255, 0],[255, 255, 0],135,90,1,3,2,0,nochange_ori,z,0,testing
5,zy,f,20,noindex,True,913549,914308,z,diamond.png,rect.png,triangle.png,circle.png,[0, 255, 0],[0, 0, 255],0,135,3,1,0,2,nochange_col,z,1,testing
5,zy,f,20,noindex,True,918942,920804,z,circle.png,rect.png,diamond.png,triangle.png,[0, 0, 255],[255, 0, 0],90,45,1,0,2,3,nochange_col,z,1,testing
5,zy,f,20,noindex,True,925420,926227,/,rect.png,diamond.png,triangle.png,circle.png,[0, 0, 255],[255, 0, 0],0,135,2,0,1,3,change_col,/,1,testing
5,zy,f,20,noindex,True,930898,931572,/,rect.png,triangle.png,diamond.png,circle.png,[0, 255, 0],[255, 0, 0],0,135,1,0,3,2,change_col,/,3,testing
5,zy,f,20,noindex,True,936174,936788,/,diamond.png,triangle.png,circle.png,rect.png,[255, 255, 0],[0, 255, 0],0,90,0,3,2,1,change_col,/,3,testing
5,zy,f,20,noindex,True,941383,942131,/,triangle.png,circle.png,rect.png,diamond.png,[0, 0, 255],[255, 255, 0],45,135,1,0,2,3,change_col,/,1,testing
5,zy,f,20,noindex,True,946843,947683,/,rect.png,diamond.png,triangle.png,circle.png,[255, 255, 0],[255, 0, 0],45,135,3,0,2,1,change_ori,/,0,testing
5,zy,f,20,noindex,True,952437,953236,/,rect.png,circle.png,diamond.png,triangle.png,[255, 255, 0],[255, 0, 0],45,0,2,3,1,0,change_col,/,3,testing
5,zy,f,20,noindex,True,957981,958643,z,rect.png,diamond.png,triangle.png,circle.png,[255, 0, 0],[0, 0, 255],90,0,3,2,0,1,nochange_ori,z,0,testing
5,zy,f,20,noindex,True,963223,963714,/,triangle.png,rect.png,diamond.png,circle.png,[0, 255, 0],[0, 0, 255],45,135,2,3,0,1,change_col,/,3,testing
5,zy,f,20,noindex,True,968316,969492,/,triangle.png,rect.png,diamond.png,circle.png,[255, 255, 0],[255, 0, 0],135,90,0,3,2,1,change_ori,/,2,testing
5,zy,f,20,noindex,True,974110,974660,/,rect.png,triangle.png,diamond.png,circle.png,[0, 255, 0],[255, 255, 0],135,0,3,0,1,2,change_col,/,3,testing
5,zy,f,20,noindex,True,979403,980452,z,circle.png,triangle.png,rect.png,diamond.png,[0, 0, 255],[255, 255, 0],45,135,1,3,0,2,nochange_ori,z,2,testing
5,zy,f,20,noindex,True,985180,986179,z,circle.png,diamond.png,triangle.png,rect.png,[255, 255, 0],[0, 255, 0],90,135,1,0,2,3,nochange_col,z,1,testing
5,zy,f,20,noindex,True,990757,991907,z,circle.png,rect.png,triangle.png,diamond.png,[0, 255, 0],[0, 0, 255],0,135,0,1,2,3,nochange_ori,z,0,testing
5,zy,f,20,noindex,True,996518,997540,/,diamond.png,circle.png,rect.png,triangle.png,[0, 255, 0],[255, 0, 0],0,135,0,2,1,3,change_ori,/,2,testing
5,zy,f,20,noindex,True,1002178,1003027,/,diamond.png,rect.png,circle.png,triangle.png,[255, 255, 0],[0, 0, 255],90,0,3,1,0,2,change_col,/,1,testing
5,zy,f,20,noindex,True,1007622,1008163,/,triangle.png,diamond.png,rect.png,circle.png,[255, 0, 0],[0, 255, 0],0,90,3,0,1,2,change_col,/,1,testing
5,zy,f,20,noindex,True,1012814,1013299,z,rect.png,circle.png,diamond.png,triangle.png,[255, 255, 0],[0, 255, 0],90,0,3,1,0,2,nochange_col,z,1,testing
5,zy,f,20,noindex,True,1018041,1019267,/,diamond.png,triangle.png,rect.png,circle.png,[255, 0, 0],[0, 255, 0],45,90,1,2,3,0,change_ori,/,0,testing
5,zy,f,20,noindex,True,1023952,1025299,/,triangle.png,rect.png,diamond.png,circle.png,[255, 255, 0],[0, 255, 0],135,45,1,3,0,2,change_ori,/,0,testing
5,zy,f,20,noindex,True,1029862,1030819,z,diamond.png,circle.png,triangle.png,rect.png,[0, 0, 255],[0, 255, 0],0,45,2,1,3,0,nochange_ori,z,0,testing
5,zy,f,20,noindex,True,1035573,1036579,/,circle.png,diamond.png,triangle.png,rect.png,[0, 255, 0],[255, 0, 0],0,135,1,2,0,3,nochange_ori,z,2,testing
5,zy,f,20,noindex,True,1041250,1042098,z,diamond.png,triangle.png,rect.png,circle.png,[0, 0, 255],[0, 255, 0],135,0,0,2,1,3,nochange_ori,z,2,testing
5,zy,f,20,noindex,True,1046744,1047491,z,circle.png,rect.png,triangle.png,diamond.png,[255, 0, 0],[255, 255, 0],0,90,3,2,1,0,nochange_ori,z,0,testing
5,zy,f,20,noindex,True,1052237,1053762,/,diamond.png,circle.png,rect.png,triangle.png,[255, 0, 0],[255, 255, 0],45,135,2,0,1,3,change_ori,/,2,testing
5,zy,f,20,noindex,True,1058515,1058899,z,triangle.png,rect.png,circle.png,diamond.png,[255, 255, 0],[0, 0, 255],90,0,2,1,3,0,nochange_ori,z,0,testing
5,zy,f,20,noindex,True,1063507,1064083,/,circle.png,diamond.png,triangle.png,rect.png,[0, 0, 255],[0, 255, 0],90,45,0,2,1,3,change_col,/,3,testing
5,zy,f,20,noindex,True,1068700,1069266,z,diamond.png,circle.png,rect.png,triangle.png,[255, 255, 0],[0, 0, 255],45,0,1,0,3,2,nochange_col,z,3,testing
5,zy,f,20,noindex,True,1073993,1075810,/,circle.png,diamond.png,rect.png,triangle.png,[0, 255, 0],[255, 255, 0],45,0,0,2,1,3,change_ori,/,2,testing
5,zy,f,20,noindex,True,1080438,1081474,/,circle.png,rect.png,triangle.png,diamond.png,[255, 0, 0],[0, 255, 0],135,90,1,2,3,0,change_col,/,3,testing
5,zy,f,20,noindex,True,1086215,1087363,/,diamond.png,rect.png,triangle.png,circle.png,[255, 255, 0],[0, 0, 255],0,45,3,2,0,1,change_ori,/,2,testing
5,zy,f,20,noindex,True,1092059,1092707,z,circle.png,diamond.png,triangle.png,rect.png,[255, 0, 0],[0, 255, 0],90,0,1,3,2,0,change_ori,/,2,testing
5,zy,f,20,noindex,True,1097286,1097810,z,circle.png,triangle.png,diamond.png,rect.png,[0, 0, 255],[255, 255, 0],135,0,1,2,3,0,nochange_ori,z,0,testing
5,zy,f,20,noindex,True,1102395,1102802,z,diamond.png,rect.png,circle.png,triangle.png,[0, 255, 0],[255, 255, 0],45,135,0,1,3,2,nochange_ori,z,2,testing
5,zy,f,20,noindex,True,1107405,1108306,z,rect.png,diamond.png,circle.png,triangle.png,[0, 255, 0],[0, 0, 255],90,0,1,3,0,2,nochange_ori,z,0,testing
5,zy,f,20,noindex,True,1113065,1113762,/,triangle.png,diamond.png,rect.png,circle.png,[255, 255, 0],[0, 255, 0],45,0,3,0,2,1,change_col,/,3,testing
5,zy,f,20,noindex,True,1118474,1119314,/,rect.png,triangle.png,circle.png,diamond.png,[255, 0, 0],[0, 0, 255],135,45,0,2,1,3,change_ori,/,0,testing
5,zy,f,20,noindex,True,1123917,1124578,/,triangle.png,diamond.png,rect.png,circle.png,[0, 0, 255],[255, 0, 0],45,0,1,2,3,0,change_col,/,1,testing
5,zy,f,20,noindex,True,1129177,1129666,/,triangle.png,diamond.png,rect.png,circle.png,[255, 255, 0],[255, 0, 0],0,135,2,1,0,3,change_col,/,1,testing
5,zy,f,20,noindex,True,1134404,1135169,z,triangle.png,circle.png,rect.png,diamond.png,[0, 255, 0],[0, 0, 255],0,135,3,1,2,0,nochange_ori,z,0,testing
5,zy,f,20,noindex,True,1139914,1140674,z,circle.png,diamond.png,triangle.png,rect.png,[0, 255, 0],[255, 255, 0],135,90,0,2,3,1,nochange_col,z,3,testing
5,zy,f,20,noindex,True,1145390,1145986,z,diamond.png,rect.png,triangle.png,circle.png,[255, 0, 0],[0, 255, 0],0,135,0,3,2,1,nochange_col,z,1,testing
5,zy,f,20,noindex,True,1150633,1151362,/,diamond.png,rect.png,circle.png,triangle.png,[0, 0, 255],[255, 255, 0],0,45,1,2,0,3,change_ori,/,0,testing
5,zy,f,20,noindex,True,1156077,1156610,z,circle.png,diamond.png,rect.png,triangle.png,[255, 0, 0],[0, 0, 255],90,45,2,3,0,1,nochange_col,z,1,testing
5,zy,f,20,noindex,True,1161203,1161986,/,triangle.png,circle.png,rect.png,diamond.png,[255, 0, 0],[0, 255, 0],45,0,0,3,1,2,change_ori,/,0,testing
5,zy,f,20,noindex,True,1166679,1167330,z,rect.png,diamond.png,circle.png,triangle.png,[255, 0, 0],[0, 0, 255],90,0,1,0,3,2,nochange_col,z,1,testing
5,zy,f,20,noindex,True,1172006,1172721,/,rect.png,triangle.png,diamond.png,circle.png,[0, 255, 0],[255, 255, 0],135,45,3,1,2,0,change_col,/,3,testing
5,zy,f,20,noindex,True,1177432,1179137,z,triangle.png,circle.png,rect.png,diamond.png,[0, 255, 0],[0, 0, 255],135,45,3,1,2,0,nochange_col,z,3,testing
5,zy,f,20,noindex,True,1183894,1184370,z,circle.png,diamond.png,rect.png,triangle.png,[255, 255, 0],[255, 0, 0],0,135,0,1,2,3,nochange_col,z,3,testing
5,zy,f,20,noindex,True,1189071,1189809,/,diamond.png,rect.png,triangle.png,circle.png,[0, 255, 0],[255, 255, 0],0,135,1,0,3,2,change_ori,/,0,testing
5,zy,f,20,noindex,True,1194564,1195185,z,triangle.png,circle.png,diamond.png,rect.png,[255, 0, 0],[0, 255, 0],0,45,1,2,3,0,nochange_col,z,3,testing
5,zy,f,20,noindex,True,1199890,1201329,z,circle.png,triangle.png,diamond.png,rect.png,[0, 255, 0],[255, 0, 0],45,90,2,1,0,3,nochange_ori,z,2,testing
5,zy,f,20,noindex,True,1205968,1206658,/,diamond.png,rect.png,circle.png,triangle.png,[255, 0, 0],[255, 255, 0],0,135,3,2,1,0,change_col,/,3,testing
5,zy,f,20,noindex,True,1211345,1212193,/,circle.png,diamond.png,triangle.png,rect.png,[0, 0, 255],[255, 255, 0],45,0,0,1,2,3,change_ori,/,0,testing
5,zy,f,20,noindex,True,1216888,1217649,/,diamond.png,circle.png,triangle.png,rect.png,[255, 0, 0],[0, 255, 0],45,90,2,0,3,1,change_col,/,3,testing
5,zy,f,20,noindex,True,1222265,1222993,z,diamond.png,triangle.png,rect.png,circle.png,[0, 0, 255],[255, 0, 0],135,90,0,1,2,3,nochange_col,z,1,testing
5,zy,f,20,noindex,True,1227558,1228161,z,diamond.png,triangle.png,circle.png,rect.png,[255, 255, 0],[0, 255, 0],45,135,3,0,2,1,nochange_col,z,3,testing
5,zy,f,20,noindex,True,1232901,1233873,z,triangle.png,diamond.png,circle.png,rect.png,[255, 255, 0],[0, 255, 0],135,0,1,2,3,0,nochange_ori,z,2,testing
5,zy,f,20,noindex,True,1238628,1239489,z,circle.png,triangle.png,diamond.png,rect.png,[0, 255, 0],[0, 0, 255],0,135,3,0,1,2,nochange_col,z,1,testing
5,zy,f,20,noindex,True,1244171,1245009,z,rect.png,triangle.png,circle.png,diamond.png,[255, 255, 0],[255, 0, 0],135,0,1,2,0,3,nochange_col,z,1,testing
5,zy,f,20,noindex,True,1249648,1250465,z,diamond.png,triangle.png,rect.png,circle.png,[255, 255, 0],[0, 255, 0],45,0,0,1,2,3,nochange_col,z,1,testing
5,zy,f,20,noindex,True,1255208,1256241,z,triangle.png,rect.png,diamond.png,circle.png,[255, 0, 0],[255, 255, 0],135,45,0,3,2,1,nochange_ori,z,2,testing
5,zy,f,20,noindex,True,1261002,1262177,/,rect.png,diamond.png,circle.png,triangle.png,[0, 255, 0],[255, 0, 0],45,0,2,0,3,1,change_ori,/,2,testing
5,zy,f,20,noindex,True,1266947,1267729,z,rect.png,triangle.png,diamond.png,circle.png,[255, 255, 0],[0, 255, 0],90,45,1,3,0,2,change_ori,/,0,testing
5,zy,f,20,noindex,True,1272423,1273265,z,rect.png,diamond.png,circle.png,triangle.png,[255, 255, 0],[0, 255, 0],135,90,3,1,0,2,nochange_ori,z,2,testing
5,zy,f,20,noindex,True,1277967,1279281,/,triangle.png,circle.png,diamond.png,rect.png,[0, 255, 0],[0, 0, 255],135,0,1,0,2,3,change_ori,/,0,testing
5,zy,f,20,noindex,True,1283995,1284833,/,triangle.png,diamond.png,circle.png,rect.png,[0, 0, 255],[255, 255, 0],135,90,3,0,2,1,change_ori,/,2,testing
5,zy,f,20,noindex,True,1289588,1290256,/,rect.png,diamond.png,triangle.png,circle.png,[255, 0, 0],[255, 255, 0],135,0,3,1,2,0,change_col,/,1,testing
5,zy,f,20,noindex,True,1294898,1295520,/,circle.png,diamond.png,triangle.png,rect.png,[0, 255, 0],[255, 0, 0],135,45,2,1,0,3,change_ori,/,0,testing
5,zy,f,20,noindex,True,1300141,1300945,/,rect.png,triangle.png,diamond.png,circle.png,[0, 0, 255],[0, 255, 0],90,0,0,3,1,2,change_ori,/,2,testing
5,zy,f,20,noindex,True,1305517,1306544,z,triangle.png,diamond.png,rect.png,circle.png,[0, 0, 255],[255, 0, 0],0,45,3,0,1,2,nochange_col,z,1,testing
5,zy,f,20,noindex,True,1311294,1311760,z,diamond.png,triangle.png,circle.png,rect.png,[255, 0, 0],[0, 255, 0],45,135,1,2,3,0,nochange_col,z,1,testing
5,zy,f,20,noindex,True,1316420,1317344,/,triangle.png,diamond.png,rect.png,circle.png,[255, 255, 0],[0, 0, 255],45,0,3,0,2,1,change_col,/,3,testing
5,zy,f,20,noindex,True,1321914,1323232,z,diamond.png,rect.png,triangle.png,circle.png,[255, 255, 0],[0, 0, 255],90,45,3,0,2,1,nochange_ori,z,0,testing
5,zy,f,20,noindex,True,1327909,1328544,/,rect.png,triangle.png,diamond.png,circle.png,[255, 255, 0],[0, 255, 0],45,0,1,2,0,3,change_col,/,1,testing
