subj,name,gender,age,cond,P_resp,P_startTime,P_respTime,P_gotKey,shape1,shape2,shape3,shape4,color1,color2,color3,color4ori1,ori2,ori3,ori4ord_1,ord_2,ord_3,ord_4,task,correct_key,no_change,mode
6,xyx,f,20,noindex,True,162964,164660,z,circle.png,diamond.png,rect.png,triangle.png,[0, 255, 0],[255, 255, 0],90,135,2,1,0,3,nochange_col,z,3,practice
6,xyx,f,20,noindex,True,169358,170404,/,rect.png,triangle.png,circle.png,diamond.png,[255, 0, 0],[255, 255, 0],135,45,1,2,3,0,change_col,/,3,practice
6,xyx,f,20,noindex,True,175119,176452,z,rect.png,circle.png,diamond.png,triangle.png,[255, 0, 0],[255, 255, 0],90,135,3,2,0,1,change_ori,/,2,practice
6,xyx,f,20,noindex,True,181230,182227,/,triangle.png,diamond.png,rect.png,circle.png,[255, 0, 0],[255, 255, 0],45,0,3,0,2,1,change_col,/,3,practice
6,xyx,f,20,noindex,True,186890,187988,z,circle.png,diamond.png,rect.png,triangle.png,[0, 0, 255],[0, 255, 0],135,45,2,3,1,0,nochange_ori,z,0,practice
6,xyx,f,20,noindex,True,192735,193716,/,circle.png,diamond.png,rect.png,triangle.png,[255, 255, 0],[255, 0, 0],0,90,1,3,2,0,change_ori,/,2,practice
6,xyx,f,20,noindex,True,198362,199267,z,circle.png,diamond.png,rect.png,triangle.png,[255, 255, 0],[255, 0, 0],90,45,0,1,2,3,nochange_col,z,3,practice
6,xyx,f,20,noindex,True,203955,204740,/,diamond.png,triangle.png,circle.png,rect.png,[255, 255, 0],[0, 0, 255],0,90,3,0,2,1,change_col,/,1,practice
6,xyx,f,20,noindex,True,209382,210260,/,diamond.png,rect.png,triangle.png,circle.png,[0, 0, 255],[255, 255, 0],0,45,2,3,1,0,change_ori,/,2,practice
6,xyx,f,20,noindex,True,214926,215668,/,circle.png,triangle.png,rect.png,diamond.png,[0, 0, 255],[0, 255, 0],90,0,1,3,0,2,nochange_ori,z,2,practice
6,xyx,f,20,noindex,True,220285,221283,z,circle.png,diamond.png,triangle.png,rect.png,[255, 0, 0],[255, 255, 0],135,0,2,1,0,3,nochange_ori,z,0,practice
6,xyx,f,20,noindex,True,225996,227283,/,diamond.png,circle.png,triangle.png,rect.png,[0, 255, 0],[255, 255, 0],135,0,0,1,3,2,change_ori,/,0,practice
6,xyx,f,20,noindex,True,232023,233267,/,triangle.png,circle.png,diamond.png,rect.png,[255, 0, 0],[0, 255, 0],45,90,2,3,0,1,change_col,/,3,practice
6,xyx,f,20,noindex,True,238001,239219,z,diamond.png,triangle.png,rect.png,circle.png,[255, 0, 0],[0, 0, 255],135,0,1,2,0,3,nochange_ori,z,2,practice
6,xyx,f,20,noindex,True,243979,244884,z,rect.png,circle.png,triangle.png,diamond.png,[255, 255, 0],[0, 255, 0],90,135,1,0,3,2,nochange_ori,z,2,practice
6,xyx,f,20,noindex,True,249539,250468,z,rect.png,circle.png,diamond.png,triangle.png,[255, 255, 0],[0, 0, 255],45,90,3,1,0,2,nochange_col,z,1,practice
6,xyx,f,20,noindex,True,255182,256195,z,triangle.png,rect.png,diamond.png,circle.png,[0, 255, 0],[255, 255, 0],0,90,0,3,1,2,nochange_col,z,3,practice
6,xyx,f,20,noindex,True,260826,261796,/,diamond.png,rect.png,triangle.png,circle.png,[255, 255, 0],[0, 255, 0],135,0,2,1,3,0,change_col,/,3,practice
6,xyx,f,20,noindex,True,266537,268052,/,circle.png,triangle.png,rect.png,diamond.png,[255, 255, 0],[0, 255, 0],0,135,2,3,1,0,change_ori,/,2,practice
6,xyx,f,20,noindex,True,272749,273668,z,circle.png,rect.png,diamond.png,triangle.png,[255, 0, 0],[255, 255, 0],45,0,3,0,1,2,nochange_col,z,3,practice
6,xyx,f,20,noindex,True,301218,302035,z,rect.png,diamond.png,triangle.png,circle.png,[255, 0, 0],[255, 255, 0],135,45,0,3,1,2,nochange_col,z,1,testing
6,xyx,f,20,noindex,True,306794,307875,/,circle.png,diamond.png,rect.png,triangle.png,[255, 255, 0],[255, 0, 0],45,90,0,1,3,2,change_ori,/,2,testing
6,xyx,f,20,noindex,True,312538,313267,z,rect.png,diamond.png,circle.png,triangle.png,[255, 0, 0],[0, 255, 0],0,90,1,3,2,0,nochange_col,z,3,testing
6,xyx,f,20,noindex,True,317965,318884,/,triangle.png,circle.png,rect.png,diamond.png,[0, 255, 0],[255, 255, 0],0,45,1,3,2,0,change_ori,/,0,testing
6,xyx,f,20,noindex,True,323641,324515,/,diamond.png,circle.png,rect.png,triangle.png,[255, 255, 0],[255, 0, 0],0,90,0,2,3,1,change_ori,/,2,testing
6,xyx,f,20,noindex,True,329152,331043,z,rect.png,circle.png,diamond.png,triangle.png,[0, 255, 0],[0, 0, 255],0,135,0,2,1,3,change_ori,/,2,testing
6,xyx,f,20,noindex,True,335631,336483,/,rect.png,triangle.png,circle.png,diamond.png,[255, 0, 0],[255, 255, 0],135,90,3,0,2,1,change_col,/,1,testing
6,xyx,f,20,noindex,True,341207,342035,/,diamond.png,circle.png,rect.png,triangle.png,[0, 0, 255],[0, 255, 0],0,90,2,1,3,0,change_ori,/,0,testing
6,xyx,f,20,noindex,True,346600,347587,z,triangle.png,diamond.png,circle.png,rect.png,[255, 0, 0],[0, 255, 0],45,135,0,3,2,1,nochange_col,z,3,testing
6,xyx,f,20,noindex,True,352344,353827,z,diamond.png,triangle.png,circle.png,rect.png,[255, 0, 0],[255, 255, 0],0,135,0,3,2,1,change_col,/,3,testing
6,xyx,f,20,noindex,True,358555,359266,/,circle.png,diamond.png,rect.png,triangle.png,[255, 0, 0],[0, 255, 0],90,45,1,2,0,3,change_col,/,1,testing
6,xyx,f,20,noindex,True,363899,364882,/,diamond.png,triangle.png,circle.png,rect.png,[255, 0, 0],[0, 255, 0],90,0,0,2,1,3,change_col,/,3,testing
6,xyx,f,20,noindex,True,369475,370787,z,rect.png,circle.png,triangle.png,diamond.png,[0, 255, 0],[255, 0, 0],0,90,2,0,1,3,nochange_ori,z,0,testing
6,xyx,f,20,noindex,True,375470,376547,z,triangle.png,diamond.png,rect.png,circle.png,[0, 255, 0],[255, 255, 0],45,135,0,3,1,2,nochange_col,z,1,testing
6,xyx,f,20,noindex,True,381298,382451,z,rect.png,circle.png,diamond.png,triangle.png,[255, 255, 0],[255, 0, 0],0,45,3,1,0,2,nochange_ori,z,2,testing
6,xyx,f,20,noindex,True,387125,388115,/,circle.png,triangle.png,rect.png,diamond.png,[255, 0, 0],[0, 0, 255],0,45,2,3,0,1,change_col,/,1,testing
6,xyx,f,20,noindex,True,392685,394530,z,rect.png,circle.png,triangle.png,diamond.png,[0, 0, 255],[255, 0, 0],0,135,1,2,3,0,nochange_ori,z,0,testing
6,xyx,f,20,noindex,True,399180,400178,/,circle.png,diamond.png,triangle.png,rect.png,[0, 255, 0],[255, 255, 0],45,90,0,3,2,1,nochange_col,z,3,testing
6,xyx,f,20,noindex,True,404924,405938,z,rect.png,circle.png,triangle.png,diamond.png,[255, 255, 0],[0, 255, 0],0,135,1,0,2,3,nochange_ori,z,2,testing
6,xyx,f,20,noindex,True,410552,412083,/,rect.png,circle.png,diamond.png,triangle.png,[0, 255, 0],[0, 0, 255],90,0,0,2,3,1,nochange_col,z,3,testing
6,xyx,f,20,noindex,True,416746,417843,z,rect.png,diamond.png,triangle.png,circle.png,[255, 0, 0],[0, 255, 0],90,0,1,3,0,2,nochange_ori,z,0,testing
6,xyx,f,20,noindex,True,422406,423282,z,triangle.png,rect.png,circle.png,diamond.png,[255, 255, 0],[0, 255, 0],45,0,1,3,2,0,nochange_ori,z,2,testing
6,xyx,f,20,noindex,True,427899,429202,/,circle.png,triangle.png,diamond.png,rect.png,[255, 255, 0],[255, 0, 0],0,45,3,0,1,2,change_col,/,3,testing
6,xyx,f,20,noindex,True,433794,436082,/,circle.png,rect.png,diamond.png,triangle.png,[0, 0, 255],[0, 255, 0],90,135,2,0,3,1,change_ori,/,2,testing
6,xyx,f,20,noindex,True,440823,441794,z,diamond.png,rect.png,circle.png,triangle.png,[0, 255, 0],[255, 255, 0],45,0,1,0,2,3,nochange_ori,z,2,testing
6,xyx,f,20,noindex,True,446450,447330,/,rect.png,circle.png,triangle.png,diamond.png,[255, 0, 0],[0, 255, 0],135,0,3,1,0,2,change_ori,/,2,testing
6,xyx,f,20,noindex,True,451977,453986,z,triangle.png,rect.png,circle.png,diamond.png,[255, 255, 0],[255, 0, 0],45,0,1,0,2,3,change_ori,/,2,testing
6,xyx,f,20,noindex,True,458739,459986,z,circle.png,triangle.png,diamond.png,rect.png,[255, 0, 0],[0, 0, 255],135,90,2,1,3,0,nochange_ori,z,0,testing
6,xyx,f,20,noindex,True,464700,465490,/,diamond.png,circle.png,triangle.png,rect.png,[255, 0, 0],[0, 0, 255],90,135,2,3,0,1,change_col,/,1,testing
6,xyx,f,20,noindex,True,470110,470849,/,circle.png,diamond.png,rect.png,triangle.png,[255, 0, 0],[0, 255, 0],90,135,0,2,1,3,change_col,/,1,testing
6,xyx,f,20,noindex,True,475504,476306,/,rect.png,triangle.png,circle.png,diamond.png,[0, 255, 0],[0, 0, 255],45,135,2,0,3,1,change_col,/,3,testing
6,xyx,f,20,noindex,True,480997,482002,z,diamond.png,rect.png,triangle.png,circle.png,[0, 255, 0],[255, 255, 0],45,0,1,0,3,2,change_ori,/,2,testing
6,xyx,f,20,noindex,True,486574,487842,/,triangle.png,diamond.png,rect.png,circle.png,[255, 0, 0],[0, 0, 255],0,90,1,0,2,3,change_ori,/,0,testing
6,xyx,f,20,noindex,True,492485,493618,/,diamond.png,triangle.png,circle.png,rect.png,[0, 0, 255],[0, 255, 0],90,45,1,0,3,2,change_ori,/,2,testing
6,xyx,f,20,noindex,True,498245,499137,z,triangle.png,diamond.png,rect.png,circle.png,[0, 255, 0],[0, 0, 255],45,90,3,2,0,1,nochange_col,z,3,testing
6,xyx,f,20,noindex,True,503822,505202,/,rect.png,diamond.png,circle.png,triangle.png,[255, 255, 0],[0, 0, 255],45,90,3,2,0,1,nochange_ori,z,2,testing
6,xyx,f,20,noindex,True,509950,511026,z,diamond.png,rect.png,circle.png,triangle.png,[255, 255, 0],[0, 255, 0],90,135,3,1,2,0,nochange_ori,z,0,testing
6,xyx,f,20,noindex,True,515661,517057,z,rect.png,diamond.png,circle.png,triangle.png,[255, 255, 0],[0, 0, 255],90,45,3,1,0,2,nochange_ori,z,2,testing
6,xyx,f,20,noindex,True,521755,523153,z,triangle.png,diamond.png,circle.png,rect.png,[0, 255, 0],[0, 0, 255],90,0,2,1,0,3,change_ori,/,0,testing
6,xyx,f,20,noindex,True,527849,528785,/,triangle.png,circle.png,diamond.png,rect.png,[255, 0, 0],[255, 255, 0],0,45,0,3,2,1,change_col,/,1,testing
6,xyx,f,20,noindex,True,533360,535809,/,diamond.png,rect.png,triangle.png,circle.png,[255, 255, 0],[0, 255, 0],90,45,1,0,2,3,nochange_col,z,1,testing
6,xyx,f,20,noindex,True,540523,541697,/,rect.png,circle.png,triangle.png,diamond.png,[0, 0, 255],[0, 255, 0],90,135,2,0,3,1,change_col,/,3,testing
6,xyx,f,20,noindex,True,546417,547889,z,diamond.png,circle.png,rect.png,triangle.png,[255, 0, 0],[0, 0, 255],45,135,3,1,2,0,nochange_ori,z,0,testing
6,xyx,f,20,noindex,True,552462,553937,/,triangle.png,circle.png,diamond.png,rect.png,[255, 255, 0],[0, 255, 0],45,90,3,2,0,1,change_ori,/,2,testing
6,xyx,f,20,noindex,True,558689,559969,/,circle.png,diamond.png,rect.png,triangle.png,[255, 255, 0],[0, 255, 0],135,45,3,0,1,2,change_col,/,3,testing
6,xyx,f,20,noindex,True,564650,565521,z,rect.png,diamond.png,triangle.png,circle.png,[255, 0, 0],[0, 0, 255],45,0,2,0,3,1,nochange_col,z,1,testing
6,xyx,f,20,noindex,True,570277,571185,z,diamond.png,rect.png,triangle.png,circle.png,[0, 0, 255],[255, 0, 0],135,90,0,1,2,3,nochange_ori,z,2,testing
6,xyx,f,20,noindex,True,575904,576849,z,diamond.png,rect.png,circle.png,triangle.png,[0, 255, 0],[255, 255, 0],0,90,3,0,2,1,nochange_ori,z,0,testing
6,xyx,f,20,noindex,True,581465,582113,z,circle.png,triangle.png,diamond.png,rect.png,[0, 255, 0],[0, 0, 255],0,135,2,3,0,1,nochange_col,z,1,testing
6,xyx,f,20,noindex,True,586792,587729,z,circle.png,rect.png,diamond.png,triangle.png,[255, 255, 0],[0, 255, 0],135,90,1,2,0,3,nochange_ori,z,2,testing
6,xyx,f,20,noindex,True,592302,593298,/,triangle.png,diamond.png,circle.png,rect.png,[0, 255, 0],[255, 255, 0],135,45,2,1,0,3,nochange_ori,z,2,testing
6,xyx,f,20,noindex,True,597894,598897,z,circle.png,diamond.png,rect.png,triangle.png,[255, 0, 0],[0, 0, 255],0,45,2,1,3,0,nochange_col,z,3,testing
6,xyx,f,20,noindex,True,603522,604705,z,triangle.png,diamond.png,rect.png,circle.png,[0, 255, 0],[255, 0, 0],135,45,1,3,0,2,nochange_ori,z,0,testing
6,xyx,f,20,noindex,True,609299,609985,/,diamond.png,triangle.png,circle.png,rect.png,[0, 255, 0],[255, 0, 0],135,45,1,3,0,2,change_col,/,3,testing
6,xyx,f,20,noindex,True,614725,618401,z,triangle.png,rect.png,circle.png,diamond.png,[255, 0, 0],[0, 0, 255],90,0,1,2,3,0,nochange_col,z,3,testing
6,xyx,f,20,noindex,True,623008,624113,/,triangle.png,circle.png,rect.png,diamond.png,[0, 255, 0],[0, 0, 255],45,0,0,2,1,3,change_col,/,3,testing
6,xyx,f,20,noindex,True,628768,629760,z,circle.png,diamond.png,triangle.png,rect.png,[0, 255, 0],[255, 0, 0],135,90,1,0,2,3,nochange_col,z,1,testing
6,xyx,f,20,noindex,True,634379,635617,/,rect.png,circle.png,triangle.png,diamond.png,[255, 255, 0],[255, 0, 0],90,45,3,1,0,2,change_ori,/,2,testing
6,xyx,f,20,noindex,True,640356,642640,z,circle.png,rect.png,triangle.png,diamond.png,[255, 255, 0],[0, 0, 255],0,90,0,1,3,2,change_ori,/,2,testing
6,xyx,f,20,noindex,True,647352,649089,/,circle.png,triangle.png,diamond.png,rect.png,[0, 0, 255],[255, 255, 0],0,135,1,0,2,3,nochange_col,z,1,testing
6,xyx,f,20,noindex,True,653680,654529,z,triangle.png,circle.png,rect.png,diamond.png,[0, 255, 0],[255, 255, 0],135,45,1,0,3,2,nochange_col,z,1,testing
6,xyx,f,20,noindex,True,659241,660321,z,diamond.png,rect.png,circle.png,triangle.png,[255, 0, 0],[0, 255, 0],0,90,1,3,0,2,nochange_col,z,1,testing
6,xyx,f,20,noindex,True,665001,667024,/,diamond.png,triangle.png,rect.png,circle.png,[0, 0, 255],[0, 255, 0],90,0,0,1,2,3,change_col,/,1,testing
6,xyx,f,20,noindex,True,671747,672976,z,diamond.png,triangle.png,rect.png,circle.png,[0, 255, 0],[255, 255, 0],45,135,1,0,3,2,nochange_col,z,3,testing
6,xyx,f,20,noindex,True,677675,678640,/,triangle.png,diamond.png,circle.png,rect.png,[255, 0, 0],[0, 0, 255],45,0,0,3,1,2,change_col,/,3,testing
6,xyx,f,20,noindex,True,683252,684129,/,diamond.png,circle.png,rect.png,triangle.png,[255, 0, 0],[0, 0, 255],90,135,1,2,0,3,change_ori,/,0,testing
6,xyx,f,20,noindex,True,688895,690112,/,circle.png,diamond.png,rect.png,triangle.png,[0, 0, 255],[255, 0, 0],45,0,1,0,3,2,change_col,/,1,testing
6,xyx,f,20,noindex,True,694840,696688,z,triangle.png,rect.png,diamond.png,circle.png,[0, 0, 255],[255, 0, 0],135,45,3,2,0,1,change_ori,/,0,testing
6,xyx,f,20,noindex,True,701368,702832,z,rect.png,circle.png,diamond.png,triangle.png,[0, 255, 0],[255, 255, 0],45,90,3,2,1,0,nochange_ori,z,2,testing
6,xyx,f,20,noindex,True,707512,708369,z,triangle.png,rect.png,circle.png,diamond.png,[255, 255, 0],[0, 0, 255],90,45,3,0,2,1,nochange_col,z,3,testing
6,xyx,f,20,noindex,True,713123,714272,/,rect.png,circle.png,triangle.png,diamond.png,[0, 255, 0],[0, 0, 255],90,45,3,1,2,0,change_col,/,3,testing
6,xyx,f,20,noindex,True,718850,720016,z,triangle.png,diamond.png,circle.png,rect.png,[255, 255, 0],[255, 0, 0],135,0,0,1,3,2,nochange_col,z,1,testing
6,xyx,f,20,noindex,True,724760,726576,/,triangle.png,rect.png,diamond.png,circle.png,[255, 255, 0],[255, 0, 0],135,45,2,3,1,0,change_col,/,3,testing
6,xyx,f,20,noindex,True,731290,733344,z,diamond.png,rect.png,triangle.png,circle.png,[255, 0, 0],[0, 255, 0],135,0,1,0,2,3,nochange_ori,z,2,testing
6,xyx,f,20,noindex,True,738035,739841,/,triangle.png,diamond.png,rect.png,circle.png,[0, 0, 255],[0, 255, 0],0,90,3,1,0,2,change_ori,/,0,testing
6,xyx,f,20,noindex,True,744548,745648,z,circle.png,rect.png,diamond.png,triangle.png,[0, 0, 255],[255, 0, 0],0,90,2,1,0,3,nochange_ori,z,2,testing
6,xyx,f,20,noindex,True,750324,751584,z,circle.png,triangle.png,rect.png,diamond.png,[0, 255, 0],[255, 255, 0],90,0,0,3,2,1,change_ori,/,2,testing
6,xyx,f,20,noindex,True,756169,756928,/,circle.png,rect.png,diamond.png,triangle.png,[255, 0, 0],[255, 255, 0],90,0,0,1,2,3,change_col,/,3,testing
6,xyx,f,20,noindex,True,761678,763103,z,circle.png,rect.png,diamond.png,triangle.png,[255, 0, 0],[255, 255, 0],0,135,2,3,1,0,change_ori,/,0,testing
6,xyx,f,20,noindex,True,767773,768864,/,rect.png,circle.png,diamond.png,triangle.png,[0, 255, 0],[255, 0, 0],90,45,0,1,3,2,nochange_col,z,3,testing
6,xyx,f,20,noindex,True,779110,779983,z,diamond.png,triangle.png,rect.png,circle.png,[0, 0, 255],[255, 0, 0],0,45,0,1,3,2,nochange_col,z,3,testing
6,xyx,f,20,noindex,True,784754,786144,z,diamond.png,triangle.png,circle.png,rect.png,[0, 255, 0],[255, 255, 0],0,45,0,2,3,1,change_ori,/,0,testing
6,xyx,f,20,noindex,True,790716,791552,/,triangle.png,diamond.png,rect.png,circle.png,[255, 255, 0],[0, 0, 255],135,45,2,0,3,1,nochange_col,z,3,testing
6,xyx,f,20,noindex,True,796209,797135,z,diamond.png,circle.png,rect.png,triangle.png,[0, 0, 255],[0, 255, 0],45,0,3,1,0,2,nochange_col,z,3,testing
6,xyx,f,20,noindex,True,801735,803408,z,rect.png,triangle.png,diamond.png,circle.png,[0, 0, 255],[255, 0, 0],45,90,3,0,1,2,change_ori,/,2,testing
6,xyx,f,20,noindex,True,808080,809072,z,circle.png,diamond.png,triangle.png,rect.png,[0, 255, 0],[255, 0, 0],90,135,0,2,1,3,nochange_ori,z,0,testing
6,xyx,f,20,noindex,True,813674,814687,z,circle.png,diamond.png,triangle.png,rect.png,[0, 255, 0],[255, 255, 0],135,0,3,1,2,0,nochange_ori,z,2,testing
6,xyx,f,20,noindex,True,819284,820559,/,circle.png,rect.png,diamond.png,triangle.png,[0, 255, 0],[255, 255, 0],0,135,1,0,3,2,change_col,/,3,testing
6,xyx,f,20,noindex,True,825296,826416,/,circle.png,rect.png,triangle.png,diamond.png,[0, 0, 255],[0, 255, 0],0,135,3,2,0,1,nochange_ori,z,0,testing
6,xyx,f,20,noindex,True,831090,832784,z,circle.png,diamond.png,triangle.png,rect.png,[0, 255, 0],[255, 255, 0],0,90,3,0,2,1,nochange_ori,z,0,testing
6,xyx,f,20,noindex,True,837501,838287,/,circle.png,diamond.png,rect.png,triangle.png,[0, 255, 0],[255, 255, 0],135,90,1,0,2,3,change_col,/,1,testing
6,xyx,f,20,noindex,True,842861,844592,z,triangle.png,circle.png,diamond.png,rect.png,[255, 255, 0],[0, 0, 255],90,135,2,0,3,1,change_col,/,3,testing
6,xyx,f,20,noindex,True,849306,850592,/,rect.png,diamond.png,circle.png,triangle.png,[0, 255, 0],[255, 255, 0],45,90,1,3,0,2,change_ori,/,0,testing
6,xyx,f,20,noindex,True,855267,856704,/,diamond.png,rect.png,circle.png,triangle.png,[255, 0, 0],[255, 255, 0],135,0,0,3,2,1,change_ori,/,2,testing
6,xyx,f,20,noindex,True,861412,862399,z,circle.png,triangle.png,rect.png,diamond.png,[0, 255, 0],[255, 255, 0],0,90,3,1,0,2,nochange_col,z,1,testing
6,xyx,f,20,noindex,True,867138,868143,z,rect.png,circle.png,triangle.png,diamond.png,[0, 255, 0],[255, 255, 0],0,45,3,1,2,0,nochange_col,z,3,testing
6,xyx,f,20,noindex,True,872749,873807,/,diamond.png,rect.png,circle.png,triangle.png,[0, 0, 255],[255, 255, 0],90,0,2,0,3,1,change_ori,/,2,testing
6,xyx,f,20,noindex,True,878476,880575,z,diamond.png,triangle.png,circle.png,rect.png,[0, 0, 255],[0, 255, 0],90,0,2,3,1,0,nochange_col,z,3,testing
6,xyx,f,20,noindex,True,885155,886974,/,triangle.png,diamond.png,circle.png,rect.png,[255, 255, 0],[0, 0, 255],45,90,1,2,3,0,nochange_ori,z,0,testing
6,xyx,f,20,noindex,True,891701,893215,z,diamond.png,triangle.png,circle.png,rect.png,[0, 0, 255],[255, 0, 0],0,90,1,3,2,0,nochange_col,z,1,testing
6,xyx,f,20,noindex,True,897912,898879,/,triangle.png,rect.png,diamond.png,circle.png,[0, 0, 255],[255, 0, 0],45,135,1,3,0,2,change_col,/,1,testing
6,xyx,f,20,noindex,True,903539,904719,z,rect.png,triangle.png,diamond.png,circle.png,[255, 255, 0],[0, 0, 255],135,90,0,1,2,3,nochange_col,z,3,testing
6,xyx,f,20,noindex,True,909349,910335,z,diamond.png,triangle.png,rect.png,circle.png,[0, 255, 0],[255, 255, 0],135,0,2,3,0,1,nochange_col,z,1,testing
6,xyx,f,20,noindex,True,915010,915903,/,diamond.png,triangle.png,rect.png,circle.png,[255, 0, 0],[0, 0, 255],135,45,0,1,2,3,nochange_ori,z,0,testing
6,xyx,f,20,noindex,True,920636,922047,/,rect.png,circle.png,triangle.png,diamond.png,[255, 255, 0],[0, 255, 0],0,90,2,0,1,3,nochange_col,z,1,testing
6,xyx,f,20,noindex,True,926665,927535,z,rect.png,circle.png,diamond.png,triangle.png,[0, 0, 255],[255, 255, 0],135,90,1,3,2,0,nochange_ori,z,0,testing
6,xyx,f,20,noindex,True,932191,933327,z,triangle.png,diamond.png,rect.png,circle.png,[255, 255, 0],[255, 0, 0],0,90,0,3,1,2,nochange_ori,z,2,testing
6,xyx,f,20,noindex,True,938086,938991,/,circle.png,diamond.png,rect.png,triangle.png,[255, 255, 0],[0, 0, 255],0,135,3,2,0,1,change_ori,/,2,testing
6,xyx,f,20,noindex,True,943612,944799,/,circle.png,rect.png,diamond.png,triangle.png,[0, 0, 255],[255, 255, 0],0,90,3,0,2,1,change_col,/,1,testing
6,xyx,f,20,noindex,True,949406,950574,z,triangle.png,circle.png,diamond.png,rect.png,[0, 255, 0],[0, 0, 255],0,45,2,1,3,0,change_ori,/,0,testing
6,xyx,f,20,noindex,True,955334,956126,z,circle.png,triangle.png,rect.png,diamond.png,[255, 0, 0],[0, 0, 255],0,135,1,2,3,0,nochange_ori,z,2,testing
6,xyx,f,20,noindex,True,960744,962110,/,rect.png,circle.png,triangle.png,diamond.png,[0, 255, 0],[0, 0, 255],0,45,2,0,3,1,nochange_ori,z,0,testing
6,xyx,f,20,noindex,True,966721,967551,/,triangle.png,circle.png,diamond.png,rect.png,[255, 255, 0],[0, 255, 0],45,90,2,3,0,1,change_col,/,3,testing
6,xyx,f,20,noindex,True,972264,973535,/,triangle.png,circle.png,rect.png,diamond.png,[0, 0, 255],[255, 0, 0],0,45,1,3,2,0,change_ori,/,2,testing
6,xyx,f,20,noindex,True,978142,980383,/,circle.png,diamond.png,triangle.png,rect.png,[255, 0, 0],[0, 0, 255],0,45,1,2,3,0,nochange_ori,z,2,testing
6,xyx,f,20,noindex,True,985089,986927,z,rect.png,diamond.png,circle.png,triangle.png,[255, 0, 0],[0, 0, 255],90,0,0,2,3,1,change_ori,/,0,testing
6,xyx,f,20,noindex,True,991516,993022,z,triangle.png,diamond.png,circle.png,rect.png,[255, 255, 0],[255, 0, 0],0,45,2,0,1,3,nochange_col,z,1,testing
6,xyx,f,20,noindex,True,997728,998606,/,diamond.png,rect.png,circle.png,triangle.png,[255, 255, 0],[0, 0, 255],135,0,0,1,3,2,change_ori,/,0,testing
6,xyx,f,20,noindex,True,1003271,1004751,z,circle.png,rect.png,diamond.png,triangle.png,[255, 255, 0],[255, 0, 0],135,45,1,0,2,3,nochange_ori,z,2,testing
6,xyx,f,20,noindex,True,1009384,1012318,/,circle.png,diamond.png,triangle.png,rect.png,[0, 255, 0],[0, 0, 255],90,135,0,1,2,3,change_ori,/,2,testing
6,xyx,f,20,noindex,True,1016880,1018414,/,circle.png,diamond.png,triangle.png,rect.png,[0, 0, 255],[255, 0, 0],90,135,1,2,0,3,change_col,/,3,testing
6,xyx,f,20,noindex,True,1023042,1025902,z,rect.png,diamond.png,circle.png,triangle.png,[0, 255, 0],[0, 0, 255],135,0,1,0,3,2,nochange_col,z,3,testing
6,xyx,f,20,noindex,True,1030622,1031982,/,circle.png,diamond.png,triangle.png,rect.png,[0, 0, 255],[255, 255, 0],45,135,0,1,3,2,change_col,/,3,testing
6,xyx,f,20,noindex,True,1036750,1037678,/,diamond.png,rect.png,circle.png,triangle.png,[255, 0, 0],[0, 0, 255],90,135,2,1,3,0,change_ori,/,2,testing
6,xyx,f,20,noindex,True,1042243,1044814,/,diamond.png,rect.png,circle.png,triangle.png,[255, 255, 0],[0, 255, 0],135,0,1,2,3,0,change_ori,/,2,testing
6,xyx,f,20,noindex,True,1049556,1050542,z,rect.png,triangle.png,circle.png,diamond.png,[0, 255, 0],[0, 0, 255],135,45,0,2,1,3,nochange_ori,z,0,testing
6,xyx,f,20,noindex,True,1055183,1056270,/,rect.png,circle.png,triangle.png,diamond.png,[0, 0, 255],[0, 255, 0],0,45,2,3,0,1,change_ori,/,2,testing
6,xyx,f,20,noindex,True,1061010,1062270,z,rect.png,circle.png,triangle.png,diamond.png,[255, 255, 0],[255, 0, 0],135,90,0,3,1,2,change_col,/,1,testing
6,xyx,f,20,noindex,True,1066988,1068190,/,triangle.png,rect.png,diamond.png,circle.png,[0, 255, 0],[0, 0, 255],45,135,1,2,3,0,nochange_col,z,1,testing
6,xyx,f,20,noindex,True,1072933,1073933,z,triangle.png,circle.png,diamond.png,rect.png,[0, 0, 255],[0, 255, 0],90,0,0,3,1,2,nochange_col,z,3,testing
6,xyx,f,20,noindex,True,1078510,1081086,/,circle.png,rect.png,diamond.png,triangle.png,[0, 255, 0],[255, 255, 0],45,0,2,3,0,1,nochange_ori,z,0,testing
6,xyx,f,20,noindex,True,1085656,1088398,z,rect.png,diamond.png,triangle.png,circle.png,[0, 255, 0],[255, 255, 0],0,45,0,3,2,1,change_ori,/,2,testing
6,xyx,f,20,noindex,True,1093136,1096061,z,diamond.png,rect.png,triangle.png,circle.png,[255, 255, 0],[0, 255, 0],135,0,2,3,0,1,change_ori,/,2,testing
6,xyx,f,20,noindex,True,1100817,1102174,/,rect.png,diamond.png,circle.png,triangle.png,[255, 0, 0],[0, 255, 0],45,135,2,1,0,3,change_col,/,3,testing
6,xyx,f,20,noindex,True,1106761,1107885,z,circle.png,rect.png,triangle.png,diamond.png,[0, 255, 0],[255, 0, 0],90,0,0,3,2,1,change_ori,/,2,testing
6,xyx,f,20,noindex,True,1112589,1113725,z,diamond.png,rect.png,circle.png,triangle.png,[255, 0, 0],[255, 255, 0],135,90,2,3,0,1,change_ori,/,0,testing
6,xyx,f,20,noindex,True,1118399,1119501,z,circle.png,triangle.png,diamond.png,rect.png,[255, 0, 0],[0, 0, 255],90,0,1,0,3,2,nochange_ori,z,0,testing
6,xyx,f,20,noindex,True,1124143,1127214,z,diamond.png,rect.png,circle.png,triangle.png,[0, 255, 0],[255, 255, 0],0,45,3,1,0,2,change_ori,/,0,testing
6,xyx,f,20,noindex,True,1131874,1134382,/,diamond.png,circle.png,triangle.png,rect.png,[0, 255, 0],[255, 255, 0],45,135,2,3,1,0,change_col,/,1,testing
6,xyx,f,20,noindex,True,1139154,1140285,/,diamond.png,rect.png,triangle.png,circle.png,[255, 0, 0],[0, 255, 0],0,135,1,3,2,0,nochange_col,z,1,testing
6,xyx,f,20,noindex,True,1144948,1145966,z,rect.png,diamond.png,circle.png,triangle.png,[255, 255, 0],[0, 0, 255],135,0,0,2,3,1,nochange_col,z,1,testing
6,xyx,f,20,noindex,True,1150608,1151405,z,triangle.png,rect.png,circle.png,diamond.png,[0, 0, 255],[255, 255, 0],0,135,3,0,1,2,nochange_col,z,1,testing
6,xyx,f,20,noindex,True,1156119,1157565,/,circle.png,triangle.png,rect.png,diamond.png,[0, 255, 0],[0, 0, 255],45,135,1,0,3,2,change_col,/,1,testing
6,xyx,f,20,noindex,True,1162230,1163741,/,triangle.png,diamond.png,circle.png,rect.png,[255, 0, 0],[0, 0, 255],90,0,2,0,3,1,change_col,/,3,testing
6,xyx,f,20,noindex,True,1168458,1169373,z,diamond.png,circle.png,rect.png,triangle.png,[0, 0, 255],[0, 255, 0],90,0,1,2,0,3,nochange_ori,z,0,testing
6,xyx,f,20,noindex,True,1174035,1175052,z,triangle.png,diamond.png,circle.png,rect.png,[0, 0, 255],[255, 255, 0],135,0,0,2,3,1,nochange_col,z,3,testing
6,xyx,f,20,noindex,True,1179779,1180653,/,circle.png,diamond.png,triangle.png,rect.png,[255, 0, 0],[0, 0, 255],90,45,2,3,0,1,change_col,/,1,testing
6,xyx,f,20,noindex,True,1185222,1186317,/,rect.png,triangle.png,circle.png,diamond.png,[0, 0, 255],[255, 0, 0],45,0,0,3,1,2,change_col,/,1,testing
6,xyx,f,20,noindex,True,1190916,1191757,z,diamond.png,circle.png,triangle.png,rect.png,[255, 255, 0],[0, 255, 0],0,90,2,3,0,1,nochange_ori,z,2,testing
6,xyx,f,20,noindex,True,1196392,1197260,/,rect.png,triangle.png,circle.png,diamond.png,[255, 0, 0],[0, 255, 0],135,90,2,3,0,1,change_col,/,1,testing
6,xyx,f,20,noindex,True,1201903,1203117,z,circle.png,rect.png,diamond.png,triangle.png,[0, 255, 0],[255, 0, 0],45,0,2,1,0,3,nochange_col,z,1,testing
6,xyx,f,20,noindex,True,1207864,1208972,z,diamond.png,rect.png,circle.png,triangle.png,[0, 0, 255],[255, 255, 0],90,135,1,0,2,3,nochange_ori,z,0,testing
6,xyx,f,20,noindex,True,1213591,1214636,/,rect.png,circle.png,triangle.png,diamond.png,[0, 0, 255],[255, 255, 0],0,135,0,1,2,3,change_col,/,1,testing
6,xyx,f,20,noindex,True,1219368,1220380,/,triangle.png,diamond.png,rect.png,circle.png,[255, 255, 0],[0, 0, 255],45,135,0,2,1,3,change_col,/,3,testing
6,xyx,f,20,noindex,True,1225062,1226029,z,triangle.png,rect.png,circle.png,diamond.png,[255, 255, 0],[0, 0, 255],90,45,3,2,1,0,nochange_ori,z,0,testing
6,xyx,f,20,noindex,True,1230638,1232076,z,triangle.png,diamond.png,rect.png,circle.png,[0, 0, 255],[0, 255, 0],45,135,2,0,1,3,nochange_ori,z,0,testing
6,xyx,f,20,noindex,True,1236733,1237837,/,diamond.png,circle.png,rect.png,triangle.png,[0, 255, 0],[255, 255, 0],45,0,0,2,3,1,change_ori,/,0,testing
6,xyx,f,20,noindex,True,1242544,1243980,z,triangle.png,circle.png,rect.png,diamond.png,[0, 0, 255],[255, 255, 0],90,135,1,2,3,0,nochange_col,z,3,testing
6,xyx,f,20,noindex,True,1248572,1251757,/,triangle.png,diamond.png,rect.png,circle.png,[0, 255, 0],[0, 0, 255],135,45,0,2,3,1,change_col,/,1,testing
6,xyx,f,20,noindex,True,1256486,1258044,z,circle.png,triangle.png,rect.png,diamond.png,[0, 0, 255],[255, 255, 0],135,90,1,2,3,0,change_col,/,1,testing
