subj,name,gender,age,cond,P_resp,P_startTime,P_respTime,P_gotKey,shape1,shape2,shape3,shape4,color1,color2,color3,color4ori1,ori2,ori3,ori4ord_1,ord_2,ord_3,ord_4,task,correct_key,no_change,mode
6,xyx,f,20,index,True,49770,50731,z,diamond.png,rect.png,diamond.png,rect.png,[0, 255, 0],[255, 0, 0],90,45,0,2,3,1,nochange_col,z,1,practice
6,xyx,f,20,index,True,55364,55835,/,circle.png,rect.png,circle.png,rect.png,[255, 255, 0],[0, 0, 255],45,0,2,3,1,0,change_ori,/,2,practice
6,xyx,f,20,index,True,60490,60923,z,rect.png,circle.png,rect.png,circle.png,[255, 255, 0],[0, 0, 255],135,0,1,2,3,0,nochange_ori,z,2,practice
6,xyx,f,20,index,True,65666,66843,/,rect.png,diamond.png,rect.png,diamond.png,[0, 0, 255],[255, 255, 0],90,135,1,3,0,2,nochange_col,z,1,practice
6,xyx,f,20,index,True,71594,73035,z,diamond.png,rect.png,diamond.png,rect.png,[0, 0, 255],[255, 255, 0],45,0,3,0,2,1,change_col,/,1,practice
6,xyx,f,20,index,True,77738,78875,/,circle.png,rect.png,circle.png,rect.png,[0, 255, 0],[255, 255, 0],45,0,0,3,1,2,change_col,/,3,practice
6,xyx,f,20,index,True,83616,85467,z,triangle.png,rect.png,triangle.png,rect.png,[0, 255, 0],[0, 0, 255],0,45,3,1,2,0,nochange_ori,z,2,practice
6,xyx,f,20,index,True,90061,90939,z,triangle.png,rect.png,triangle.png,rect.png,[0, 0, 255],[255, 255, 0],45,0,3,0,1,2,nochange_col,z,3,practice
6,xyx,f,20,index,True,95671,96650,z,circle.png,triangle.png,circle.png,triangle.png,[255, 255, 0],[0, 0, 255],135,0,0,1,2,3,change_ori,/,2,practice
6,xyx,f,20,index,True,101265,101963,z,triangle.png,circle.png,triangle.png,circle.png,[0, 255, 0],[255, 255, 0],135,90,1,2,0,3,nochange_col,z,1,practice
6,xyx,f,20,index,True,106675,108890,/,diamond.png,circle.png,diamond.png,circle.png,[0, 255, 0],[0, 0, 255],135,45,2,1,3,0,nochange_col,z,1,practice
6,xyx,f,20,index,True,113571,114427,z,circle.png,rect.png,circle.png,rect.png,[255, 255, 0],[0, 0, 255],90,45,0,2,3,1,change_col,/,1,practice
6,xyx,f,20,index,True,119114,120427,z,diamond.png,circle.png,diamond.png,circle.png,[255, 255, 0],[0, 0, 255],0,45,3,2,1,0,nochange_ori,z,2,practice
6,xyx,f,20,index,True,125025,126602,/,rect.png,diamond.png,rect.png,diamond.png,[0, 255, 0],[255, 255, 0],90,0,1,3,0,2,change_col,/,3,practice
6,xyx,f,20,index,True,131270,132650,/,circle.png,rect.png,circle.png,rect.png,[255, 255, 0],[0, 0, 255],90,0,3,2,0,1,nochange_ori,z,2,practice
6,xyx,f,20,index,True,137281,138427,/,triangle.png,rect.png,triangle.png,rect.png,[255, 0, 0],[0, 0, 255],90,45,3,0,1,2,change_col,/,1,practice
6,xyx,f,20,index,True,143075,144411,z,circle.png,triangle.png,circle.png,triangle.png,[255, 255, 0],[0, 0, 255],90,135,0,2,1,3,change_ori,/,2,practice
6,xyx,f,20,index,True,149086,150251,z,rect.png,circle.png,rect.png,circle.png,[0, 255, 0],[0, 0, 255],0,45,0,1,3,2,change_ori,/,0,practice
6,xyx,f,20,index,True,154929,155818,z,triangle.png,circle.png,triangle.png,circle.png,[0, 255, 0],[255, 0, 0],45,0,1,3,2,0,nochange_ori,z,0,practice
6,xyx,f,20,index,True,160557,162427,/,circle.png,diamond.png,circle.png,diamond.png,[255, 0, 0],[0, 255, 0],90,45,1,3,2,0,change_ori,/,2,practice
6,xyx,f,20,index,True,192616,193818,/,diamond.png,circle.png,diamond.png,circle.png,[0, 255, 0],[255, 255, 0],45,90,1,2,0,3,change_ori,/,0,testing
6,xyx,f,20,index,True,198476,199114,z,diamond.png,triangle.png,diamond.png,triangle.png,[0, 0, 255],[0, 255, 0],0,45,0,1,3,2,change_ori,/,0,testing
6,xyx,f,20,index,True,203786,204474,z,rect.png,triangle.png,rect.png,triangle.png,[255, 0, 0],[255, 255, 0],135,90,0,1,3,2,nochange_col,z,3,testing
6,xyx,f,20,index,True,209095,209866,/,circle.png,triangle.png,circle.png,triangle.png,[0, 0, 255],[255, 0, 0],135,0,2,3,0,1,change_col,/,3,testing
6,xyx,f,20,index,True,214472,216137,z,rect.png,circle.png,rect.png,circle.png,[0, 255, 0],[255, 255, 0],45,135,0,3,2,1,nochange_ori,z,2,testing
6,xyx,f,20,index,True,220751,221641,/,diamond.png,triangle.png,diamond.png,triangle.png,[255, 0, 0],[255, 255, 0],135,0,1,0,3,2,change_col,/,1,testing
6,xyx,f,20,index,True,226260,227066,/,triangle.png,rect.png,triangle.png,rect.png,[0, 255, 0],[255, 0, 0],45,90,3,1,2,0,change_col,/,1,testing
6,xyx,f,20,index,True,231720,232666,z,diamond.png,circle.png,diamond.png,circle.png,[0, 0, 255],[0, 255, 0],135,0,0,3,2,1,nochange_col,z,3,testing
6,xyx,f,20,index,True,237397,239610,/,rect.png,circle.png,rect.png,circle.png,[0, 0, 255],[0, 255, 0],0,135,2,3,0,1,change_ori,/,2,testing
6,xyx,f,20,index,True,244260,245546,z,rect.png,circle.png,rect.png,circle.png,[255, 0, 0],[0, 0, 255],0,90,1,0,3,2,change_ori,/,2,testing
6,xyx,f,20,index,True,250137,251498,z,circle.png,diamond.png,circle.png,diamond.png,[255, 0, 0],[255, 255, 0],45,90,2,0,1,3,change_ori,/,2,testing
6,xyx,f,20,index,True,256082,258042,/,circle.png,triangle.png,circle.png,triangle.png,[0, 0, 255],[0, 255, 0],135,45,2,1,3,0,change_col,/,1,testing
6,xyx,f,20,index,True,262661,264857,/,rect.png,diamond.png,rect.png,diamond.png,[255, 255, 0],[0, 0, 255],45,90,1,2,0,3,change_col,/,3,testing
6,xyx,f,20,index,True,269473,271578,/,diamond.png,rect.png,diamond.png,rect.png,[0, 255, 0],[255, 0, 0],135,0,3,0,1,2,change_ori,/,0,testing
6,xyx,f,20,index,True,276152,278090,z,triangle.png,rect.png,triangle.png,rect.png,[0, 255, 0],[0, 0, 255],90,45,2,1,0,3,nochange_col,z,1,testing
6,xyx,f,20,index,True,282798,284426,z,diamond.png,circle.png,diamond.png,circle.png,[255, 0, 0],[0, 0, 255],135,90,2,1,3,0,nochange_col,z,3,testing
6,xyx,f,20,index,True,289176,293785,z,diamond.png,circle.png,diamond.png,circle.png,[0, 0, 255],[255, 0, 0],90,0,0,2,3,1,nochange_col,z,3,testing
6,xyx,f,20,index,True,298410,299865,z,rect.png,circle.png,rect.png,circle.png,[255, 255, 0],[0, 0, 255],135,90,1,3,2,0,nochange_ori,z,0,testing
6,xyx,f,20,index,True,304538,307369,/,diamond.png,circle.png,diamond.png,circle.png,[0, 255, 0],[255, 0, 0],90,135,0,3,1,2,change_ori,/,0,testing
6,xyx,f,20,index,True,312068,312905,/,rect.png,diamond.png,rect.png,diamond.png,[255, 0, 0],[0, 0, 255],45,0,3,1,0,2,change_col,/,1,testing
6,xyx,f,20,index,True,317578,318969,z,circle.png,rect.png,circle.png,rect.png,[0, 0, 255],[255, 255, 0],45,90,2,1,0,3,change_ori,/,0,testing
6,xyx,f,20,index,True,323656,324473,/,diamond.png,triangle.png,diamond.png,triangle.png,[0, 255, 0],[255, 0, 0],45,0,2,0,3,1,change_col,/,1,testing
6,xyx,f,20,index,True,329050,330313,z,triangle.png,circle.png,triangle.png,circle.png,[0, 0, 255],[0, 255, 0],0,135,1,0,3,2,nochange_col,z,1,testing
6,xyx,f,20,index,True,335060,335961,z,rect.png,triangle.png,rect.png,triangle.png,[0, 255, 0],[0, 0, 255],135,45,0,1,2,3,nochange_col,z,3,testing
6,xyx,f,20,index,True,340570,342936,/,rect.png,diamond.png,rect.png,diamond.png,[255, 0, 0],[255, 255, 0],135,90,0,3,2,1,change_col,/,3,testing
6,xyx,f,20,index,True,347566,348377,/,rect.png,triangle.png,rect.png,triangle.png,[255, 0, 0],[0, 0, 255],90,0,2,1,0,3,change_col,/,3,testing
6,xyx,f,20,index,True,352960,354185,z,diamond.png,circle.png,diamond.png,circle.png,[0, 255, 0],[255, 255, 0],0,90,0,2,1,3,change_col,/,3,testing
6,xyx,f,20,index,True,358754,359993,z,diamond.png,rect.png,diamond.png,rect.png,[255, 0, 0],[0, 0, 255],135,0,3,1,0,2,nochange_col,z,3,testing
6,xyx,f,20,index,True,364631,365545,z,circle.png,rect.png,circle.png,rect.png,[255, 255, 0],[0, 255, 0],45,90,2,1,3,0,nochange_col,z,1,testing
6,xyx,f,20,index,True,370259,371705,/,circle.png,triangle.png,circle.png,triangle.png,[255, 0, 0],[255, 255, 0],0,135,3,1,2,0,change_col,/,1,testing
6,xyx,f,20,index,True,376420,377817,z,triangle.png,rect.png,triangle.png,rect.png,[0, 255, 0],[255, 0, 0],135,90,2,1,3,0,nochange_ori,z,2,testing
6,xyx,f,20,index,True,382480,383369,z,circle.png,triangle.png,circle.png,triangle.png,[0, 0, 255],[255, 255, 0],135,45,3,1,2,0,change_col,/,1,testing
6,xyx,f,20,index,True,387991,389784,/,rect.png,circle.png,rect.png,circle.png,[0, 255, 0],[255, 0, 0],90,45,2,3,1,0,change_col,/,3,testing
6,xyx,f,20,index,True,394369,395160,/,triangle.png,circle.png,triangle.png,circle.png,[255, 0, 0],[0, 0, 255],0,45,0,3,2,1,change_col,/,1,testing
6,xyx,f,20,index,True,399796,402024,z,diamond.png,triangle.png,diamond.png,triangle.png,[255, 0, 0],[0, 255, 0],90,135,0,1,3,2,nochange_ori,z,2,testing
6,xyx,f,20,index,True,406742,408169,z,diamond.png,rect.png,diamond.png,rect.png,[0, 0, 255],[255, 255, 0],135,90,1,0,3,2,change_col,/,3,testing
6,xyx,f,20,index,True,412769,413512,z,triangle.png,rect.png,triangle.png,rect.png,[0, 0, 255],[255, 0, 0],135,0,1,0,3,2,nochange_col,z,3,testing
6,xyx,f,20,index,True,418213,419592,/,circle.png,triangle.png,circle.png,triangle.png,[255, 255, 0],[0, 255, 0],45,90,0,1,3,2,change_ori,/,0,testing
6,xyx,f,20,index,True,424324,425896,z,diamond.png,rect.png,diamond.png,rect.png,[0, 0, 255],[255, 255, 0],0,45,1,3,2,0,nochange_ori,z,0,testing
6,xyx,f,20,index,True,430502,431560,/,circle.png,rect.png,circle.png,rect.png,[0, 255, 0],[255, 255, 0],135,90,1,3,2,0,change_col,/,1,testing
6,xyx,f,20,index,True,436229,437864,/,triangle.png,circle.png,triangle.png,circle.png,[255, 0, 0],[0, 255, 0],135,90,0,3,2,1,nochange_col,z,1,testing
6,xyx,f,20,index,True,442457,443416,z,triangle.png,diamond.png,triangle.png,diamond.png,[255, 255, 0],[0, 0, 255],90,45,1,2,3,0,nochange_ori,z,0,testing
6,xyx,f,20,index,True,448084,449257,z,triangle.png,diamond.png,triangle.png,diamond.png,[255, 0, 0],[255, 255, 0],45,135,1,3,2,0,nochange_ori,z,0,testing
6,xyx,f,20,index,True,453894,455512,/,rect.png,triangle.png,rect.png,triangle.png,[0, 0, 255],[0, 255, 0],135,90,0,3,2,1,nochange_ori,z,2,testing
6,xyx,f,20,index,True,460123,460856,z,diamond.png,rect.png,diamond.png,rect.png,[255, 0, 0],[0, 255, 0],0,90,3,0,1,2,change_col,/,1,testing
6,xyx,f,20,index,True,465466,469177,z,rect.png,diamond.png,rect.png,diamond.png,[0, 0, 255],[0, 255, 0],90,0,2,3,0,1,nochange_ori,z,0,testing
6,xyx,f,20,index,True,473898,474856,z,triangle.png,rect.png,triangle.png,rect.png,[255, 255, 0],[0, 0, 255],90,135,0,2,3,1,nochange_ori,z,2,testing
6,xyx,f,20,index,True,479558,480663,/,diamond.png,triangle.png,diamond.png,triangle.png,[0, 255, 0],[0, 0, 255],90,0,0,1,2,3,change_col,/,3,testing
6,xyx,f,20,index,True,485252,486695,z,circle.png,diamond.png,circle.png,diamond.png,[0, 255, 0],[255, 0, 0],0,135,3,0,1,2,nochange_ori,z,2,testing
6,xyx,f,20,index,True,491397,493639,z,triangle.png,rect.png,triangle.png,rect.png,[0, 255, 0],[0, 0, 255],135,90,0,1,2,3,nochange_ori,z,0,testing
6,xyx,f,20,index,True,498326,499256,z,rect.png,triangle.png,rect.png,triangle.png,[0, 0, 255],[0, 255, 0],135,90,0,1,2,3,nochange_ori,z,2,testing
6,xyx,f,20,index,True,503986,505272,/,triangle.png,rect.png,triangle.png,rect.png,[0, 0, 255],[0, 255, 0],135,0,1,3,2,0,change_col,/,3,testing
6,xyx,f,20,index,True,509914,510855,/,rect.png,diamond.png,rect.png,diamond.png,[255, 255, 0],[0, 0, 255],90,0,3,1,0,2,change_ori,/,0,testing
6,xyx,f,20,index,True,515541,516471,z,rect.png,triangle.png,rect.png,triangle.png,[0, 0, 255],[0, 255, 0],135,45,1,3,2,0,change_ori,/,2,testing
6,xyx,f,20,index,True,521068,522328,z,triangle.png,rect.png,triangle.png,rect.png,[0, 255, 0],[0, 0, 255],135,0,0,2,3,1,change_ori,/,2,testing
6,xyx,f,20,index,True,526928,527704,z,triangle.png,diamond.png,triangle.png,diamond.png,[0, 255, 0],[0, 0, 255],90,45,2,0,1,3,nochange_ori,z,0,testing
6,xyx,f,20,index,True,532388,534200,z,rect.png,diamond.png,rect.png,diamond.png,[255, 0, 0],[0, 0, 255],90,0,3,1,0,2,nochange_col,z,1,testing
6,xyx,f,20,index,True,538867,540471,/,circle.png,rect.png,circle.png,rect.png,[255, 0, 0],[255, 255, 0],135,90,3,2,0,1,nochange_ori,z,0,testing
6,xyx,f,20,index,True,545079,546263,z,diamond.png,circle.png,diamond.png,circle.png,[255, 255, 0],[255, 0, 0],90,45,0,3,1,2,nochange_col,z,1,testing
6,xyx,f,20,index,True,551023,552279,z,diamond.png,triangle.png,diamond.png,triangle.png,[255, 0, 0],[0, 0, 255],135,0,2,3,1,0,nochange_col,z,1,testing
6,xyx,f,20,index,True,556884,558551,z,rect.png,triangle.png,rect.png,triangle.png,[255, 255, 0],[0, 255, 0],135,0,1,0,2,3,change_ori,/,0,testing
6,xyx,f,20,index,True,563228,564088,z,triangle.png,rect.png,triangle.png,rect.png,[0, 255, 0],[0, 0, 255],90,45,0,3,1,2,nochange_ori,z,2,testing
6,xyx,f,20,index,True,568672,569815,z,circle.png,diamond.png,circle.png,diamond.png,[0, 0, 255],[255, 0, 0],0,45,1,2,0,3,nochange_col,z,1,testing
6,xyx,f,20,index,True,574566,575479,/,diamond.png,triangle.png,diamond.png,triangle.png,[255, 0, 0],[0, 0, 255],135,45,0,3,2,1,nochange_ori,z,0,testing
6,xyx,f,20,index,True,580109,580823,z,rect.png,triangle.png,rect.png,triangle.png,[0, 0, 255],[255, 255, 0],135,45,2,0,3,1,nochange_col,z,3,testing
6,xyx,f,20,index,True,585420,586487,z,circle.png,triangle.png,circle.png,triangle.png,[0, 255, 0],[255, 255, 0],45,135,2,3,0,1,nochange_col,z,1,testing
6,xyx,f,20,index,True,591230,593384,z,diamond.png,circle.png,diamond.png,circle.png,[0, 0, 255],[255, 255, 0],45,90,0,1,2,3,change_ori,/,2,testing
6,xyx,f,20,index,True,598009,600486,/,circle.png,rect.png,circle.png,rect.png,[255, 0, 0],[0, 0, 255],90,135,3,2,0,1,change_ori,/,0,testing
6,xyx,f,20,index,True,605189,606087,/,circle.png,triangle.png,circle.png,triangle.png,[0, 0, 255],[255, 255, 0],135,0,1,3,2,0,change_ori,/,0,testing
6,xyx,f,20,index,True,610682,611702,/,diamond.png,circle.png,diamond.png,circle.png,[255, 0, 0],[255, 255, 0],0,135,1,3,0,2,change_ori,/,2,testing
6,xyx,f,20,index,True,616392,617351,/,triangle.png,diamond.png,triangle.png,diamond.png,[0, 0, 255],[0, 255, 0],0,90,1,0,2,3,change_ori,/,0,testing
6,xyx,f,20,index,True,622036,622886,/,triangle.png,circle.png,triangle.png,circle.png,[0, 0, 255],[0, 255, 0],45,90,2,1,3,0,nochange_col,z,1,testing
6,xyx,f,20,index,True,627463,627943,z,triangle.png,rect.png,triangle.png,rect.png,[0, 255, 0],[255, 255, 0],0,135,2,3,1,0,nochange_col,z,1,testing
6,xyx,f,20,index,True,632673,633719,/,circle.png,diamond.png,circle.png,diamond.png,[255, 255, 0],[255, 0, 0],0,90,1,0,2,3,nochange_ori,z,0,testing
6,xyx,f,20,index,True,638366,639478,z,triangle.png,diamond.png,triangle.png,diamond.png,[255, 255, 0],[255, 0, 0],135,0,2,1,3,0,nochange_ori,z,0,testing
6,xyx,f,20,index,True,644211,647447,z,triangle.png,circle.png,triangle.png,circle.png,[255, 255, 0],[0, 0, 255],135,0,3,1,0,2,nochange_col,z,3,testing
6,xyx,f,20,index,True,652024,653062,/,diamond.png,circle.png,diamond.png,circle.png,[0, 255, 0],[255, 0, 0],45,90,3,2,1,0,change_ori,/,2,testing
6,xyx,f,20,index,True,657785,659190,z,rect.png,diamond.png,rect.png,diamond.png,[0, 0, 255],[255, 0, 0],0,45,3,2,0,1,nochange_ori,z,0,testing
6,xyx,f,20,index,True,663813,665894,z,rect.png,circle.png,rect.png,circle.png,[0, 0, 255],[255, 255, 0],135,90,2,0,3,1,change_ori,/,0,testing
6,xyx,f,20,index,True,670459,671447,/,triangle.png,diamond.png,triangle.png,diamond.png,[255, 255, 0],[255, 0, 0],135,0,2,1,3,0,change_col,/,3,testing
6,xyx,f,20,index,True,707643,708406,/,triangle.png,circle.png,triangle.png,circle.png,[255, 255, 0],[255, 0, 0],45,135,2,1,0,3,change_col,/,1,testing
6,xyx,f,20,index,True,713003,714822,z,triangle.png,diamond.png,triangle.png,diamond.png,[255, 255, 0],[0, 0, 255],90,45,2,3,0,1,nochange_col,z,3,testing
6,xyx,f,20,index,True,719431,720598,z,triangle.png,diamond.png,triangle.png,diamond.png,[0, 255, 0],[0, 0, 255],45,135,2,1,0,3,nochange_ori,z,2,testing
6,xyx,f,20,index,True,725225,727510,z,circle.png,triangle.png,circle.png,triangle.png,[255, 0, 0],[0, 255, 0],135,90,0,2,1,3,nochange_ori,z,2,testing
6,xyx,f,20,index,True,732188,733270,/,circle.png,rect.png,circle.png,rect.png,[0, 255, 0],[0, 0, 255],45,135,1,3,2,0,change_col,/,3,testing
6,xyx,f,20,index,True,738015,739078,/,triangle.png,rect.png,triangle.png,rect.png,[0, 255, 0],[255, 255, 0],45,135,3,1,0,2,change_ori,/,0,testing
6,xyx,f,20,index,True,743642,744710,z,diamond.png,rect.png,diamond.png,rect.png,[0, 0, 255],[255, 0, 0],0,45,2,0,3,1,change_ori,/,2,testing
6,xyx,f,20,index,True,749320,752261,/,circle.png,diamond.png,circle.png,diamond.png,[255, 0, 0],[0, 255, 0],90,45,3,0,2,1,change_col,/,1,testing
6,xyx,f,20,index,True,757001,760118,z,diamond.png,circle.png,diamond.png,circle.png,[255, 0, 0],[0, 255, 0],0,90,2,1,3,0,nochange_col,z,1,testing
6,xyx,f,20,index,True,764715,765493,z,diamond.png,triangle.png,diamond.png,triangle.png,[0, 0, 255],[255, 255, 0],45,0,3,0,2,1,change_ori,/,2,testing
6,xyx,f,20,index,True,770224,771030,z,circle.png,rect.png,circle.png,rect.png,[0, 255, 0],[255, 0, 0],135,90,3,0,2,1,nochange_ori,z,0,testing
6,xyx,f,20,index,True,775651,776437,/,circle.png,diamond.png,circle.png,diamond.png,[0, 255, 0],[255, 0, 0],0,90,0,2,1,3,change_col,/,1,testing
6,xyx,f,20,index,True,781212,782885,z,rect.png,circle.png,rect.png,circle.png,[0, 255, 0],[0, 0, 255],135,0,1,0,3,2,change_col,/,1,testing
6,xyx,f,20,index,True,787473,788517,z,circle.png,diamond.png,circle.png,diamond.png,[0, 255, 0],[255, 0, 0],45,135,0,2,1,3,change_ori,/,2,testing
6,xyx,f,20,index,True,793117,794245,/,circle.png,diamond.png,circle.png,diamond.png,[255, 255, 0],[0, 0, 255],0,45,2,0,3,1,change_col,/,1,testing
6,xyx,f,20,index,True,798844,800166,z,diamond.png,circle.png,diamond.png,circle.png,[0, 255, 0],[255, 255, 0],135,0,2,0,1,3,nochange_col,z,3,testing
6,xyx,f,20,index,True,804771,805397,z,triangle.png,circle.png,triangle.png,circle.png,[0, 255, 0],[255, 0, 0],45,90,2,1,0,3,change_ori,/,2,testing
6,xyx,f,20,index,True,810165,811285,z,circle.png,diamond.png,circle.png,diamond.png,[0, 255, 0],[255, 255, 0],45,90,2,1,3,0,nochange_col,z,1,testing
6,xyx,f,20,index,True,815875,816789,z,rect.png,diamond.png,rect.png,diamond.png,[255, 255, 0],[0, 0, 255],90,45,0,2,3,1,nochange_ori,z,0,testing
6,xyx,f,20,index,True,821385,821830,/,triangle.png,rect.png,triangle.png,rect.png,[255, 255, 0],[255, 0, 0],45,0,1,0,2,3,nochange_ori,z,0,testing
6,xyx,f,20,index,True,826427,827013,z,triangle.png,diamond.png,triangle.png,diamond.png,[0, 255, 0],[255, 0, 0],0,45,3,2,0,1,nochange_ori,z,0,testing
6,xyx,f,20,index,True,831755,832374,z,triangle.png,circle.png,triangle.png,circle.png,[0, 0, 255],[0, 255, 0],45,135,2,0,3,1,change_col,/,1,testing
6,xyx,f,20,index,True,837013,837750,/,diamond.png,triangle.png,diamond.png,triangle.png,[255, 255, 0],[255, 0, 0],45,90,1,2,3,0,change_ori,/,2,testing
6,xyx,f,20,index,True,842407,842853,z,diamond.png,rect.png,diamond.png,rect.png,[0, 255, 0],[255, 0, 0],45,0,1,2,3,0,nochange_col,z,3,testing
6,xyx,f,20,index,True,847450,848885,z,triangle.png,rect.png,triangle.png,rect.png,[255, 0, 0],[0, 255, 0],45,135,3,0,2,1,nochange_col,z,1,testing
6,xyx,f,20,index,True,853611,854741,/,diamond.png,circle.png,diamond.png,circle.png,[255, 255, 0],[255, 0, 0],45,135,2,1,3,0,nochange_col,z,1,testing
6,xyx,f,20,index,True,859438,860021,z,rect.png,circle.png,rect.png,circle.png,[0, 0, 255],[0, 255, 0],45,90,3,2,1,0,nochange_ori,z,2,testing
6,xyx,f,20,index,True,864597,865349,z,rect.png,diamond.png,rect.png,diamond.png,[255, 0, 0],[0, 0, 255],0,135,0,1,2,3,change_col,/,3,testing
6,xyx,f,20,index,True,869958,870917,z,diamond.png,triangle.png,diamond.png,triangle.png,[0, 0, 255],[0, 255, 0],135,0,2,0,1,3,nochange_ori,z,0,testing
6,xyx,f,20,index,True,875568,876165,/,circle.png,rect.png,circle.png,rect.png,[255, 0, 0],[0, 0, 255],90,0,1,3,2,0,change_col,/,3,testing
6,xyx,f,20,index,True,880844,881701,z,rect.png,circle.png,rect.png,circle.png,[255, 0, 0],[0, 0, 255],45,135,3,1,0,2,nochange_col,z,3,testing
6,xyx,f,20,index,True,886421,887669,/,diamond.png,circle.png,diamond.png,circle.png,[0, 0, 255],[255, 0, 0],45,135,0,3,2,1,change_ori,/,0,testing
6,xyx,f,20,index,True,892332,895764,z,diamond.png,circle.png,diamond.png,circle.png,[0, 0, 255],[255, 0, 0],0,90,3,2,1,0,nochange_col,z,1,testing
6,xyx,f,20,index,True,900497,903381,/,triangle.png,diamond.png,triangle.png,diamond.png,[0, 0, 255],[0, 255, 0],90,45,1,3,0,2,change_ori,/,0,testing
6,xyx,f,20,index,True,907994,909237,z,rect.png,triangle.png,rect.png,triangle.png,[255, 0, 0],[0, 255, 0],90,45,0,1,2,3,nochange_ori,z,0,testing
6,xyx,f,20,index,True,913854,914773,z,triangle.png,rect.png,triangle.png,rect.png,[255, 255, 0],[0, 255, 0],90,0,0,3,1,2,nochange_ori,z,0,testing
6,xyx,f,20,index,True,919431,920325,/,triangle.png,diamond.png,triangle.png,diamond.png,[255, 0, 0],[255, 255, 0],0,135,1,3,0,2,nochange_col,z,1,testing
6,xyx,f,20,index,True,925075,926388,z,diamond.png,triangle.png,diamond.png,triangle.png,[0, 255, 0],[0, 0, 255],45,135,2,1,3,0,nochange_ori,z,0,testing
6,xyx,f,20,index,True,931052,933045,z,triangle.png,diamond.png,triangle.png,diamond.png,[255, 0, 0],[255, 255, 0],45,0,3,1,2,0,change_ori,/,2,testing
6,xyx,f,20,index,True,937732,938789,z,rect.png,triangle.png,rect.png,triangle.png,[0, 0, 255],[0, 255, 0],45,90,0,2,1,3,change_col,/,1,testing
6,xyx,f,20,index,True,943376,946020,/,diamond.png,triangle.png,diamond.png,triangle.png,[255, 255, 0],[0, 0, 255],0,45,1,0,2,3,nochange_col,z,3,testing
6,xyx,f,20,index,True,950756,951604,z,triangle.png,rect.png,triangle.png,rect.png,[0, 255, 0],[255, 0, 0],135,90,0,3,2,1,nochange_col,z,1,testing
6,xyx,f,20,index,True,956283,957348,z,circle.png,triangle.png,circle.png,triangle.png,[255, 0, 0],[0, 0, 255],45,90,3,0,2,1,change_ori,/,0,testing
6,xyx,f,20,index,True,962010,963173,z,diamond.png,triangle.png,diamond.png,triangle.png,[255, 255, 0],[255, 0, 0],135,90,0,1,2,3,change_ori,/,0,testing
6,xyx,f,20,index,True,967820,968724,/,rect.png,triangle.png,rect.png,triangle.png,[255, 255, 0],[0, 0, 255],90,135,2,0,3,1,change_ori,/,0,testing
6,xyx,f,20,index,True,973381,976308,z,rect.png,diamond.png,rect.png,diamond.png,[255, 255, 0],[0, 0, 255],45,90,2,3,1,0,nochange_ori,z,2,testing
6,xyx,f,20,index,True,980894,981589,z,triangle.png,diamond.png,triangle.png,diamond.png,[255, 0, 0],[0, 255, 0],135,0,2,1,3,0,nochange_col,z,3,testing
6,xyx,f,20,index,True,986271,987012,/,rect.png,triangle.png,rect.png,triangle.png,[0, 255, 0],[255, 0, 0],135,45,3,1,0,2,change_col,/,1,testing
6,xyx,f,20,index,True,991581,992372,z,rect.png,triangle.png,rect.png,triangle.png,[0, 0, 255],[255, 0, 0],90,45,2,3,0,1,nochange_col,z,3,testing
6,xyx,f,20,index,True,996991,997524,z,diamond.png,triangle.png,diamond.png,triangle.png,[255, 255, 0],[0, 0, 255],0,45,1,2,0,3,change_col,/,3,testing
6,xyx,f,20,index,True,1002134,1002772,z,diamond.png,triangle.png,diamond.png,triangle.png,[255, 255, 0],[255, 0, 0],135,45,1,3,0,2,nochange_ori,z,0,testing
6,xyx,f,20,index,True,1007526,1008372,/,diamond.png,triangle.png,diamond.png,triangle.png,[255, 255, 0],[0, 0, 255],90,135,3,2,1,0,change_ori,/,0,testing
6,xyx,f,20,index,True,1012986,1013779,/,triangle.png,rect.png,triangle.png,rect.png,[255, 0, 0],[0, 255, 0],135,45,3,1,0,2,change_col,/,1,testing
6,xyx,f,20,index,True,1018346,1020420,/,circle.png,triangle.png,circle.png,triangle.png,[255, 255, 0],[255, 0, 0],45,0,0,1,3,2,nochange_col,z,1,testing
6,xyx,f,20,index,True,1025176,1025860,z,circle.png,diamond.png,circle.png,diamond.png,[255, 0, 0],[0, 0, 255],135,45,2,0,1,3,nochange_col,z,1,testing
6,xyx,f,20,index,True,1030452,1031219,z,rect.png,diamond.png,rect.png,diamond.png,[0, 0, 255],[255, 0, 0],90,0,2,0,1,3,nochange_col,z,3,testing
6,xyx,f,20,index,True,1035912,1036612,z,circle.png,rect.png,circle.png,rect.png,[0, 255, 0],[255, 255, 0],90,45,2,3,1,0,nochange_ori,z,2,testing
6,xyx,f,20,index,True,1041205,1043124,/,diamond.png,triangle.png,diamond.png,triangle.png,[0, 255, 0],[255, 0, 0],0,45,3,2,1,0,change_ori,/,2,testing
6,xyx,f,20,index,True,1047834,1049044,z,triangle.png,diamond.png,triangle.png,diamond.png,[0, 0, 255],[255, 255, 0],0,45,1,2,0,3,nochange_col,z,1,testing
6,xyx,f,20,index,True,1053761,1054643,/,circle.png,rect.png,circle.png,rect.png,[0, 0, 255],[255, 0, 0],45,135,1,3,2,0,change_col,/,1,testing
6,xyx,f,20,index,True,1059221,1059988,z,circle.png,triangle.png,circle.png,triangle.png,[255, 255, 0],[0, 255, 0],0,135,0,1,2,3,change_col,/,1,testing
6,xyx,f,20,index,True,1064632,1065555,z,triangle.png,diamond.png,triangle.png,diamond.png,[0, 0, 255],[0, 255, 0],0,135,1,2,0,3,change_ori,/,0,testing
6,xyx,f,20,index,True,1070158,1071235,z,triangle.png,rect.png,triangle.png,rect.png,[0, 255, 0],[0, 0, 255],45,135,2,0,1,3,nochange_ori,z,0,testing
6,xyx,f,20,index,True,1075885,1077523,/,circle.png,rect.png,circle.png,rect.png,[0, 255, 0],[255, 0, 0],0,90,1,2,0,3,change_col,/,3,testing
6,xyx,f,20,index,True,1082163,1083363,z,circle.png,rect.png,circle.png,rect.png,[0, 0, 255],[0, 255, 0],45,90,3,2,1,0,nochange_ori,z,2,testing
6,xyx,f,20,index,True,1088041,1088899,z,diamond.png,circle.png,diamond.png,circle.png,[0, 0, 255],[255, 0, 0],45,90,1,0,3,2,nochange_col,z,1,testing
6,xyx,f,20,index,True,1093484,1093890,/,circle.png,triangle.png,circle.png,triangle.png,[255, 0, 0],[0, 255, 0],135,0,3,2,1,0,change_ori,/,0,testing
6,xyx,f,20,index,True,1098527,1099059,z,circle.png,diamond.png,circle.png,diamond.png,[0, 0, 255],[255, 255, 0],45,135,2,3,0,1,change_ori,/,0,testing
6,xyx,f,20,index,True,1103719,1104387,z,circle.png,triangle.png,circle.png,triangle.png,[0, 255, 0],[255, 255, 0],135,90,0,3,1,2,change_ori,/,0,testing
6,xyx,f,20,index,True,1109096,1109844,z,rect.png,diamond.png,rect.png,diamond.png,[0, 0, 255],[255, 255, 0],135,90,2,1,0,3,nochange_ori,z,0,testing
6,xyx,f,20,index,True,1114589,1115427,/,triangle.png,rect.png,triangle.png,rect.png,[255, 255, 0],[0, 255, 0],45,135,1,2,3,0,change_ori,/,0,testing
6,xyx,f,20,index,True,1120083,1121667,z,rect.png,circle.png,rect.png,circle.png,[255, 0, 0],[0, 255, 0],90,0,0,1,3,2,change_col,/,1,testing
6,xyx,f,20,index,True,1126361,1127811,/,circle.png,triangle.png,circle.png,triangle.png,[255, 0, 0],[255, 255, 0],90,0,2,3,1,0,nochange_ori,z,2,testing
6,xyx,f,20,index,True,1132439,1133347,z,circle.png,rect.png,circle.png,rect.png,[0, 255, 0],[255, 255, 0],90,45,2,0,3,1,nochange_col,z,3,testing
6,xyx,f,20,index,True,1138099,1138851,z,diamond.png,rect.png,diamond.png,rect.png,[0, 255, 0],[255, 0, 0],0,90,2,3,1,0,nochange_ori,z,2,testing
6,xyx,f,20,index,True,1143475,1144595,/,triangle.png,diamond.png,triangle.png,diamond.png,[255, 0, 0],[0, 255, 0],0,135,2,3,1,0,change_col,/,3,testing
6,xyx,f,20,index,True,1149286,1151970,/,diamond.png,triangle.png,diamond.png,triangle.png,[0, 255, 0],[255, 0, 0],135,45,1,3,0,2,change_col,/,3,testing
6,xyx,f,20,index,True,1156667,1158307,/,diamond.png,triangle.png,diamond.png,triangle.png,[255, 0, 0],[0, 0, 255],45,0,3,1,2,0,change_col,/,3,testing
6,xyx,f,20,index,True,1162978,1164035,z,circle.png,triangle.png,circle.png,triangle.png,[0, 255, 0],[255, 255, 0],0,45,1,0,2,3,change_ori,/,2,testing
6,xyx,f,20,index,True,1168655,1169603,z,rect.png,circle.png,rect.png,circle.png,[0, 0, 255],[0, 255, 0],45,135,1,0,2,3,nochange_ori,z,0,testing
