subj,name,gender,age,cond,P_resp,P_startTime,P_respTime,P_gotKey,shape1,shape2,shape3,shape4,color1,color2,color3,color4ori1,ori2,ori3,ori4ord_1,ord_2,ord_3,ord_4,task,correct_key,no_change,mode
7,my,f,19,index,True,60642,62431,z,circle.png,rect.png,circle.png,rect.png,[255, 0, 0],[0, 255, 0],0,90,0,1,3,2,nochange_ori,z,0,practice
7,my,f,19,index,True,67155,68096,z,triangle.png,circle.png,triangle.png,circle.png,[255, 0, 0],[0, 0, 255],135,45,3,0,1,2,nochange_col,z,3,practice
7,my,f,19,index,True,72698,75871,z,triangle.png,rect.png,triangle.png,rect.png,[0, 255, 0],[0, 0, 255],45,90,1,2,0,3,nochange_ori,z,2,practice
7,my,f,19,index,True,80629,81679,z,circle.png,diamond.png,circle.png,diamond.png,[0, 0, 255],[255, 255, 0],45,0,0,1,2,3,nochange_col,z,3,practice
7,my,f,19,index,True,86306,87743,/,triangle.png,diamond.png,triangle.png,diamond.png,[0, 255, 0],[255, 255, 0],90,135,2,0,1,3,change_col,/,3,practice
7,my,f,19,index,True,92351,93711,/,diamond.png,rect.png,diamond.png,rect.png,[255, 0, 0],[0, 0, 255],135,45,0,3,2,1,change_ori,/,2,practice
7,my,f,19,index,True,98294,100078,/,triangle.png,diamond.png,triangle.png,diamond.png,[0, 0, 255],[255, 0, 0],0,135,3,0,1,2,change_ori,/,0,practice
7,my,f,19,index,True,104740,106511,/,rect.png,circle.png,rect.png,circle.png,[0, 0, 255],[0, 255, 0],0,45,1,2,3,0,change_ori,/,2,practice
7,my,f,19,index,True,111152,112320,z,rect.png,diamond.png,rect.png,diamond.png,[255, 0, 0],[0, 255, 0],45,90,3,2,1,0,nochange_col,z,3,practice
7,my,f,19,index,True,116946,118863,z,diamond.png,triangle.png,diamond.png,triangle.png,[255, 0, 0],[0, 0, 255],135,45,0,3,1,2,nochange_ori,z,0,practice
7,my,f,19,index,True,123490,125311,/,rect.png,triangle.png,rect.png,triangle.png,[255, 0, 0],[255, 255, 0],0,135,3,1,2,0,change_col,/,3,practice
7,my,f,19,index,True,130020,131679,/,rect.png,triangle.png,rect.png,triangle.png,[255, 0, 0],[255, 255, 0],0,90,3,1,2,0,change_col,/,1,practice
7,my,f,19,index,True,136398,137759,z,triangle.png,rect.png,triangle.png,rect.png,[255, 255, 0],[0, 255, 0],90,135,0,2,1,3,nochange_col,z,3,practice
7,my,f,19,index,True,142492,143839,/,circle.png,triangle.png,circle.png,triangle.png,[0, 255, 0],[0, 0, 255],90,0,1,0,3,2,change_col,/,3,practice
7,my,f,19,index,True,148453,150319,/,circle.png,diamond.png,circle.png,diamond.png,[255, 255, 0],[0, 0, 255],135,45,1,0,3,2,change_ori,/,0,practice
7,my,f,19,index,True,155049,157007,/,diamond.png,triangle.png,diamond.png,triangle.png,[0, 0, 255],[255, 255, 0],135,90,1,0,3,2,change_ori,/,2,practice
7,my,f,19,index,True,161627,163599,z,diamond.png,rect.png,diamond.png,rect.png,[0, 0, 255],[0, 255, 0],0,135,3,2,1,0,nochange_ori,z,2,practice
7,my,f,19,index,True,168357,170414,z,circle.png,diamond.png,circle.png,diamond.png,[255, 0, 0],[255, 255, 0],45,135,1,0,3,2,nochange_ori,z,2,practice
7,my,f,19,index,True,175002,176303,z,rect.png,diamond.png,rect.png,diamond.png,[255, 255, 0],[255, 0, 0],90,45,3,2,0,1,nochange_col,z,3,practice
7,my,f,19,index,True,181064,182559,/,triangle.png,rect.png,triangle.png,rect.png,[0, 255, 0],[255, 0, 0],0,90,3,2,1,0,change_col,/,1,practice
7,my,f,19,index,True,201317,203054,/,triangle.png,circle.png,triangle.png,circle.png,[0, 255, 0],[255, 255, 0],45,0,3,1,0,2,change_ori,/,0,testing
7,my,f,19,index,True,207762,209230,z,rect.png,diamond.png,rect.png,diamond.png,[255, 0, 0],[0, 0, 255],135,45,0,3,1,2,nochange_ori,z,2,testing
7,my,f,19,index,True,214007,215023,z,diamond.png,triangle.png,diamond.png,triangle.png,[255, 0, 0],[0, 0, 255],45,0,0,1,2,3,nochange_col,z,1,testing
7,my,f,19,index,True,219768,221102,/,triangle.png,circle.png,triangle.png,circle.png,[0, 255, 0],[0, 0, 255],135,90,3,0,1,2,change_col,/,3,testing
7,my,f,19,index,True,225695,227117,/,circle.png,diamond.png,circle.png,diamond.png,[0, 255, 0],[255, 255, 0],0,45,2,3,1,0,change_col,/,3,testing
7,my,f,19,index,True,231789,232766,z,diamond.png,triangle.png,diamond.png,triangle.png,[255, 255, 0],[0, 0, 255],0,135,2,1,0,3,nochange_col,z,3,testing
7,my,f,19,index,True,237366,238206,z,triangle.png,diamond.png,triangle.png,diamond.png,[0, 0, 255],[0, 255, 0],135,45,3,2,1,0,nochange_col,z,1,testing
7,my,f,19,index,True,242826,244558,/,triangle.png,circle.png,triangle.png,circle.png,[255, 0, 0],[255, 255, 0],0,90,0,2,3,1,change_col,/,3,testing
7,my,f,19,index,True,249204,250526,z,rect.png,diamond.png,rect.png,diamond.png,[0, 255, 0],[0, 0, 255],0,135,3,0,1,2,nochange_ori,z,2,testing
7,my,f,19,index,True,255099,256637,/,rect.png,circle.png,rect.png,circle.png,[255, 255, 0],[0, 255, 0],45,135,3,0,1,2,change_col,/,3,testing
7,my,f,19,index,True,261361,262526,z,triangle.png,circle.png,triangle.png,circle.png,[0, 255, 0],[255, 0, 0],90,45,1,2,3,0,nochange_col,z,1,testing
7,my,f,19,index,True,267104,269102,/,triangle.png,circle.png,triangle.png,circle.png,[0, 255, 0],[255, 255, 0],135,0,3,1,0,2,change_col,/,1,testing
7,my,f,19,index,True,273866,275374,z,circle.png,diamond.png,circle.png,diamond.png,[255, 0, 0],[0, 255, 0],90,45,3,1,2,0,nochange_col,z,1,testing
7,my,f,19,index,True,279994,282573,z,triangle.png,circle.png,triangle.png,circle.png,[0, 0, 255],[255, 255, 0],135,0,2,3,1,0,change_ori,/,0,testing
7,my,f,19,index,True,287308,289486,z,circle.png,diamond.png,circle.png,diamond.png,[255, 0, 0],[255, 255, 0],90,0,1,0,2,3,nochange_ori,z,2,testing
7,my,f,19,index,True,294104,295054,z,triangle.png,rect.png,triangle.png,rect.png,[255, 255, 0],[0, 255, 0],0,90,0,1,2,3,nochange_col,z,1,testing
7,my,f,19,index,True,299781,301437,/,circle.png,triangle.png,circle.png,triangle.png,[255, 255, 0],[0, 0, 255],0,90,3,0,1,2,change_ori,/,0,testing
7,my,f,19,index,True,306075,307182,z,circle.png,triangle.png,circle.png,triangle.png,[0, 0, 255],[0, 255, 0],135,0,0,3,1,2,nochange_col,z,3,testing
7,my,f,19,index,True,311919,313021,z,triangle.png,circle.png,triangle.png,circle.png,[0, 255, 0],[0, 0, 255],135,45,0,1,3,2,nochange_col,z,1,testing
7,my,f,19,index,True,317714,319438,/,circle.png,diamond.png,circle.png,diamond.png,[0, 255, 0],[255, 0, 0],135,45,3,0,2,1,change_ori,/,0,testing
7,my,f,19,index,True,324025,326173,/,diamond.png,circle.png,diamond.png,circle.png,[0, 255, 0],[255, 0, 0],0,135,3,0,2,1,change_ori,/,2,testing
7,my,f,19,index,True,330771,332829,/,triangle.png,circle.png,triangle.png,circle.png,[0, 255, 0],[0, 0, 255],135,45,3,0,2,1,change_ori,/,0,testing
7,my,f,19,index,True,337416,338589,/,rect.png,circle.png,rect.png,circle.png,[255, 0, 0],[0, 0, 255],0,45,3,0,1,2,change_col,/,3,testing
7,my,f,19,index,True,343294,345230,/,diamond.png,triangle.png,diamond.png,triangle.png,[0, 255, 0],[0, 0, 255],45,90,0,3,1,2,change_col,/,1,testing
7,my,f,19,index,True,349806,351437,z,circle.png,triangle.png,circle.png,triangle.png,[0, 255, 0],[255, 0, 0],90,45,3,1,0,2,nochange_ori,z,2,testing
7,my,f,19,index,True,356050,357949,/,triangle.png,circle.png,triangle.png,circle.png,[0, 0, 255],[255, 255, 0],90,135,3,0,2,1,change_ori,/,2,testing
7,my,f,19,index,True,362646,364429,z,circle.png,diamond.png,circle.png,diamond.png,[255, 0, 0],[0, 255, 0],135,45,2,1,0,3,nochange_ori,z,2,testing
7,my,f,19,index,True,369025,370925,/,triangle.png,diamond.png,triangle.png,diamond.png,[0, 0, 255],[0, 255, 0],135,90,0,1,3,2,change_ori,/,2,testing
7,my,f,19,index,True,375570,377021,/,rect.png,diamond.png,rect.png,diamond.png,[255, 255, 0],[0, 255, 0],45,0,1,3,2,0,change_col,/,1,testing
7,my,f,19,index,True,381631,383325,/,rect.png,diamond.png,rect.png,diamond.png,[255, 255, 0],[0, 0, 255],135,90,2,0,3,1,change_col,/,3,testing
7,my,f,19,index,True,387926,389629,/,triangle.png,diamond.png,triangle.png,diamond.png,[0, 0, 255],[255, 255, 0],90,0,2,3,1,0,change_col,/,3,testing
7,my,f,19,index,True,394304,396077,z,circle.png,rect.png,circle.png,rect.png,[255, 255, 0],[0, 0, 255],90,0,2,3,0,1,nochange_ori,z,2,testing
7,my,f,19,index,True,400699,402445,/,rect.png,diamond.png,rect.png,diamond.png,[0, 0, 255],[255, 0, 0],135,90,3,2,0,1,change_col,/,1,testing
7,my,f,19,index,True,407195,408861,z,circle.png,triangle.png,circle.png,triangle.png,[0, 255, 0],[255, 255, 0],45,135,1,3,2,0,nochange_ori,z,0,testing
7,my,f,19,index,True,413606,414989,z,triangle.png,rect.png,triangle.png,rect.png,[255, 255, 0],[255, 0, 0],0,45,1,3,2,0,nochange_ori,z,2,testing
7,my,f,19,index,True,419617,420717,z,circle.png,rect.png,circle.png,rect.png,[255, 255, 0],[255, 0, 0],135,0,2,3,1,0,nochange_col,z,1,testing
7,my,f,19,index,True,425361,426908,/,triangle.png,circle.png,triangle.png,circle.png,[0, 0, 255],[255, 0, 0],135,45,1,3,0,2,change_ori,/,2,testing
7,my,f,19,index,True,431472,433244,z,circle.png,diamond.png,circle.png,diamond.png,[0, 255, 0],[0, 0, 255],45,90,3,1,0,2,nochange_col,z,1,testing
7,my,f,19,index,True,437884,439676,z,rect.png,triangle.png,rect.png,triangle.png,[0, 0, 255],[255, 255, 0],90,135,0,1,2,3,nochange_ori,z,0,testing
7,my,f,19,index,True,444379,446076,/,diamond.png,triangle.png,diamond.png,triangle.png,[0, 0, 255],[0, 255, 0],0,135,3,0,2,1,change_ori,/,2,testing
7,my,f,19,index,True,450757,451901,z,diamond.png,triangle.png,diamond.png,triangle.png,[0, 0, 255],[255, 0, 0],90,0,1,2,3,0,nochange_col,z,3,testing
7,my,f,19,index,True,456618,457708,z,diamond.png,triangle.png,diamond.png,triangle.png,[255, 255, 0],[255, 0, 0],0,90,2,0,3,1,nochange_col,z,3,testing
7,my,f,19,index,True,462328,464044,/,triangle.png,rect.png,triangle.png,rect.png,[0, 0, 255],[255, 0, 0],45,90,0,2,1,3,change_ori,/,0,testing
7,my,f,19,index,True,468623,469916,/,circle.png,diamond.png,circle.png,diamond.png,[0, 0, 255],[255, 0, 0],45,90,0,3,2,1,change_col,/,1,testing
7,my,f,19,index,True,474652,477149,/,triangle.png,circle.png,triangle.png,circle.png,[255, 255, 0],[0, 255, 0],135,0,3,1,2,0,nochange_col,z,1,testing
7,my,f,19,index,True,481865,483452,z,triangle.png,rect.png,triangle.png,rect.png,[0, 0, 255],[255, 255, 0],0,135,2,1,3,0,nochange_ori,z,0,testing
7,my,f,19,index,True,488193,489212,z,diamond.png,circle.png,diamond.png,circle.png,[255, 0, 0],[255, 255, 0],90,135,1,0,2,3,nochange_col,z,1,testing
7,my,f,19,index,True,493786,495948,/,circle.png,rect.png,circle.png,rect.png,[0, 0, 255],[255, 255, 0],135,90,0,3,1,2,change_ori,/,0,testing
7,my,f,19,index,True,500649,502124,z,rect.png,triangle.png,rect.png,triangle.png,[0, 255, 0],[255, 255, 0],45,90,0,1,3,2,nochange_ori,z,0,testing
7,my,f,19,index,True,506811,508060,z,rect.png,triangle.png,rect.png,triangle.png,[255, 0, 0],[0, 255, 0],45,90,3,2,1,0,nochange_ori,z,2,testing
7,my,f,19,index,True,512671,513644,z,circle.png,rect.png,circle.png,rect.png,[255, 255, 0],[255, 0, 0],0,90,1,0,3,2,nochange_col,z,1,testing
7,my,f,19,index,True,518298,519468,z,triangle.png,rect.png,triangle.png,rect.png,[255, 0, 0],[255, 255, 0],135,90,1,3,2,0,nochange_ori,z,2,testing
7,my,f,19,index,True,524142,525659,/,diamond.png,rect.png,diamond.png,rect.png,[0, 0, 255],[0, 255, 0],0,45,0,3,1,2,change_ori,/,2,testing
7,my,f,19,index,True,530303,531356,/,circle.png,triangle.png,circle.png,triangle.png,[0, 255, 0],[0, 0, 255],135,45,0,2,3,1,change_col,/,3,testing
7,my,f,19,index,True,536014,537628,z,rect.png,triangle.png,rect.png,triangle.png,[0, 255, 0],[255, 0, 0],135,90,2,1,0,3,nochange_ori,z,2,testing
7,my,f,19,index,True,542375,544380,/,triangle.png,circle.png,triangle.png,circle.png,[0, 255, 0],[0, 0, 255],45,135,2,1,0,3,change_col,/,1,testing
7,my,f,19,index,True,549105,551707,/,triangle.png,rect.png,triangle.png,rect.png,[0, 255, 0],[255, 0, 0],90,135,3,0,2,1,change_ori,/,2,testing
7,my,f,19,index,True,556301,557564,/,circle.png,diamond.png,circle.png,diamond.png,[255, 0, 0],[255, 255, 0],0,135,1,3,0,2,change_col,/,3,testing
7,my,f,19,index,True,562229,563579,/,triangle.png,diamond.png,triangle.png,diamond.png,[255, 0, 0],[0, 0, 255],0,45,3,0,2,1,change_col,/,3,testing
7,my,f,19,index,True,568157,570156,/,triangle.png,diamond.png,triangle.png,diamond.png,[0, 255, 0],[255, 255, 0],135,0,0,1,3,2,change_ori,/,0,testing
7,my,f,19,index,True,574835,576379,z,diamond.png,circle.png,diamond.png,circle.png,[255, 255, 0],[0, 0, 255],0,135,2,1,3,0,nochange_col,z,1,testing
7,my,f,19,index,True,581046,582652,z,triangle.png,rect.png,triangle.png,rect.png,[255, 0, 0],[0, 255, 0],45,0,1,3,2,0,nochange_col,z,3,testing
7,my,f,19,index,True,587291,589148,z,rect.png,circle.png,rect.png,circle.png,[255, 255, 0],[0, 0, 255],0,90,2,0,1,3,nochange_ori,z,0,testing
7,my,f,19,index,True,593820,595772,z,triangle.png,circle.png,triangle.png,circle.png,[0, 0, 255],[255, 255, 0],45,135,0,1,2,3,nochange_ori,z,0,testing
7,my,f,19,index,True,600365,602156,z,diamond.png,rect.png,diamond.png,rect.png,[0, 0, 255],[255, 0, 0],90,135,0,1,3,2,nochange_col,z,1,testing
7,my,f,19,index,True,606810,607659,z,triangle.png,rect.png,triangle.png,rect.png,[0, 0, 255],[255, 0, 0],0,45,3,2,0,1,nochange_col,z,3,testing
7,my,f,19,index,True,612404,613724,/,diamond.png,rect.png,diamond.png,rect.png,[255, 0, 0],[0, 255, 0],135,90,2,1,0,3,change_col,/,3,testing
7,my,f,19,index,True,618348,620444,/,circle.png,triangle.png,circle.png,triangle.png,[255, 0, 0],[255, 255, 0],90,0,2,3,1,0,change_ori,/,2,testing
7,my,f,19,index,True,625127,626363,z,rect.png,circle.png,rect.png,circle.png,[255, 255, 0],[0, 0, 255],45,135,3,0,1,2,nochange_col,z,1,testing
7,my,f,19,index,True,631038,632683,/,rect.png,circle.png,rect.png,circle.png,[0, 255, 0],[0, 0, 255],90,0,0,1,2,3,change_ori,/,0,testing
7,my,f,19,index,True,637416,639259,z,circle.png,triangle.png,circle.png,triangle.png,[0, 0, 255],[0, 255, 0],45,90,1,0,3,2,nochange_ori,z,2,testing
7,my,f,19,index,True,643862,645099,z,diamond.png,circle.png,diamond.png,circle.png,[255, 0, 0],[255, 255, 0],135,45,0,3,1,2,nochange_ori,z,2,testing
7,my,f,19,index,True,649755,650939,/,diamond.png,triangle.png,diamond.png,triangle.png,[0, 0, 255],[255, 255, 0],0,90,2,1,3,0,change_col,/,1,testing
7,my,f,19,index,True,655666,657355,/,circle.png,triangle.png,circle.png,triangle.png,[0, 0, 255],[255, 255, 0],135,90,1,3,2,0,change_ori,/,2,testing
7,my,f,19,index,True,661945,663691,/,rect.png,circle.png,rect.png,circle.png,[255, 0, 0],[0, 0, 255],45,0,1,2,0,3,change_ori,/,2,testing
7,my,f,19,index,True,668323,670059,/,rect.png,circle.png,rect.png,circle.png,[0, 255, 0],[255, 0, 0],0,135,3,0,1,2,change_col,/,1,testing
7,my,f,19,index,True,674652,676715,z,rect.png,triangle.png,rect.png,triangle.png,[0, 0, 255],[255, 255, 0],135,45,2,1,3,0,nochange_ori,z,0,testing
7,my,f,19,index,True,681464,683034,z,circle.png,triangle.png,circle.png,triangle.png,[0, 255, 0],[255, 255, 0],90,0,3,1,0,2,nochange_ori,z,0,testing
7,my,f,19,index,True,687609,689339,/,rect.png,triangle.png,rect.png,triangle.png,[255, 255, 0],[0, 0, 255],45,90,2,3,1,0,change_col,/,1,testing
7,my,f,19,index,True,694087,695931,/,triangle.png,rect.png,triangle.png,rect.png,[0, 255, 0],[0, 0, 255],90,45,1,0,3,2,change_ori,/,2,testing
7,my,f,19,index,True,714090,715706,/,diamond.png,circle.png,diamond.png,circle.png,[255, 255, 0],[255, 0, 0],90,45,3,0,1,2,change_ori,/,0,testing
7,my,f,19,index,True,720335,722858,/,diamond.png,rect.png,diamond.png,rect.png,[255, 0, 0],[255, 255, 0],135,0,1,0,2,3,change_ori,/,2,testing
7,my,f,19,index,True,727448,728922,z,rect.png,triangle.png,rect.png,triangle.png,[255, 255, 0],[0, 255, 0],90,45,0,2,1,3,nochange_ori,z,2,testing
7,my,f,19,index,True,733559,735147,/,diamond.png,rect.png,diamond.png,rect.png,[0, 0, 255],[255, 255, 0],45,90,3,1,2,0,change_col,/,3,testing
7,my,f,19,index,True,739870,741594,z,rect.png,diamond.png,rect.png,diamond.png,[0, 255, 0],[255, 0, 0],0,45,1,2,3,0,nochange_ori,z,2,testing
7,my,f,19,index,True,746233,747706,z,diamond.png,rect.png,diamond.png,rect.png,[0, 255, 0],[0, 0, 255],135,0,1,2,0,3,nochange_col,z,1,testing
7,my,f,19,index,True,752427,753578,z,rect.png,circle.png,rect.png,circle.png,[255, 0, 0],[0, 0, 255],45,0,2,0,1,3,nochange_ori,z,0,testing
7,my,f,19,index,True,758287,759642,z,rect.png,triangle.png,rect.png,triangle.png,[0, 0, 255],[255, 0, 0],135,0,0,2,3,1,nochange_ori,z,2,testing
7,my,f,19,index,True,764215,765274,z,triangle.png,rect.png,triangle.png,rect.png,[255, 255, 0],[255, 0, 0],90,135,3,2,1,0,nochange_ori,z,0,testing
7,my,f,19,index,True,769926,771226,z,circle.png,diamond.png,circle.png,diamond.png,[0, 255, 0],[0, 0, 255],90,0,0,2,1,3,nochange_col,z,3,testing
7,my,f,19,index,True,775987,777705,/,diamond.png,triangle.png,diamond.png,triangle.png,[255, 0, 0],[0, 255, 0],90,0,0,1,3,2,change_col,/,1,testing
7,my,f,19,index,True,782448,783898,z,rect.png,triangle.png,rect.png,triangle.png,[255, 255, 0],[255, 0, 0],0,90,3,2,0,1,nochange_col,z,1,testing
7,my,f,19,index,True,788510,789482,z,circle.png,triangle.png,circle.png,triangle.png,[0, 255, 0],[255, 255, 0],90,0,0,1,2,3,nochange_col,z,3,testing
7,my,f,19,index,True,794104,795530,z,triangle.png,rect.png,triangle.png,rect.png,[255, 255, 0],[0, 0, 255],45,0,0,1,3,2,nochange_ori,z,0,testing
7,my,f,19,index,True,800148,801018,z,triangle.png,rect.png,triangle.png,rect.png,[255, 0, 0],[0, 0, 255],45,0,2,3,0,1,nochange_col,z,3,testing
7,my,f,19,index,True,805641,806234,z,triangle.png,rect.png,triangle.png,rect.png,[0, 255, 0],[255, 255, 0],45,90,3,2,1,0,nochange_col,z,1,testing
7,my,f,19,index,True,810968,812666,/,triangle.png,circle.png,triangle.png,circle.png,[255, 255, 0],[0, 0, 255],90,0,0,2,3,1,change_col,/,1,testing
7,my,f,19,index,True,817313,819002,/,circle.png,rect.png,circle.png,rect.png,[255, 255, 0],[0, 0, 255],90,135,2,3,0,1,change_col,/,1,testing
7,my,f,19,index,True,823574,824329,/,diamond.png,circle.png,diamond.png,circle.png,[255, 255, 0],[255, 0, 0],135,0,2,3,0,1,change_col,/,1,testing
7,my,f,19,index,True,828901,830793,/,rect.png,circle.png,rect.png,circle.png,[0, 0, 255],[0, 255, 0],135,0,1,0,3,2,change_ori,/,2,testing
7,my,f,19,index,True,835496,837258,z,triangle.png,diamond.png,triangle.png,diamond.png,[0, 0, 255],[0, 255, 0],45,135,2,1,3,0,nochange_col,z,3,testing
7,my,f,19,index,True,841991,844297,/,circle.png,rect.png,circle.png,rect.png,[255, 0, 0],[255, 255, 0],90,135,0,2,1,3,change_ori,/,0,testing
7,my,f,19,index,True,848870,850585,/,triangle.png,circle.png,triangle.png,circle.png,[0, 255, 0],[0, 0, 255],0,90,3,0,2,1,change_col,/,1,testing
7,my,f,19,index,True,855266,857354,/,diamond.png,rect.png,diamond.png,rect.png,[255, 255, 0],[0, 0, 255],135,90,1,2,3,0,nochange_col,z,1,testing
7,my,f,19,index,True,862044,864377,z,circle.png,diamond.png,circle.png,diamond.png,[255, 255, 0],[255, 0, 0],45,90,3,2,0,1,nochange_col,z,3,testing
7,my,f,19,index,True,869041,870409,z,triangle.png,diamond.png,triangle.png,diamond.png,[255, 255, 0],[0, 255, 0],45,135,3,0,1,2,nochange_ori,z,2,testing
7,my,f,19,index,True,875035,875993,z,circle.png,rect.png,circle.png,rect.png,[255, 0, 0],[0, 0, 255],45,135,3,1,2,0,nochange_ori,z,2,testing
7,my,f,19,index,True,880712,883961,/,triangle.png,circle.png,triangle.png,circle.png,[255, 0, 0],[255, 255, 0],90,135,3,1,2,0,change_ori,/,0,testing
7,my,f,19,index,True,888527,889897,/,triangle.png,rect.png,triangle.png,rect.png,[255, 255, 0],[0, 255, 0],90,135,0,2,1,3,change_col,/,3,testing
7,my,f,19,index,True,894521,896154,/,triangle.png,circle.png,triangle.png,circle.png,[255, 255, 0],[0, 255, 0],0,45,1,3,2,0,change_col,/,3,testing
7,my,f,19,index,True,900799,902265,/,diamond.png,rect.png,diamond.png,rect.png,[255, 255, 0],[0, 255, 0],45,135,0,2,1,3,change_col,/,1,testing
7,my,f,19,index,True,906927,907913,z,triangle.png,circle.png,triangle.png,circle.png,[255, 255, 0],[255, 0, 0],45,0,0,2,3,1,nochange_col,z,1,testing
7,my,f,19,index,True,912554,913273,z,rect.png,diamond.png,rect.png,diamond.png,[255, 255, 0],[0, 255, 0],135,45,3,2,0,1,nochange_col,z,1,testing
7,my,f,19,index,True,917897,920025,/,circle.png,diamond.png,circle.png,diamond.png,[0, 255, 0],[0, 0, 255],0,135,3,1,2,0,change_ori,/,2,testing
7,my,f,19,index,True,924659,926345,/,triangle.png,rect.png,triangle.png,rect.png,[0, 0, 255],[255, 255, 0],45,135,1,2,0,3,change_col,/,3,testing
7,my,f,19,index,True,931105,934473,z,circle.png,diamond.png,circle.png,diamond.png,[0, 255, 0],[0, 0, 255],90,135,1,0,2,3,nochange_ori,z,0,testing
7,my,f,19,index,True,939052,940377,z,diamond.png,circle.png,diamond.png,circle.png,[255, 255, 0],[0, 255, 0],90,45,0,1,3,2,nochange_ori,z,2,testing
7,my,f,19,index,True,945047,945609,z,diamond.png,rect.png,diamond.png,rect.png,[255, 255, 0],[0, 255, 0],90,45,3,0,2,1,nochange_col,z,1,testing
7,my,f,19,index,True,950190,957160,z,rect.png,triangle.png,rect.png,triangle.png,[0, 0, 255],[255, 0, 0],0,135,3,1,0,2,change_ori,/,2,testing
7,my,f,19,index,True,961845,962841,z,triangle.png,rect.png,triangle.png,rect.png,[0, 255, 0],[255, 255, 0],90,45,3,2,1,0,nochange_ori,z,0,testing
7,my,f,19,index,True,967538,968281,z,rect.png,diamond.png,rect.png,diamond.png,[0, 255, 0],[255, 0, 0],45,0,2,0,1,3,nochange_col,z,3,testing
7,my,f,19,index,True,972914,974777,/,diamond.png,circle.png,diamond.png,circle.png,[255, 0, 0],[0, 255, 0],90,0,3,0,2,1,change_col,/,1,testing
7,my,f,19,index,True,979343,983544,/,rect.png,diamond.png,rect.png,diamond.png,[0, 255, 0],[255, 0, 0],90,135,1,0,2,3,change_ori,/,2,testing
7,my,f,19,index,True,988193,990073,/,triangle.png,rect.png,triangle.png,rect.png,[0, 0, 255],[255, 0, 0],45,135,0,2,1,3,change_col,/,1,testing
7,my,f,19,index,True,994688,995657,z,rect.png,diamond.png,rect.png,diamond.png,[0, 0, 255],[255, 255, 0],135,0,2,0,1,3,change_col,/,1,testing
7,my,f,19,index,True,1000265,1002857,/,triangle.png,diamond.png,triangle.png,diamond.png,[0, 255, 0],[255, 255, 0],135,0,1,2,3,0,change_ori,/,0,testing
7,my,f,19,index,True,1007428,1008504,z,rect.png,triangle.png,rect.png,triangle.png,[255, 255, 0],[0, 0, 255],90,45,0,1,2,3,nochange_col,z,3,testing
7,my,f,19,index,True,1013155,1016136,z,triangle.png,diamond.png,triangle.png,diamond.png,[255, 255, 0],[0, 0, 255],45,135,0,3,2,1,nochange_ori,z,0,testing
7,my,f,19,index,True,1020853,1023592,/,circle.png,diamond.png,circle.png,diamond.png,[0, 255, 0],[255, 255, 0],90,135,0,2,1,3,change_ori,/,2,testing
7,my,f,19,index,True,1028166,1029960,z,triangle.png,diamond.png,triangle.png,diamond.png,[0, 255, 0],[255, 0, 0],45,0,1,0,2,3,nochange_col,z,1,testing
7,my,f,19,index,True,1034611,1037272,z,circle.png,triangle.png,circle.png,triangle.png,[255, 255, 0],[0, 0, 255],45,135,0,2,1,3,nochange_ori,z,2,testing
7,my,f,19,index,True,1041924,1043960,/,rect.png,diamond.png,rect.png,diamond.png,[255, 255, 0],[0, 255, 0],90,135,0,1,3,2,change_col,/,3,testing
7,my,f,19,index,True,1048687,1050152,/,rect.png,diamond.png,rect.png,diamond.png,[0, 255, 0],[255, 0, 0],0,135,1,0,2,3,change_col,/,3,testing
7,my,f,19,index,True,1054782,1056856,/,triangle.png,rect.png,triangle.png,rect.png,[255, 0, 0],[255, 255, 0],90,0,0,1,2,3,change_ori,/,0,testing
7,my,f,19,index,True,1061493,1062664,/,diamond.png,triangle.png,diamond.png,triangle.png,[0, 0, 255],[0, 255, 0],135,45,0,3,2,1,change_col,/,3,testing
7,my,f,19,index,True,1067254,1068840,/,rect.png,triangle.png,rect.png,triangle.png,[0, 0, 255],[0, 255, 0],135,45,3,0,2,1,change_col,/,1,testing
7,my,f,19,index,True,1073599,1074807,/,diamond.png,rect.png,diamond.png,rect.png,[255, 0, 0],[0, 255, 0],90,0,0,1,2,3,change_ori,/,0,testing
7,my,f,19,index,True,1079493,1081928,z,circle.png,rect.png,circle.png,rect.png,[0, 0, 255],[255, 255, 0],135,45,1,3,0,2,nochange_ori,z,2,testing
7,my,f,19,index,True,1086640,1088056,/,diamond.png,circle.png,diamond.png,circle.png,[0, 0, 255],[255, 255, 0],45,135,3,2,0,1,change_col,/,3,testing
7,my,f,19,index,True,1092634,1094055,z,rect.png,diamond.png,rect.png,diamond.png,[0, 255, 0],[0, 0, 255],0,45,3,2,1,0,nochange_ori,z,2,testing
7,my,f,19,index,True,1098729,1099495,z,triangle.png,diamond.png,triangle.png,diamond.png,[0, 0, 255],[255, 0, 0],135,90,0,1,2,3,nochange_col,z,3,testing
7,my,f,19,index,True,1104072,1105287,z,diamond.png,circle.png,diamond.png,circle.png,[255, 0, 0],[255, 255, 0],0,45,2,1,3,0,nochange_ori,z,2,testing
7,my,f,19,index,True,1109865,1112007,/,triangle.png,diamond.png,triangle.png,diamond.png,[255, 0, 0],[0, 255, 0],0,90,0,1,2,3,change_ori,/,2,testing
7,my,f,19,index,True,1116728,1117751,z,triangle.png,rect.png,triangle.png,rect.png,[255, 0, 0],[0, 0, 255],45,0,2,0,1,3,nochange_ori,z,0,testing
7,my,f,19,index,True,1122455,1124663,/,triangle.png,rect.png,triangle.png,rect.png,[255, 255, 0],[255, 0, 0],45,0,3,1,2,0,change_ori,/,0,testing
7,my,f,19,index,True,1129368,1130087,z,diamond.png,circle.png,diamond.png,circle.png,[0, 0, 255],[255, 0, 0],0,45,0,1,2,3,nochange_col,z,1,testing
7,my,f,19,index,True,1134812,1137159,z,rect.png,triangle.png,rect.png,triangle.png,[255, 255, 0],[0, 0, 255],45,0,0,2,1,3,nochange_ori,z,0,testing
7,my,f,19,index,True,1141924,1143528,/,rect.png,triangle.png,rect.png,triangle.png,[0, 0, 255],[255, 255, 0],45,135,0,1,2,3,change_ori,/,0,testing
7,my,f,19,index,True,1148186,1149255,z,diamond.png,circle.png,diamond.png,circle.png,[255, 255, 0],[0, 0, 255],45,135,3,1,2,0,nochange_col,z,3,testing
7,my,f,19,index,True,1153913,1154663,z,circle.png,triangle.png,circle.png,triangle.png,[255, 0, 0],[255, 255, 0],90,0,1,0,3,2,nochange_col,z,3,testing
7,my,f,19,index,True,1159323,1161622,z,diamond.png,rect.png,diamond.png,rect.png,[0, 255, 0],[255, 0, 0],45,0,2,1,0,3,nochange_ori,z,2,testing
7,my,f,19,index,True,1166236,1168262,/,triangle.png,diamond.png,triangle.png,diamond.png,[0, 0, 255],[0, 255, 0],0,90,1,0,3,2,change_ori,/,2,testing
7,my,f,19,index,True,1172881,1174583,/,triangle.png,circle.png,triangle.png,circle.png,[255, 255, 0],[0, 255, 0],135,45,2,0,3,1,change_ori,/,0,testing
7,my,f,19,index,True,1179293,1180679,/,diamond.png,rect.png,diamond.png,rect.png,[0, 255, 0],[255, 255, 0],135,0,1,0,2,3,change_col,/,1,testing
7,my,f,19,index,True,1185287,1187751,z,rect.png,triangle.png,rect.png,triangle.png,[255, 255, 0],[0, 0, 255],135,90,1,3,2,0,nochange_ori,z,2,testing
7,my,f,19,index,True,1192350,1194231,/,circle.png,diamond.png,circle.png,diamond.png,[255, 255, 0],[0, 0, 255],45,135,3,1,2,0,change_ori,/,2,testing
7,my,f,19,index,True,1198795,1200198,z,circle.png,rect.png,circle.png,rect.png,[0, 0, 255],[255, 255, 0],90,45,3,1,0,2,nochange_col,z,1,testing
7,my,f,19,index,True,1204773,1206375,/,rect.png,circle.png,rect.png,circle.png,[255, 255, 0],[0, 255, 0],90,45,3,0,1,2,change_ori,/,0,testing
7,my,f,19,index,True,1211068,1213047,/,triangle.png,diamond.png,triangle.png,diamond.png,[0, 0, 255],[255, 255, 0],45,135,0,3,1,2,change_ori,/,2,testing
7,my,f,19,index,True,1217797,1220071,/,circle.png,rect.png,circle.png,rect.png,[0, 0, 255],[255, 255, 0],135,90,2,0,1,3,change_col,/,3,testing
