subj,name,gender,age,cond,P_resp,P_startTime,P_respTime,P_gotKey,shape1,shape2,shape3,shape4,color1,color2,color3,color4ori1,ori2,ori3,ori4ord_1,ord_2,ord_3,ord_4,task,correct_key,no_change,mode
7,my,f,19,noindex,True,159859,163189,/,triangle.png,circle.png,rect.png,diamond.png,[255, 0, 0],[0, 0, 255],135,90,1,3,2,0,change_ori,/,0,practice
7,my,f,19,noindex,True,167923,169317,z,triangle.png,circle.png,diamond.png,rect.png,[0, 0, 255],[0, 255, 0],90,0,0,2,3,1,nochange_col,z,1,practice
7,my,f,19,noindex,True,173968,175189,z,circle.png,rect.png,diamond.png,triangle.png,[255, 0, 0],[0, 0, 255],90,135,0,2,3,1,nochange_col,z,1,practice
7,my,f,19,noindex,True,179879,182277,/,circle.png,diamond.png,rect.png,triangle.png,[255, 255, 0],[0, 0, 255],0,45,2,1,0,3,change_ori,/,0,practice
7,my,f,19,noindex,True,186925,188516,z,circle.png,triangle.png,rect.png,diamond.png,[255, 255, 0],[0, 0, 255],0,135,1,2,0,3,nochange_ori,z,2,practice
7,my,f,19,noindex,True,193136,195525,/,rect.png,circle.png,diamond.png,triangle.png,[0, 255, 0],[255, 0, 0],90,135,1,3,2,0,change_col,/,1,practice
7,my,f,19,noindex,True,200216,203044,/,triangle.png,diamond.png,rect.png,circle.png,[0, 255, 0],[255, 0, 0],135,0,0,2,3,1,change_ori,/,0,practice
7,my,f,19,noindex,True,207763,208981,z,rect.png,diamond.png,triangle.png,circle.png,[255, 0, 0],[255, 255, 0],90,135,1,0,3,2,nochange_col,z,1,practice
7,my,f,19,noindex,True,213691,215476,z,diamond.png,triangle.png,circle.png,rect.png,[255, 255, 0],[255, 0, 0],45,135,2,1,3,0,nochange_ori,z,2,practice
7,my,f,19,noindex,True,220103,222548,/,diamond.png,circle.png,rect.png,triangle.png,[255, 0, 0],[255, 255, 0],135,0,0,2,3,1,change_col,/,3,practice
7,my,f,19,noindex,True,227283,229621,/,circle.png,rect.png,triangle.png,diamond.png,[255, 255, 0],[0, 0, 255],135,0,1,3,2,0,nochange_ori,z,2,practice
7,my,f,19,noindex,True,234296,236116,/,circle.png,triangle.png,rect.png,diamond.png,[255, 255, 0],[0, 255, 0],0,45,1,0,3,2,change_col,/,3,practice
7,my,f,19,noindex,True,240824,243444,z,circle.png,rect.png,diamond.png,triangle.png,[0, 255, 0],[255, 0, 0],45,90,1,0,3,2,change_ori,/,2,practice
7,my,f,19,noindex,True,248187,249348,z,triangle.png,rect.png,diamond.png,circle.png,[255, 0, 0],[0, 0, 255],90,0,1,3,2,0,nochange_col,z,3,practice
7,my,f,19,noindex,True,253999,256564,z,rect.png,triangle.png,circle.png,diamond.png,[255, 255, 0],[0, 255, 0],135,90,0,3,1,2,nochange_ori,z,2,practice
7,my,f,19,noindex,True,261212,263364,/,rect.png,circle.png,triangle.png,diamond.png,[0, 0, 255],[255, 0, 0],0,135,1,2,0,3,change_ori,/,0,practice
7,my,f,19,noindex,True,268124,269860,/,circle.png,triangle.png,diamond.png,rect.png,[0, 0, 255],[255, 0, 0],45,135,3,0,2,1,change_col,/,3,practice
7,my,f,19,noindex,True,274552,276292,/,diamond.png,rect.png,triangle.png,circle.png,[255, 255, 0],[255, 0, 0],135,45,3,2,0,1,change_col,/,1,practice
7,my,f,19,noindex,True,280964,283108,z,diamond.png,circle.png,rect.png,triangle.png,[0, 255, 0],[255, 255, 0],90,135,1,0,3,2,nochange_col,z,3,practice
7,my,f,19,noindex,True,287777,291764,z,diamond.png,rect.png,circle.png,triangle.png,[255, 0, 0],[0, 255, 0],135,45,1,3,0,2,nochange_ori,z,0,practice
7,my,f,19,noindex,True,317464,318819,z,triangle.png,diamond.png,circle.png,rect.png,[255, 255, 0],[255, 0, 0],0,135,0,1,2,3,nochange_ori,z,0,testing
7,my,f,19,noindex,True,323425,325108,/,diamond.png,circle.png,rect.png,triangle.png,[255, 255, 0],[0, 0, 255],135,45,1,2,0,3,change_ori,/,2,testing
7,my,f,19,noindex,True,329787,331108,z,circle.png,diamond.png,triangle.png,rect.png,[0, 255, 0],[255, 255, 0],45,135,0,2,3,1,nochange_col,z,3,testing
7,my,f,19,noindex,True,335748,336996,z,circle.png,diamond.png,triangle.png,rect.png,[0, 255, 0],[0, 0, 255],135,0,0,2,1,3,nochange_col,z,1,testing
7,my,f,19,noindex,True,341725,343555,/,circle.png,rect.png,diamond.png,triangle.png,[0, 0, 255],[255, 0, 0],135,45,1,0,2,3,change_col,/,1,testing
7,my,f,19,noindex,True,348304,349923,/,rect.png,circle.png,diamond.png,triangle.png,[255, 255, 0],[0, 255, 0],0,135,2,3,0,1,change_col,/,1,testing
7,my,f,19,noindex,True,354683,355811,z,diamond.png,circle.png,rect.png,triangle.png,[0, 0, 255],[0, 255, 0],135,90,0,1,3,2,nochange_col,z,1,testing
7,my,f,19,noindex,True,360544,363603,/,diamond.png,triangle.png,circle.png,rect.png,[0, 255, 0],[255, 0, 0],90,45,3,0,2,1,change_ori,/,0,testing
7,my,f,19,noindex,True,368307,371123,/,circle.png,diamond.png,triangle.png,rect.png,[255, 255, 0],[0, 0, 255],135,90,0,2,1,3,change_ori,/,2,testing
7,my,f,19,noindex,True,375755,377603,z,circle.png,diamond.png,triangle.png,rect.png,[0, 255, 0],[0, 0, 255],0,90,3,1,2,0,nochange_ori,z,0,testing
7,my,f,19,noindex,True,382350,383842,/,circle.png,rect.png,diamond.png,triangle.png,[255, 255, 0],[255, 0, 0],45,90,0,2,1,3,change_col,/,1,testing
7,my,f,19,noindex,True,388511,390355,/,diamond.png,rect.png,triangle.png,circle.png,[255, 255, 0],[0, 0, 255],135,45,3,2,1,0,change_ori,/,2,testing
7,my,f,19,noindex,True,395006,396899,/,rect.png,diamond.png,triangle.png,circle.png,[255, 255, 0],[255, 0, 0],135,90,2,1,0,3,change_ori,/,2,testing
7,my,f,19,noindex,True,401569,403107,z,circle.png,rect.png,triangle.png,diamond.png,[0, 0, 255],[255, 255, 0],135,90,3,0,1,2,nochange_ori,z,0,testing
7,my,f,19,noindex,True,407747,409699,/,rect.png,diamond.png,circle.png,triangle.png,[0, 0, 255],[0, 255, 0],135,0,2,3,0,1,change_col,/,3,testing
7,my,f,19,noindex,True,414425,415747,z,triangle.png,circle.png,diamond.png,rect.png,[0, 0, 255],[255, 0, 0],0,135,1,2,3,0,nochange_col,z,3,testing
7,my,f,19,noindex,True,420403,422547,z,triangle.png,rect.png,circle.png,diamond.png,[0, 255, 0],[255, 0, 0],0,45,3,0,1,2,nochange_ori,z,0,testing
7,my,f,19,noindex,True,427166,428882,/,rect.png,triangle.png,circle.png,diamond.png,[255, 0, 0],[255, 255, 0],0,135,0,2,3,1,change_col,/,3,testing
7,my,f,19,noindex,True,433510,435346,z,triangle.png,rect.png,circle.png,diamond.png,[255, 255, 0],[0, 0, 255],90,45,3,1,2,0,change_col,/,3,testing
7,my,f,19,noindex,True,439922,441395,z,circle.png,triangle.png,diamond.png,rect.png,[0, 0, 255],[255, 0, 0],135,0,0,3,2,1,nochange_col,z,3,testing
7,my,f,19,noindex,True,446084,447682,/,diamond.png,triangle.png,circle.png,rect.png,[0, 0, 255],[255, 255, 0],135,0,3,2,1,0,change_col,/,3,testing
7,my,f,19,noindex,True,452379,454003,z,diamond.png,rect.png,triangle.png,circle.png,[0, 255, 0],[255, 0, 0],45,135,2,3,0,1,nochange_ori,z,0,testing
7,my,f,19,noindex,True,458657,460434,z,rect.png,diamond.png,triangle.png,circle.png,[255, 0, 0],[255, 255, 0],90,135,1,2,3,0,nochange_ori,z,2,testing
7,my,f,19,noindex,True,465018,466098,z,circle.png,rect.png,diamond.png,triangle.png,[255, 0, 0],[0, 255, 0],45,135,2,0,1,3,nochange_ori,z,0,testing
7,my,f,19,noindex,True,470762,472419,z,triangle.png,circle.png,diamond.png,rect.png,[255, 255, 0],[255, 0, 0],90,45,2,0,3,1,change_ori,/,0,testing
7,my,f,19,noindex,True,477140,479714,/,triangle.png,circle.png,rect.png,diamond.png,[255, 0, 0],[0, 255, 0],45,90,2,0,3,1,change_ori,/,2,testing
7,my,f,19,noindex,True,484470,486690,/,circle.png,triangle.png,rect.png,diamond.png,[0, 255, 0],[0, 0, 255],45,135,2,1,0,3,change_ori,/,2,testing
7,my,f,19,noindex,True,491400,493251,/,diamond.png,circle.png,triangle.png,rect.png,[0, 255, 0],[0, 0, 255],135,45,3,1,0,2,change_ori,/,0,testing
7,my,f,19,noindex,True,497979,499426,z,triangle.png,diamond.png,circle.png,rect.png,[255, 0, 0],[0, 255, 0],45,135,1,0,2,3,nochange_ori,z,2,testing
7,my,f,19,noindex,True,504107,506243,/,triangle.png,rect.png,circle.png,diamond.png,[255, 0, 0],[255, 255, 0],135,0,0,3,2,1,change_col,/,1,testing
7,my,f,19,noindex,True,510869,512802,/,rect.png,diamond.png,triangle.png,circle.png,[255, 255, 0],[0, 0, 255],90,0,3,1,2,0,change_col,/,3,testing
7,my,f,19,noindex,True,517415,518915,z,rect.png,triangle.png,diamond.png,circle.png,[255, 255, 0],[255, 0, 0],135,0,1,2,0,3,nochange_col,z,1,testing
7,my,f,19,noindex,True,523642,524722,z,triangle.png,circle.png,rect.png,diamond.png,[0, 0, 255],[255, 255, 0],135,90,3,0,1,2,nochange_col,z,1,testing
7,my,f,19,noindex,True,529353,534658,z,diamond.png,triangle.png,circle.png,rect.png,[0, 255, 0],[0, 0, 255],135,0,0,3,2,1,change_ori,/,2,testing
7,my,f,19,noindex,True,539271,541379,/,rect.png,diamond.png,circle.png,triangle.png,[0, 0, 255],[0, 255, 0],90,135,3,1,2,0,change_ori,/,0,testing
7,my,f,19,noindex,True,546017,547826,z,diamond.png,rect.png,triangle.png,circle.png,[255, 0, 0],[0, 255, 0],90,45,3,2,0,1,nochange_ori,z,2,testing
7,my,f,19,noindex,True,552428,553713,/,triangle.png,rect.png,circle.png,diamond.png,[255, 255, 0],[255, 0, 0],135,90,3,1,0,2,change_col,/,3,testing
7,my,f,19,noindex,True,558422,559442,z,circle.png,triangle.png,diamond.png,rect.png,[255, 255, 0],[0, 255, 0],90,45,3,0,2,1,nochange_col,z,3,testing
7,my,f,19,noindex,True,564084,565570,/,circle.png,triangle.png,rect.png,diamond.png,[255, 255, 0],[255, 0, 0],45,0,3,0,2,1,change_col,/,3,testing
7,my,f,19,noindex,True,570178,571985,/,rect.png,diamond.png,triangle.png,circle.png,[255, 0, 0],[255, 255, 0],45,0,1,2,3,0,change_col,/,1,testing
7,my,f,19,noindex,True,576707,578338,z,diamond.png,circle.png,rect.png,triangle.png,[255, 0, 0],[255, 255, 0],0,45,2,1,3,0,nochange_ori,z,0,testing
7,my,f,19,noindex,True,582918,584097,z,triangle.png,diamond.png,circle.png,rect.png,[255, 0, 0],[0, 0, 255],135,0,0,2,1,3,nochange_col,z,1,testing
7,my,f,19,noindex,True,588695,590193,z,diamond.png,triangle.png,circle.png,rect.png,[255, 255, 0],[0, 255, 0],0,90,3,1,2,0,nochange_ori,z,0,testing
7,my,f,19,noindex,True,594823,595906,z,rect.png,diamond.png,triangle.png,circle.png,[0, 255, 0],[0, 0, 255],0,135,0,2,3,1,nochange_col,z,3,testing
7,my,f,19,noindex,True,600517,601538,z,triangle.png,rect.png,circle.png,diamond.png,[255, 255, 0],[255, 0, 0],90,45,3,1,0,2,nochange_col,z,3,testing
7,my,f,19,noindex,True,606127,607985,/,diamond.png,triangle.png,rect.png,circle.png,[255, 0, 0],[0, 0, 255],135,90,2,3,0,1,change_col,/,3,testing
7,my,f,19,noindex,True,612706,614481,z,triangle.png,circle.png,diamond.png,rect.png,[0, 255, 0],[255, 255, 0],0,135,1,2,3,0,nochange_ori,z,0,testing
7,my,f,19,noindex,True,619084,620273,z,triangle.png,rect.png,diamond.png,circle.png,[0, 255, 0],[0, 0, 255],135,0,3,2,1,0,nochange_col,z,3,testing
7,my,f,19,noindex,True,624945,627201,/,rect.png,circle.png,diamond.png,triangle.png,[0, 0, 255],[255, 255, 0],135,90,3,1,2,0,change_ori,/,2,testing
7,my,f,19,noindex,True,631941,633729,/,rect.png,diamond.png,circle.png,triangle.png,[255, 0, 0],[0, 255, 0],135,0,2,1,0,3,change_col,/,3,testing
7,my,f,19,noindex,True,638486,640433,z,diamond.png,triangle.png,circle.png,rect.png,[0, 0, 255],[255, 255, 0],90,0,0,2,3,1,nochange_ori,z,2,testing
7,my,f,19,noindex,True,645048,647233,/,circle.png,triangle.png,rect.png,diamond.png,[0, 255, 0],[255, 255, 0],135,0,0,3,2,1,change_ori,/,0,testing
7,my,f,19,noindex,True,651811,653841,/,rect.png,circle.png,diamond.png,triangle.png,[0, 255, 0],[255, 0, 0],90,135,2,3,1,0,change_ori,/,0,testing
7,my,f,19,noindex,True,658457,660257,z,rect.png,triangle.png,diamond.png,circle.png,[255, 0, 0],[0, 0, 255],135,90,0,3,1,2,nochange_col,z,1,testing
7,my,f,19,noindex,True,664884,666705,/,triangle.png,diamond.png,rect.png,circle.png,[0, 0, 255],[0, 255, 0],0,135,2,3,1,0,change_col,/,1,testing
7,my,f,19,noindex,True,671397,672865,z,triangle.png,diamond.png,rect.png,circle.png,[255, 255, 0],[0, 255, 0],0,90,3,0,1,2,nochange_ori,z,0,testing
7,my,f,19,noindex,True,677525,678785,/,circle.png,triangle.png,rect.png,diamond.png,[0, 255, 0],[0, 0, 255],0,90,2,1,3,0,change_col,/,3,testing
7,my,f,19,noindex,True,683536,685873,/,diamond.png,triangle.png,rect.png,circle.png,[0, 255, 0],[255, 0, 0],45,0,3,2,0,1,change_ori,/,2,testing
7,my,f,19,noindex,True,690532,693121,z,rect.png,circle.png,diamond.png,triangle.png,[255, 255, 0],[0, 0, 255],135,90,0,1,2,3,nochange_ori,z,0,testing
7,my,f,19,noindex,True,697796,698865,z,circle.png,diamond.png,rect.png,triangle.png,[255, 255, 0],[255, 0, 0],90,45,0,2,1,3,nochange_col,z,1,testing
7,my,f,19,noindex,True,703522,705233,/,rect.png,diamond.png,circle.png,triangle.png,[0, 255, 0],[255, 255, 0],45,90,1,3,0,2,change_ori,/,2,testing
7,my,f,19,noindex,True,709817,711136,z,triangle.png,rect.png,circle.png,diamond.png,[0, 0, 255],[0, 255, 0],90,0,3,1,2,0,nochange_ori,z,2,testing
7,my,f,19,noindex,True,715844,716833,z,diamond.png,rect.png,triangle.png,circle.png,[0, 0, 255],[255, 255, 0],135,0,2,1,3,0,nochange_col,z,1,testing
7,my,f,19,noindex,True,721489,722705,z,rect.png,triangle.png,diamond.png,circle.png,[0, 0, 255],[255, 255, 0],90,135,1,2,3,0,nochange_col,z,1,testing
7,my,f,19,noindex,True,727283,728657,z,triangle.png,circle.png,diamond.png,rect.png,[255, 0, 0],[255, 255, 0],135,0,3,0,2,1,nochange_ori,z,0,testing
7,my,f,19,noindex,True,733310,734913,z,triangle.png,rect.png,circle.png,diamond.png,[255, 0, 0],[0, 0, 255],0,45,2,3,0,1,nochange_ori,z,2,testing
7,my,f,19,noindex,True,739605,740897,/,rect.png,triangle.png,diamond.png,circle.png,[255, 0, 0],[255, 255, 0],90,0,2,0,3,1,change_col,/,1,testing
7,my,f,19,noindex,True,745549,747952,/,rect.png,diamond.png,triangle.png,circle.png,[0, 0, 255],[0, 255, 0],0,135,2,3,1,0,change_ori,/,0,testing
7,my,f,19,noindex,True,752679,754129,z,circle.png,triangle.png,diamond.png,rect.png,[0, 0, 255],[255, 0, 0],45,135,0,1,3,2,nochange_col,z,3,testing
7,my,f,19,noindex,True,758840,760417,/,rect.png,diamond.png,circle.png,triangle.png,[255, 0, 0],[255, 255, 0],90,45,2,0,3,1,change_col,/,1,testing
7,my,f,19,noindex,True,765135,766672,z,rect.png,circle.png,triangle.png,diamond.png,[255, 0, 0],[0, 0, 255],90,0,3,2,1,0,nochange_ori,z,0,testing
7,my,f,19,noindex,True,771313,774032,/,rect.png,circle.png,triangle.png,diamond.png,[255, 255, 0],[0, 255, 0],45,0,0,3,1,2,change_ori,/,2,testing
7,my,f,19,noindex,True,778744,780672,/,circle.png,diamond.png,rect.png,triangle.png,[0, 255, 0],[255, 255, 0],90,135,2,3,0,1,change_ori,/,0,testing
7,my,f,19,noindex,True,785272,786480,z,triangle.png,circle.png,diamond.png,rect.png,[0, 255, 0],[255, 255, 0],0,45,0,3,2,1,nochange_col,z,1,testing
7,my,f,19,noindex,True,791216,792624,/,triangle.png,circle.png,diamond.png,rect.png,[255, 255, 0],[255, 0, 0],0,90,1,0,2,3,change_ori,/,2,testing
7,my,f,19,noindex,True,797194,798591,z,rect.png,circle.png,diamond.png,triangle.png,[0, 0, 255],[0, 255, 0],0,90,0,2,1,3,nochange_ori,z,2,testing
7,my,f,19,noindex,True,803255,804399,/,rect.png,circle.png,triangle.png,diamond.png,[0, 0, 255],[255, 0, 0],45,135,3,2,0,1,change_col,/,1,testing
7,my,f,19,noindex,True,809083,810319,z,diamond.png,circle.png,triangle.png,rect.png,[255, 255, 0],[255, 0, 0],0,90,0,1,3,2,nochange_col,z,1,testing
7,my,f,19,noindex,True,814893,816111,z,rect.png,diamond.png,circle.png,triangle.png,[255, 0, 0],[0, 0, 255],45,0,0,1,3,2,nochange_col,z,3,testing
7,my,f,19,noindex,True,820788,822255,/,triangle.png,circle.png,diamond.png,rect.png,[0, 0, 255],[0, 255, 0],90,0,0,2,3,1,change_col,/,1,testing
7,my,f,19,noindex,True,832225,833552,/,diamond.png,circle.png,triangle.png,rect.png,[0, 255, 0],[0, 0, 255],135,0,0,3,1,2,change_col,/,1,testing
7,my,f,19,noindex,True,838319,839728,/,triangle.png,diamond.png,rect.png,circle.png,[0, 255, 0],[255, 0, 0],90,135,2,0,3,1,change_ori,/,0,testing
7,my,f,19,noindex,True,844380,845744,/,rect.png,circle.png,diamond.png,triangle.png,[0, 0, 255],[0, 255, 0],135,45,3,0,1,2,change_ori,/,0,testing
7,my,f,19,noindex,True,850442,852175,/,circle.png,diamond.png,rect.png,triangle.png,[255, 0, 0],[255, 255, 0],45,0,2,1,0,3,change_ori,/,2,testing
7,my,f,19,noindex,True,856954,858511,/,triangle.png,diamond.png,circle.png,rect.png,[255, 0, 0],[255, 255, 0],135,90,3,0,1,2,change_ori,/,0,testing
7,my,f,19,noindex,True,863249,865055,z,diamond.png,triangle.png,circle.png,rect.png,[255, 255, 0],[255, 0, 0],0,135,2,1,0,3,nochange_ori,z,0,testing
7,my,f,19,noindex,True,869711,875647,/,triangle.png,diamond.png,circle.png,rect.png,[255, 255, 0],[255, 0, 0],135,0,3,0,1,2,change_ori,/,0,testing
7,my,f,19,noindex,True,880313,881824,/,diamond.png,circle.png,rect.png,triangle.png,[0, 255, 0],[255, 255, 0],90,45,1,3,2,0,change_ori,/,2,testing
7,my,f,19,noindex,True,886441,888255,z,diamond.png,rect.png,triangle.png,circle.png,[255, 255, 0],[0, 0, 255],135,90,1,3,0,2,nochange_ori,z,2,testing
7,my,f,19,noindex,True,893004,894128,z,rect.png,diamond.png,triangle.png,circle.png,[255, 0, 0],[0, 0, 255],90,135,0,1,3,2,nochange_col,z,3,testing
7,my,f,19,noindex,True,898847,900191,z,diamond.png,triangle.png,circle.png,rect.png,[255, 255, 0],[0, 0, 255],135,0,3,1,0,2,nochange_col,z,1,testing
7,my,f,19,noindex,True,904774,906080,z,triangle.png,diamond.png,circle.png,rect.png,[255, 0, 0],[255, 255, 0],45,90,2,0,1,3,nochange_col,z,1,testing
7,my,f,19,noindex,True,910802,913679,/,circle.png,diamond.png,triangle.png,rect.png,[0, 255, 0],[255, 0, 0],0,135,3,2,0,1,change_ori,/,0,testing
7,my,f,19,noindex,True,918283,920447,z,circle.png,rect.png,diamond.png,triangle.png,[255, 255, 0],[0, 0, 255],135,90,1,0,3,2,nochange_ori,z,0,testing
7,my,f,19,noindex,True,925195,926544,z,circle.png,rect.png,triangle.png,diamond.png,[255, 0, 0],[0, 255, 0],90,0,2,1,3,0,nochange_ori,z,2,testing
7,my,f,19,noindex,True,931139,933487,/,diamond.png,triangle.png,circle.png,rect.png,[0, 0, 255],[255, 255, 0],90,0,2,0,1,3,change_ori,/,2,testing
7,my,f,19,noindex,True,938186,940607,/,triangle.png,circle.png,diamond.png,rect.png,[255, 0, 0],[0, 0, 255],45,90,3,1,2,0,change_col,/,1,testing
7,my,f,19,noindex,True,945366,946894,/,triangle.png,rect.png,circle.png,diamond.png,[255, 0, 0],[0, 255, 0],135,45,0,2,1,3,change_col,/,3,testing
7,my,f,19,noindex,True,951494,953470,z,diamond.png,triangle.png,rect.png,circle.png,[0, 255, 0],[255, 0, 0],90,135,0,2,3,1,nochange_ori,z,0,testing
7,my,f,19,noindex,True,958123,959422,z,diamond.png,circle.png,triangle.png,rect.png,[255, 0, 0],[0, 255, 0],90,0,0,3,1,2,nochange_ori,z,2,testing
7,my,f,19,noindex,True,964000,965695,z,circle.png,triangle.png,rect.png,diamond.png,[0, 0, 255],[255, 255, 0],45,90,3,2,1,0,nochange_ori,z,0,testing
7,my,f,19,noindex,True,970311,972399,/,rect.png,circle.png,triangle.png,diamond.png,[255, 255, 0],[0, 0, 255],135,0,3,0,1,2,change_ori,/,2,testing
7,my,f,19,noindex,True,977140,978671,/,rect.png,triangle.png,diamond.png,circle.png,[255, 255, 0],[0, 255, 0],0,45,2,1,0,3,change_col,/,3,testing
7,my,f,19,noindex,True,983285,984415,z,rect.png,diamond.png,circle.png,triangle.png,[0, 255, 0],[255, 255, 0],90,0,2,3,1,0,nochange_col,z,1,testing
7,my,f,19,noindex,True,989079,990174,z,rect.png,triangle.png,circle.png,diamond.png,[0, 255, 0],[0, 0, 255],45,90,2,1,0,3,nochange_col,z,3,testing
7,my,f,19,noindex,True,994806,996078,/,rect.png,circle.png,triangle.png,diamond.png,[0, 0, 255],[255, 0, 0],135,45,1,2,3,0,change_col,/,3,testing
7,my,f,19,noindex,True,1000700,1001775,z,circle.png,diamond.png,triangle.png,rect.png,[0, 0, 255],[255, 0, 0],0,45,2,1,0,3,nochange_col,z,1,testing
7,my,f,19,noindex,True,1006495,1008382,/,diamond.png,circle.png,triangle.png,rect.png,[0, 255, 0],[255, 0, 0],0,90,2,3,0,1,change_ori,/,2,testing
7,my,f,19,noindex,True,1012990,1014526,/,circle.png,triangle.png,diamond.png,rect.png,[255, 255, 0],[255, 0, 0],90,45,2,1,0,3,change_col,/,3,testing
7,my,f,19,noindex,True,1019285,1020783,z,rect.png,diamond.png,triangle.png,circle.png,[255, 255, 0],[0, 0, 255],0,45,2,0,3,1,nochange_col,z,1,testing
7,my,f,19,noindex,True,1025496,1027182,z,rect.png,diamond.png,triangle.png,circle.png,[0, 255, 0],[255, 255, 0],0,45,2,3,1,0,nochange_col,z,3,testing
7,my,f,19,noindex,True,1031857,1033598,z,diamond.png,triangle.png,rect.png,circle.png,[0, 0, 255],[255, 255, 0],0,45,3,0,2,1,nochange_ori,z,0,testing
7,my,f,19,noindex,True,1038336,1040590,z,rect.png,circle.png,diamond.png,triangle.png,[0, 255, 0],[255, 0, 0],90,135,2,1,3,0,nochange_ori,z,2,testing
7,my,f,19,noindex,True,1045199,1046734,z,rect.png,diamond.png,triangle.png,circle.png,[0, 0, 255],[0, 255, 0],135,45,1,3,2,0,nochange_ori,z,2,testing
7,my,f,19,noindex,True,1051443,1052654,z,circle.png,triangle.png,diamond.png,rect.png,[255, 0, 0],[255, 255, 0],45,135,3,0,1,2,nochange_ori,z,2,testing
7,my,f,19,noindex,True,1057220,1058078,z,rect.png,circle.png,triangle.png,diamond.png,[255, 0, 0],[0, 255, 0],135,0,3,2,0,1,nochange_col,z,1,testing
7,my,f,19,noindex,True,1062714,1063614,z,diamond.png,rect.png,circle.png,triangle.png,[255, 0, 0],[0, 0, 255],90,45,2,0,1,3,nochange_col,z,3,testing
7,my,f,19,noindex,True,1068291,1069214,z,rect.png,diamond.png,triangle.png,circle.png,[255, 0, 0],[0, 255, 0],45,0,2,1,3,0,nochange_col,z,3,testing
7,my,f,19,noindex,True,1073884,1075678,/,diamond.png,rect.png,triangle.png,circle.png,[255, 0, 0],[255, 255, 0],135,0,0,3,1,2,change_col,/,3,testing
7,my,f,19,noindex,True,1080247,1082734,z,triangle.png,diamond.png,rect.png,circle.png,[0, 0, 255],[0, 255, 0],0,45,2,0,3,1,nochange_ori,z,0,testing
7,my,f,19,noindex,True,1087476,1090254,/,rect.png,triangle.png,diamond.png,circle.png,[0, 255, 0],[255, 255, 0],0,45,0,1,3,2,change_ori,/,0,testing
7,my,f,19,noindex,True,1095006,1097726,/,rect.png,diamond.png,circle.png,triangle.png,[255, 0, 0],[255, 255, 0],45,0,1,0,2,3,change_col,/,1,testing
7,my,f,19,noindex,True,1102454,1103982,/,triangle.png,diamond.png,rect.png,circle.png,[0, 0, 255],[255, 255, 0],0,135,3,2,0,1,change_col,/,3,testing
7,my,f,19,noindex,True,1108565,1110093,/,diamond.png,circle.png,rect.png,triangle.png,[255, 255, 0],[0, 0, 255],0,135,3,1,2,0,change_ori,/,2,testing
7,my,f,19,noindex,True,1114759,1116173,z,circle.png,rect.png,triangle.png,diamond.png,[0, 255, 0],[0, 0, 255],0,90,0,3,1,2,nochange_ori,z,0,testing
7,my,f,19,noindex,True,1120754,1122334,/,triangle.png,circle.png,rect.png,diamond.png,[255, 0, 0],[0, 0, 255],135,45,3,2,1,0,change_ori,/,2,testing
7,my,f,19,noindex,True,1127032,1128925,z,diamond.png,triangle.png,circle.png,rect.png,[255, 0, 0],[0, 0, 255],90,45,3,0,1,2,nochange_col,z,1,testing
7,my,f,19,noindex,True,1133611,1135389,/,diamond.png,circle.png,rect.png,triangle.png,[0, 0, 255],[255, 255, 0],0,45,1,2,3,0,change_col,/,1,testing
7,my,f,19,noindex,True,1139989,1141805,/,triangle.png,diamond.png,circle.png,rect.png,[0, 255, 0],[255, 0, 0],0,90,3,0,1,2,change_ori,/,2,testing
7,my,f,19,noindex,True,1146418,1147662,/,diamond.png,triangle.png,circle.png,rect.png,[255, 255, 0],[0, 0, 255],90,45,0,2,1,3,change_col,/,1,testing
7,my,f,19,noindex,True,1152245,1153389,/,diamond.png,triangle.png,rect.png,circle.png,[0, 0, 255],[255, 255, 0],135,45,2,0,1,3,change_col,/,3,testing
7,my,f,19,noindex,True,1157989,1159070,z,rect.png,triangle.png,diamond.png,circle.png,[255, 0, 0],[0, 255, 0],45,0,0,2,3,1,nochange_col,z,1,testing
7,my,f,19,noindex,True,1163799,1165086,z,diamond.png,rect.png,circle.png,triangle.png,[0, 0, 255],[255, 0, 0],135,0,1,0,3,2,nochange_col,z,3,testing
7,my,f,19,noindex,True,1169744,1171693,z,circle.png,triangle.png,rect.png,diamond.png,[0, 255, 0],[255, 255, 0],135,90,3,0,1,2,nochange_ori,z,2,testing
7,my,f,19,noindex,True,1176439,1177804,/,triangle.png,rect.png,circle.png,diamond.png,[255, 255, 0],[0, 0, 255],135,90,2,1,0,3,change_col,/,1,testing
7,my,f,19,noindex,True,1182550,1183869,/,rect.png,diamond.png,triangle.png,circle.png,[0, 0, 255],[255, 0, 0],45,0,0,2,3,1,change_col,/,1,testing
7,my,f,19,noindex,True,1188612,1190317,/,diamond.png,triangle.png,rect.png,circle.png,[255, 255, 0],[0, 255, 0],45,90,3,2,1,0,change_col,/,1,testing
7,my,f,19,noindex,True,1194906,1197277,/,triangle.png,diamond.png,circle.png,rect.png,[0, 255, 0],[0, 0, 255],90,135,0,1,3,2,change_ori,/,0,testing
7,my,f,19,noindex,True,1201885,1204829,/,circle.png,triangle.png,rect.png,diamond.png,[0, 255, 0],[0, 0, 255],0,45,0,3,2,1,change_ori,/,0,testing
7,my,f,19,noindex,True,1209483,1212141,z,rect.png,triangle.png,diamond.png,circle.png,[255, 0, 0],[0, 0, 255],0,90,2,0,3,1,nochange_ori,z,0,testing
7,my,f,19,noindex,True,1216863,1218396,z,triangle.png,circle.png,diamond.png,rect.png,[0, 255, 0],[0, 0, 255],0,135,0,3,1,2,nochange_ori,z,2,testing
7,my,f,19,noindex,True,1223058,1224957,/,diamond.png,triangle.png,rect.png,circle.png,[255, 0, 0],[255, 255, 0],90,0,0,3,1,2,change_ori,/,2,testing
7,my,f,19,noindex,True,1229587,1232397,/,triangle.png,rect.png,diamond.png,circle.png,[0, 255, 0],[255, 0, 0],90,135,2,3,1,0,change_col,/,3,testing
7,my,f,19,noindex,True,1237001,1238621,/,rect.png,triangle.png,circle.png,diamond.png,[255, 255, 0],[0, 0, 255],90,0,3,0,2,1,change_col,/,1,testing
7,my,f,19,noindex,True,1243312,1245069,z,rect.png,triangle.png,circle.png,diamond.png,[255, 255, 0],[0, 0, 255],0,90,1,0,2,3,nochange_col,z,1,testing
7,my,f,19,noindex,True,1249791,1251308,/,triangle.png,diamond.png,circle.png,rect.png,[255, 255, 0],[0, 255, 0],45,0,1,0,3,2,change_ori,/,2,testing
7,my,f,19,noindex,True,1256018,1258156,z,triangle.png,circle.png,rect.png,diamond.png,[0, 0, 255],[255, 0, 0],45,90,2,0,1,3,nochange_ori,z,0,testing
7,my,f,19,noindex,True,1262831,1264428,/,diamond.png,triangle.png,circle.png,rect.png,[0, 255, 0],[255, 255, 0],0,45,0,3,2,1,change_col,/,1,testing
7,my,f,19,noindex,True,1269092,1270861,/,diamond.png,circle.png,triangle.png,rect.png,[255, 0, 0],[0, 0, 255],135,0,1,3,0,2,change_ori,/,2,testing
7,my,f,19,noindex,True,1275437,1276844,z,circle.png,rect.png,diamond.png,triangle.png,[0, 255, 0],[255, 0, 0],90,135,0,3,2,1,nochange_ori,z,2,testing
7,my,f,19,noindex,True,1281482,1282957,/,triangle.png,diamond.png,rect.png,circle.png,[0, 0, 255],[255, 255, 0],0,135,1,0,3,2,change_ori,/,0,testing
7,my,f,19,noindex,True,1287593,1288892,z,rect.png,triangle.png,diamond.png,circle.png,[255, 0, 0],[0, 0, 255],45,135,1,0,3,2,nochange_ori,z,2,testing
7,my,f,19,noindex,True,1293604,1294541,z,rect.png,circle.png,triangle.png,diamond.png,[255, 0, 0],[255, 255, 0],45,90,1,2,0,3,nochange_col,z,3,testing
7,my,f,19,noindex,True,1299198,1300556,/,rect.png,diamond.png,triangle.png,circle.png,[0, 0, 255],[0, 255, 0],0,90,1,2,0,3,change_col,/,1,testing
7,my,f,19,noindex,True,1305258,1306412,z,diamond.png,circle.png,triangle.png,rect.png,[255, 0, 0],[0, 0, 255],135,45,3,1,0,2,nochange_col,z,1,testing
7,my,f,19,noindex,True,1311036,1312508,/,circle.png,rect.png,triangle.png,diamond.png,[255, 255, 0],[0, 0, 255],90,135,3,0,2,1,change_col,/,1,testing
7,my,f,19,noindex,True,1317097,1318924,z,circle.png,triangle.png,rect.png,diamond.png,[0, 255, 0],[255, 255, 0],0,45,0,1,2,3,nochange_ori,z,0,testing
7,my,f,19,noindex,True,1323692,1324780,z,circle.png,rect.png,diamond.png,triangle.png,[0, 255, 0],[0, 0, 255],45,0,0,3,1,2,nochange_col,z,3,testing
7,my,f,19,noindex,True,1329520,1330651,z,triangle.png,diamond.png,rect.png,circle.png,[255, 0, 0],[0, 0, 255],135,90,2,3,1,0,nochange_col,z,3,testing
7,my,f,19,noindex,True,1335314,1336220,z,diamond.png,circle.png,rect.png,triangle.png,[255, 0, 0],[0, 255, 0],135,0,0,3,2,1,nochange_col,z,1,testing
