subj,name,gender,age,cond,P_resp,P_startTime,P_respTime,P_gotKey,shape1,shape2,shape3,shape4,color1,color2,color3,color4ori1,ori2,ori3,ori4ord_1,ord_2,ord_3,ord_4,task,correct_key,no_change,mode
8,yxm,f,18,noindex,True,172659,183602,/,triangle.png,diamond.png,circle.png,rect.png,[0, 255, 0],[255, 255, 0],0,45,0,1,3,2,change_ori,/,0,practice
8,yxm,f,18,noindex,True,188304,191234,/,diamond.png,circle.png,triangle.png,rect.png,[255, 255, 0],[0, 255, 0],135,90,3,2,1,0,change_ori,/,0,practice
8,yxm,f,18,noindex,True,195885,196898,/,diamond.png,rect.png,circle.png,triangle.png,[255, 255, 0],[255, 0, 0],0,135,2,0,3,1,change_ori,/,0,practice
8,yxm,f,18,noindex,True,201645,203345,z,circle.png,rect.png,triangle.png,diamond.png,[0, 0, 255],[255, 255, 0],45,135,3,1,0,2,nochange_col,z,3,practice
8,yxm,f,18,noindex,True,207924,209057,z,diamond.png,circle.png,triangle.png,rect.png,[0, 255, 0],[0, 0, 255],135,0,3,2,1,0,change_col,/,1,practice
8,yxm,f,18,noindex,True,213718,215858,/,circle.png,rect.png,triangle.png,diamond.png,[0, 0, 255],[255, 0, 0],0,135,0,1,2,3,change_col,/,3,practice
8,yxm,f,18,noindex,True,220547,222065,/,diamond.png,triangle.png,rect.png,circle.png,[0, 0, 255],[255, 255, 0],45,90,3,2,1,0,nochange_ori,z,0,practice
8,yxm,f,18,noindex,True,226691,228450,z,triangle.png,diamond.png,circle.png,rect.png,[0, 255, 0],[255, 0, 0],90,135,2,3,1,0,change_col,/,1,practice
8,yxm,f,18,noindex,True,233120,234290,z,diamond.png,triangle.png,circle.png,rect.png,[0, 255, 0],[0, 0, 255],0,45,1,3,2,0,nochange_col,z,3,practice
8,yxm,f,18,noindex,True,238881,240065,/,rect.png,triangle.png,diamond.png,circle.png,[0, 255, 0],[255, 255, 0],45,135,1,0,3,2,change_ori,/,2,practice
8,yxm,f,18,noindex,True,244741,245954,/,circle.png,rect.png,diamond.png,triangle.png,[255, 0, 0],[255, 255, 0],45,90,2,1,3,0,nochange_ori,z,2,practice
8,yxm,f,18,noindex,True,250535,251698,z,circle.png,diamond.png,rect.png,triangle.png,[255, 255, 0],[0, 0, 255],135,90,3,1,0,2,nochange_ori,z,2,practice
8,yxm,f,18,noindex,True,256429,257553,/,rect.png,triangle.png,diamond.png,circle.png,[255, 0, 0],[0, 255, 0],90,45,3,1,2,0,change_col,/,1,practice
8,yxm,f,18,noindex,True,262273,263202,z,triangle.png,circle.png,rect.png,diamond.png,[255, 255, 0],[0, 255, 0],45,135,2,1,0,3,nochange_col,z,3,practice
8,yxm,f,18,noindex,True,267817,268882,z,triangle.png,diamond.png,rect.png,circle.png,[0, 255, 0],[0, 0, 255],135,45,3,2,0,1,nochange_ori,z,0,practice
8,yxm,f,18,noindex,True,273594,274466,z,circle.png,triangle.png,rect.png,diamond.png,[255, 255, 0],[0, 255, 0],45,135,0,3,2,1,nochange_col,z,3,practice
8,yxm,f,18,noindex,True,279155,279777,z,rect.png,circle.png,diamond.png,triangle.png,[0, 0, 255],[255, 255, 0],0,45,2,0,1,3,nochange_col,z,3,practice
8,yxm,f,18,noindex,True,284514,285714,z,rect.png,triangle.png,diamond.png,circle.png,[255, 255, 0],[0, 0, 255],45,135,1,0,3,2,change_ori,/,2,practice
8,yxm,f,18,noindex,True,290308,291170,/,rect.png,diamond.png,triangle.png,circle.png,[255, 255, 0],[255, 0, 0],0,135,3,0,1,2,change_col,/,3,practice
8,yxm,f,18,noindex,True,295735,296449,/,diamond.png,triangle.png,circle.png,rect.png,[255, 255, 0],[255, 0, 0],90,135,3,0,1,2,nochange_ori,z,2,practice
8,yxm,f,18,noindex,True,331100,332097,/,rect.png,triangle.png,circle.png,diamond.png,[255, 255, 0],[0, 255, 0],45,135,1,2,3,0,change_col,/,3,testing
8,yxm,f,18,noindex,True,336677,337904,/,diamond.png,triangle.png,rect.png,circle.png,[0, 0, 255],[255, 0, 0],135,90,1,3,2,0,change_ori,/,2,testing
8,yxm,f,18,noindex,True,342538,343377,z,diamond.png,circle.png,rect.png,triangle.png,[0, 0, 255],[0, 255, 0],45,135,1,0,2,3,nochange_col,z,3,testing
8,yxm,f,18,noindex,True,347981,348768,z,triangle.png,circle.png,diamond.png,rect.png,[255, 0, 0],[0, 0, 255],90,135,1,2,3,0,nochange_col,z,1,testing
8,yxm,f,18,noindex,True,353458,354928,/,circle.png,triangle.png,diamond.png,rect.png,[255, 255, 0],[255, 0, 0],0,90,0,3,2,1,nochange_ori,z,2,testing
8,yxm,f,18,noindex,True,359518,360577,z,diamond.png,rect.png,circle.png,triangle.png,[255, 0, 0],[0, 0, 255],45,90,3,0,1,2,nochange_col,z,1,testing
8,yxm,f,18,noindex,True,365313,366369,/,triangle.png,diamond.png,rect.png,circle.png,[255, 0, 0],[255, 255, 0],0,135,2,0,3,1,change_col,/,3,testing
8,yxm,f,18,noindex,True,371090,372225,/,triangle.png,circle.png,diamond.png,rect.png,[0, 255, 0],[255, 255, 0],45,135,3,2,1,0,change_ori,/,2,testing
8,yxm,f,18,noindex,True,376984,378337,/,circle.png,triangle.png,diamond.png,rect.png,[255, 0, 0],[0, 0, 255],135,45,3,2,0,1,change_ori,/,0,testing
8,yxm,f,18,noindex,True,382979,383760,z,triangle.png,circle.png,diamond.png,rect.png,[255, 255, 0],[0, 255, 0],135,0,2,0,1,3,nochange_col,z,1,testing
8,yxm,f,18,noindex,True,388438,389744,/,rect.png,diamond.png,triangle.png,circle.png,[255, 255, 0],[0, 255, 0],90,0,2,3,1,0,change_ori,/,2,testing
8,yxm,f,18,noindex,True,394467,395809,/,triangle.png,rect.png,diamond.png,circle.png,[0, 0, 255],[255, 255, 0],135,0,2,0,1,3,change_ori,/,2,testing
8,yxm,f,18,noindex,True,400477,401697,z,diamond.png,rect.png,circle.png,triangle.png,[255, 0, 0],[255, 255, 0],90,135,0,3,1,2,nochange_ori,z,2,testing
8,yxm,f,18,noindex,True,406388,407136,z,rect.png,circle.png,triangle.png,diamond.png,[255, 0, 0],[0, 255, 0],0,45,0,1,3,2,nochange_col,z,3,testing
8,yxm,f,18,noindex,True,411731,412417,z,circle.png,rect.png,diamond.png,triangle.png,[255, 255, 0],[0, 0, 255],90,45,3,2,1,0,nochange_ori,z,0,testing
8,yxm,f,18,noindex,True,417125,417648,z,rect.png,diamond.png,triangle.png,circle.png,[255, 255, 0],[255, 0, 0],135,90,3,1,2,0,nochange_col,z,3,testing
8,yxm,f,18,noindex,True,422218,423216,/,circle.png,triangle.png,rect.png,diamond.png,[255, 255, 0],[0, 255, 0],135,0,0,1,2,3,nochange_ori,z,0,testing
8,yxm,f,18,noindex,True,427878,428720,z,diamond.png,triangle.png,circle.png,rect.png,[255, 255, 0],[0, 255, 0],90,0,3,1,0,2,nochange_col,z,3,testing
8,yxm,f,18,noindex,True,433455,434336,z,circle.png,diamond.png,rect.png,triangle.png,[255, 0, 0],[0, 0, 255],135,45,3,1,2,0,nochange_ori,z,2,testing
8,yxm,f,18,noindex,True,439032,440432,z,circle.png,diamond.png,triangle.png,rect.png,[255, 255, 0],[0, 0, 255],0,90,2,3,0,1,change_col,/,1,testing
8,yxm,f,18,noindex,True,445159,446960,z,rect.png,diamond.png,circle.png,triangle.png,[255, 255, 0],[0, 0, 255],90,135,2,0,1,3,nochange_ori,z,2,testing
8,yxm,f,18,noindex,True,451655,452785,/,diamond.png,circle.png,triangle.png,rect.png,[0, 0, 255],[255, 0, 0],135,45,3,1,0,2,nochange_ori,z,0,testing
8,yxm,f,18,noindex,True,457365,459888,/,diamond.png,rect.png,circle.png,triangle.png,[0, 255, 0],[255, 0, 0],45,0,1,3,2,0,change_ori,/,0,testing
8,yxm,f,18,noindex,True,464595,465168,z,circle.png,rect.png,triangle.png,diamond.png,[255, 0, 0],[255, 255, 0],45,135,3,1,0,2,nochange_col,z,1,testing
8,yxm,f,18,noindex,True,469755,470560,z,circle.png,diamond.png,triangle.png,rect.png,[0, 0, 255],[0, 255, 0],45,135,1,2,0,3,change_col,/,1,testing
8,yxm,f,18,noindex,True,475131,476209,/,diamond.png,rect.png,triangle.png,circle.png,[0, 255, 0],[0, 0, 255],0,90,1,0,3,2,change_ori,/,0,testing
8,yxm,f,18,noindex,True,480925,482112,/,diamond.png,circle.png,rect.png,triangle.png,[0, 0, 255],[255, 255, 0],135,90,0,2,1,3,change_col,/,1,testing
8,yxm,f,18,noindex,True,486852,488576,z,diamond.png,triangle.png,rect.png,circle.png,[255, 255, 0],[255, 0, 0],135,45,2,3,1,0,nochange_ori,z,2,testing
8,yxm,f,18,noindex,True,493198,495519,/,circle.png,triangle.png,diamond.png,rect.png,[0, 255, 0],[255, 255, 0],135,90,0,1,2,3,change_ori,/,2,testing
8,yxm,f,18,noindex,True,500194,501248,z,triangle.png,rect.png,diamond.png,circle.png,[0, 0, 255],[0, 255, 0],45,0,3,0,2,1,nochange_ori,z,2,testing
8,yxm,f,18,noindex,True,505821,506560,z,diamond.png,circle.png,rect.png,triangle.png,[0, 255, 0],[0, 0, 255],135,0,1,2,0,3,nochange_ori,z,2,testing
8,yxm,f,18,noindex,True,511214,511936,z,rect.png,circle.png,triangle.png,diamond.png,[0, 0, 255],[255, 0, 0],45,0,0,2,3,1,nochange_ori,z,0,testing
8,yxm,f,18,noindex,True,516523,517408,/,circle.png,triangle.png,diamond.png,rect.png,[255, 0, 0],[0, 255, 0],0,45,1,3,2,0,change_col,/,3,testing
8,yxm,f,18,noindex,True,522168,522944,z,triangle.png,rect.png,diamond.png,circle.png,[255, 255, 0],[255, 0, 0],45,0,0,2,1,3,nochange_col,z,3,testing
8,yxm,f,18,noindex,True,527560,528208,z,circle.png,triangle.png,diamond.png,rect.png,[0, 255, 0],[255, 255, 0],0,90,1,2,0,3,nochange_col,z,3,testing
8,yxm,f,18,noindex,True,532803,533856,z,circle.png,diamond.png,triangle.png,rect.png,[0, 0, 255],[0, 255, 0],45,90,2,3,1,0,nochange_ori,z,0,testing
8,yxm,f,18,noindex,True,538564,539264,z,triangle.png,circle.png,rect.png,diamond.png,[255, 255, 0],[0, 255, 0],90,0,3,1,0,2,nochange_ori,z,2,testing
8,yxm,f,18,noindex,True,543841,544511,z,diamond.png,triangle.png,circle.png,rect.png,[255, 255, 0],[0, 255, 0],135,90,0,1,2,3,nochange_col,z,3,testing
8,yxm,f,18,noindex,True,549218,550640,/,diamond.png,circle.png,triangle.png,rect.png,[255, 0, 0],[0, 255, 0],135,45,2,1,3,0,change_col,/,1,testing
8,yxm,f,18,noindex,True,555412,556672,z,circle.png,triangle.png,diamond.png,rect.png,[255, 255, 0],[255, 0, 0],0,90,2,1,0,3,nochange_ori,z,0,testing
8,yxm,f,18,noindex,True,561323,561904,z,diamond.png,circle.png,rect.png,triangle.png,[255, 255, 0],[255, 0, 0],135,0,1,3,2,0,nochange_ori,z,2,testing
8,yxm,f,18,noindex,True,566633,568448,z,circle.png,rect.png,triangle.png,diamond.png,[0, 0, 255],[255, 0, 0],0,135,1,3,2,0,change_ori,/,0,testing
8,yxm,f,18,noindex,True,573027,574576,/,circle.png,rect.png,triangle.png,diamond.png,[255, 0, 0],[0, 255, 0],90,0,2,1,3,0,change_ori,/,2,testing
8,yxm,f,18,noindex,True,579189,580384,/,rect.png,circle.png,diamond.png,triangle.png,[0, 255, 0],[0, 0, 255],0,135,0,1,3,2,nochange_col,z,3,testing
8,yxm,f,18,noindex,True,584966,585712,z,rect.png,circle.png,diamond.png,triangle.png,[255, 255, 0],[255, 0, 0],90,0,0,1,2,3,nochange_col,z,3,testing
8,yxm,f,18,noindex,True,590308,591104,z,triangle.png,rect.png,diamond.png,circle.png,[0, 255, 0],[0, 0, 255],90,45,0,3,1,2,nochange_col,z,3,testing
8,yxm,f,18,noindex,True,595736,597183,z,rect.png,circle.png,triangle.png,diamond.png,[0, 0, 255],[255, 255, 0],0,135,0,2,3,1,nochange_col,z,3,testing
8,yxm,f,18,noindex,True,601813,602960,/,rect.png,triangle.png,diamond.png,circle.png,[0, 0, 255],[255, 255, 0],135,45,3,0,1,2,change_ori,/,0,testing
8,yxm,f,18,noindex,True,607574,608431,z,diamond.png,rect.png,circle.png,triangle.png,[0, 0, 255],[0, 255, 0],0,135,0,3,1,2,change_col,/,3,testing
8,yxm,f,18,noindex,True,613201,613840,z,circle.png,rect.png,triangle.png,diamond.png,[255, 255, 0],[255, 0, 0],0,45,0,2,3,1,nochange_ori,z,2,testing
8,yxm,f,18,noindex,True,618528,619248,z,triangle.png,rect.png,diamond.png,circle.png,[255, 0, 0],[255, 255, 0],90,135,3,2,0,1,change_ori,/,2,testing
8,yxm,f,18,noindex,True,623854,624831,z,rect.png,triangle.png,diamond.png,circle.png,[255, 255, 0],[0, 0, 255],0,45,3,0,1,2,nochange_ori,z,0,testing
8,yxm,f,18,noindex,True,629498,632191,/,diamond.png,circle.png,rect.png,triangle.png,[0, 255, 0],[255, 255, 0],0,45,2,0,3,1,change_ori,/,0,testing
8,yxm,f,18,noindex,True,636861,637887,z,triangle.png,circle.png,rect.png,diamond.png,[255, 255, 0],[0, 255, 0],90,135,3,2,0,1,nochange_col,z,1,testing
8,yxm,f,18,noindex,True,642572,643743,/,diamond.png,circle.png,rect.png,triangle.png,[255, 0, 0],[0, 0, 255],45,90,3,2,0,1,change_ori,/,0,testing
8,yxm,f,18,noindex,True,648399,650479,z,triangle.png,circle.png,rect.png,diamond.png,[255, 0, 0],[0, 0, 255],0,135,1,0,2,3,nochange_col,z,1,testing
8,yxm,f,18,noindex,True,655111,655775,/,triangle.png,circle.png,diamond.png,rect.png,[255, 255, 0],[255, 0, 0],135,45,1,3,2,0,change_col,/,1,testing
8,yxm,f,18,noindex,True,660371,661390,/,rect.png,triangle.png,circle.png,diamond.png,[0, 0, 255],[255, 0, 0],45,135,3,1,2,0,nochange_ori,z,0,testing
8,yxm,f,18,noindex,True,666082,667296,/,rect.png,circle.png,diamond.png,triangle.png,[0, 0, 255],[255, 0, 0],90,45,1,0,3,2,change_ori,/,0,testing
8,yxm,f,18,noindex,True,672010,673103,/,triangle.png,diamond.png,rect.png,circle.png,[0, 255, 0],[255, 255, 0],90,135,0,1,3,2,change_col,/,1,testing
8,yxm,f,18,noindex,True,677820,679439,/,rect.png,triangle.png,circle.png,diamond.png,[0, 0, 255],[255, 255, 0],135,45,1,2,3,0,change_ori,/,2,testing
8,yxm,f,18,noindex,True,684148,685183,z,rect.png,triangle.png,circle.png,diamond.png,[0, 0, 255],[255, 255, 0],0,135,1,0,3,2,nochange_col,z,3,testing
8,yxm,f,18,noindex,True,689892,691151,/,diamond.png,circle.png,rect.png,triangle.png,[255, 0, 0],[0, 0, 255],45,0,2,1,0,3,nochange_ori,z,0,testing
8,yxm,f,18,noindex,True,695886,696942,/,rect.png,circle.png,diamond.png,triangle.png,[255, 255, 0],[0, 0, 255],0,90,1,0,3,2,change_col,/,1,testing
8,yxm,f,18,noindex,True,701647,702831,/,diamond.png,triangle.png,rect.png,circle.png,[255, 255, 0],[0, 0, 255],0,90,2,0,3,1,change_ori,/,2,testing
8,yxm,f,18,noindex,True,707458,709087,/,triangle.png,diamond.png,rect.png,circle.png,[0, 0, 255],[255, 255, 0],0,135,3,1,2,0,change_col,/,1,testing
8,yxm,f,18,noindex,True,713753,714654,z,diamond.png,circle.png,rect.png,triangle.png,[255, 255, 0],[255, 0, 0],0,90,2,0,1,3,nochange_col,z,1,testing
8,yxm,f,18,noindex,True,719279,720399,/,circle.png,diamond.png,rect.png,triangle.png,[0, 255, 0],[255, 255, 0],90,45,2,0,1,3,change_col,/,3,testing
8,yxm,f,18,noindex,True,724973,726495,/,circle.png,rect.png,diamond.png,triangle.png,[0, 0, 255],[255, 0, 0],0,135,1,3,0,2,change_col,/,3,testing
8,yxm,f,18,noindex,True,731118,732398,/,circle.png,triangle.png,rect.png,diamond.png,[0, 0, 255],[255, 255, 0],90,45,3,2,0,1,change_col,/,1,testing
8,yxm,f,18,noindex,True,736995,738191,/,rect.png,triangle.png,circle.png,diamond.png,[255, 0, 0],[0, 255, 0],45,135,2,0,3,1,change_col,/,1,testing
8,yxm,f,18,noindex,True,742906,743775,/,diamond.png,rect.png,circle.png,triangle.png,[255, 255, 0],[0, 255, 0],90,135,3,2,1,0,change_col,/,3,testing
8,yxm,f,18,noindex,True,748516,749407,/,triangle.png,circle.png,rect.png,diamond.png,[255, 0, 0],[0, 255, 0],45,0,3,0,1,2,change_col,/,1,testing
8,yxm,f,18,noindex,True,754059,754879,/,diamond.png,circle.png,triangle.png,rect.png,[0, 255, 0],[255, 0, 0],135,90,1,3,0,2,change_ori,/,2,testing
8,yxm,f,18,noindex,True,759519,760831,/,diamond.png,circle.png,triangle.png,rect.png,[0, 255, 0],[0, 0, 255],135,45,1,2,0,3,nochange_col,z,1,testing
8,yxm,f,18,noindex,True,765414,766302,z,circle.png,triangle.png,diamond.png,rect.png,[0, 0, 255],[0, 255, 0],45,0,1,3,0,2,change_ori,/,2,testing
8,yxm,f,18,noindex,True,770958,772590,/,rect.png,circle.png,triangle.png,diamond.png,[255, 0, 0],[0, 0, 255],45,135,1,0,3,2,change_ori,/,2,testing
8,yxm,f,18,noindex,True,777302,778111,/,circle.png,triangle.png,diamond.png,rect.png,[0, 0, 255],[0, 255, 0],0,135,0,3,2,1,nochange_ori,z,0,testing
8,yxm,f,18,noindex,True,782762,783486,/,rect.png,triangle.png,diamond.png,circle.png,[0, 0, 255],[0, 255, 0],135,0,1,0,3,2,change_col,/,3,testing
8,yxm,f,18,noindex,True,788139,789438,/,diamond.png,rect.png,triangle.png,circle.png,[255, 255, 0],[255, 0, 0],135,0,3,1,0,2,change_col,/,3,testing
8,yxm,f,18,noindex,True,822569,823535,/,diamond.png,rect.png,triangle.png,circle.png,[0, 255, 0],[255, 255, 0],0,45,3,0,2,1,nochange_ori,z,2,testing
8,yxm,f,18,noindex,True,828213,829791,/,diamond.png,triangle.png,rect.png,circle.png,[0, 255, 0],[255, 255, 0],135,0,0,3,2,1,nochange_ori,z,2,testing
8,yxm,f,18,noindex,True,834357,835150,z,triangle.png,circle.png,rect.png,diamond.png,[0, 0, 255],[255, 255, 0],90,0,1,3,0,2,nochange_col,z,3,testing
8,yxm,f,18,noindex,True,839801,840879,/,rect.png,diamond.png,triangle.png,circle.png,[255, 0, 0],[0, 0, 255],0,90,1,2,3,0,change_ori,/,0,testing
8,yxm,f,18,noindex,True,845494,846158,/,diamond.png,rect.png,triangle.png,circle.png,[0, 255, 0],[255, 0, 0],0,45,3,2,1,0,change_ori,/,0,testing
8,yxm,f,18,noindex,True,850770,851551,/,rect.png,circle.png,diamond.png,triangle.png,[0, 255, 0],[255, 0, 0],45,90,3,0,1,2,change_col,/,3,testing
8,yxm,f,18,noindex,True,856230,857343,z,rect.png,triangle.png,diamond.png,circle.png,[0, 255, 0],[255, 255, 0],90,45,2,3,0,1,nochange_ori,z,2,testing
8,yxm,f,18,noindex,True,861941,862799,/,rect.png,triangle.png,circle.png,diamond.png,[0, 0, 255],[0, 255, 0],0,45,2,3,1,0,change_ori,/,0,testing
8,yxm,f,18,noindex,True,867568,868334,z,triangle.png,rect.png,diamond.png,circle.png,[0, 0, 255],[0, 255, 0],45,0,1,2,0,3,change_col,/,1,testing
8,yxm,f,18,noindex,True,873028,874109,z,rect.png,circle.png,triangle.png,diamond.png,[0, 255, 0],[255, 255, 0],0,90,3,2,1,0,nochange_ori,z,0,testing
8,yxm,f,18,noindex,True,878688,880190,/,triangle.png,diamond.png,circle.png,rect.png,[0, 0, 255],[255, 255, 0],45,0,3,1,2,0,change_col,/,3,testing
8,yxm,f,18,noindex,True,884800,885358,/,rect.png,diamond.png,circle.png,triangle.png,[255, 255, 0],[0, 0, 255],45,0,2,3,0,1,change_col,/,1,testing
8,yxm,f,18,noindex,True,890043,890750,/,rect.png,diamond.png,circle.png,triangle.png,[255, 255, 0],[255, 0, 0],135,45,0,2,3,1,change_col,/,1,testing
8,yxm,f,18,noindex,True,895352,896046,z,diamond.png,rect.png,triangle.png,circle.png,[255, 255, 0],[0, 255, 0],0,90,1,3,0,2,nochange_col,z,1,testing
8,yxm,f,18,noindex,True,900779,901838,z,circle.png,rect.png,triangle.png,diamond.png,[0, 0, 255],[0, 255, 0],135,45,2,3,1,0,nochange_col,z,3,testing
8,yxm,f,18,noindex,True,906540,907374,/,rect.png,triangle.png,circle.png,diamond.png,[0, 0, 255],[255, 0, 0],90,45,1,3,0,2,change_ori,/,2,testing
8,yxm,f,18,noindex,True,912016,912974,z,rect.png,circle.png,triangle.png,diamond.png,[0, 0, 255],[0, 255, 0],90,135,2,0,1,3,nochange_col,z,1,testing
8,yxm,f,18,noindex,True,917660,918429,z,triangle.png,rect.png,circle.png,diamond.png,[0, 0, 255],[0, 255, 0],135,0,3,1,2,0,change_col,/,1,testing
8,yxm,f,18,noindex,True,923004,923405,/,rect.png,triangle.png,circle.png,diamond.png,[0, 0, 255],[255, 0, 0],45,0,2,3,0,1,nochange_ori,z,2,testing
8,yxm,f,18,noindex,True,928113,929789,/,triangle.png,circle.png,diamond.png,rect.png,[255, 0, 0],[0, 0, 255],45,135,2,0,3,1,change_col,/,1,testing
8,yxm,f,18,noindex,True,934390,935357,/,rect.png,diamond.png,triangle.png,circle.png,[0, 0, 255],[0, 255, 0],45,135,1,0,2,3,change_col,/,1,testing
8,yxm,f,18,noindex,True,939984,941022,/,rect.png,triangle.png,diamond.png,circle.png,[255, 0, 0],[0, 255, 0],135,45,0,1,3,2,change_col,/,3,testing
8,yxm,f,18,noindex,True,945761,947166,/,triangle.png,diamond.png,circle.png,rect.png,[0, 255, 0],[0, 0, 255],45,90,1,3,0,2,change_ori,/,2,testing
8,yxm,f,18,noindex,True,951923,953101,/,circle.png,triangle.png,rect.png,diamond.png,[0, 0, 255],[255, 255, 0],45,0,2,0,1,3,change_col,/,1,testing
8,yxm,f,18,noindex,True,957801,958557,/,diamond.png,rect.png,circle.png,triangle.png,[255, 0, 0],[255, 255, 0],90,45,3,2,0,1,nochange_col,z,3,testing
8,yxm,f,18,noindex,True,963143,964126,z,diamond.png,rect.png,circle.png,triangle.png,[0, 255, 0],[0, 0, 255],90,45,2,0,1,3,change_col,/,1,testing
8,yxm,f,18,noindex,True,968803,969885,/,triangle.png,circle.png,rect.png,diamond.png,[255, 255, 0],[0, 0, 255],45,135,0,1,2,3,change_ori,/,2,testing
8,yxm,f,18,noindex,True,974531,975198,/,diamond.png,rect.png,circle.png,triangle.png,[255, 0, 0],[0, 255, 0],0,45,3,1,0,2,change_col,/,3,testing
8,yxm,f,18,noindex,True,979824,980766,/,triangle.png,rect.png,diamond.png,circle.png,[255, 0, 0],[0, 255, 0],90,135,2,1,0,3,nochange_ori,z,0,testing
8,yxm,f,18,noindex,True,985502,986718,z,diamond.png,triangle.png,circle.png,rect.png,[255, 255, 0],[255, 0, 0],0,135,2,3,1,0,nochange_ori,z,0,testing
8,yxm,f,18,noindex,True,991463,992061,z,diamond.png,rect.png,circle.png,triangle.png,[255, 255, 0],[0, 255, 0],45,135,3,1,2,0,nochange_col,z,1,testing
8,yxm,f,18,noindex,True,996705,997437,z,diamond.png,triangle.png,circle.png,rect.png,[255, 255, 0],[0, 255, 0],45,90,0,2,1,3,nochange_col,z,1,testing
8,yxm,f,18,noindex,True,1002098,1003038,/,diamond.png,triangle.png,rect.png,circle.png,[0, 0, 255],[255, 0, 0],45,90,3,2,0,1,change_ori,/,0,testing
8,yxm,f,18,noindex,True,1007625,1008989,/,diamond.png,triangle.png,rect.png,circle.png,[255, 0, 0],[0, 0, 255],135,90,2,1,0,3,nochange_ori,z,0,testing
8,yxm,f,18,noindex,True,1013603,1014653,z,triangle.png,rect.png,circle.png,diamond.png,[255, 0, 0],[0, 0, 255],135,0,1,0,2,3,nochange_ori,z,0,testing
8,yxm,f,18,noindex,True,1019297,1020382,/,circle.png,triangle.png,rect.png,diamond.png,[255, 0, 0],[255, 255, 0],90,135,2,1,3,0,change_ori,/,0,testing
8,yxm,f,18,noindex,True,1025074,1026125,/,diamond.png,triangle.png,circle.png,rect.png,[0, 255, 0],[255, 255, 0],0,135,0,1,3,2,change_ori,/,0,testing
8,yxm,f,18,noindex,True,1030851,1031485,/,triangle.png,circle.png,rect.png,diamond.png,[0, 0, 255],[255, 0, 0],90,45,1,0,2,3,change_ori,/,0,testing
8,yxm,f,18,noindex,True,1036227,1037149,/,circle.png,rect.png,triangle.png,diamond.png,[255, 0, 0],[255, 255, 0],90,0,2,1,0,3,change_ori,/,2,testing
8,yxm,f,18,noindex,True,1041804,1045501,/,diamond.png,triangle.png,circle.png,rect.png,[0, 255, 0],[255, 0, 0],0,135,3,0,1,2,nochange_col,z,3,testing
8,yxm,f,18,noindex,True,1050170,1051134,/,rect.png,triangle.png,circle.png,diamond.png,[0, 255, 0],[0, 0, 255],0,45,3,2,0,1,change_ori,/,0,testing
8,yxm,f,18,noindex,True,1055697,1056621,z,circle.png,diamond.png,rect.png,triangle.png,[0, 0, 255],[255, 0, 0],135,0,1,0,3,2,nochange_ori,z,0,testing
8,yxm,f,18,noindex,True,1061273,1061949,z,rect.png,triangle.png,diamond.png,circle.png,[255, 255, 0],[0, 0, 255],135,45,3,2,0,1,nochange_col,z,3,testing
8,yxm,f,18,noindex,True,1066683,1067437,/,triangle.png,diamond.png,rect.png,circle.png,[0, 0, 255],[255, 255, 0],0,135,1,0,3,2,change_col,/,3,testing
8,yxm,f,18,noindex,True,1072027,1072829,/,rect.png,diamond.png,triangle.png,circle.png,[255, 255, 0],[0, 255, 0],0,135,3,0,2,1,change_ori,/,0,testing
8,yxm,f,18,noindex,True,1077487,1078589,/,circle.png,rect.png,triangle.png,diamond.png,[255, 0, 0],[0, 255, 0],90,45,1,2,3,0,change_ori,/,2,testing
8,yxm,f,18,noindex,True,1083247,1084108,z,rect.png,circle.png,diamond.png,triangle.png,[255, 255, 0],[255, 0, 0],0,135,2,1,0,3,nochange_col,z,1,testing
8,yxm,f,18,noindex,True,1088690,1089804,z,diamond.png,triangle.png,circle.png,rect.png,[255, 0, 0],[0, 255, 0],0,90,2,1,3,0,nochange_ori,z,2,testing
8,yxm,f,18,noindex,True,1094535,1095645,z,triangle.png,diamond.png,rect.png,circle.png,[0, 0, 255],[0, 255, 0],0,90,2,1,3,0,nochange_ori,z,2,testing
8,yxm,f,18,noindex,True,1100312,1100957,z,circle.png,diamond.png,rect.png,triangle.png,[0, 0, 255],[0, 255, 0],45,135,3,2,1,0,nochange_col,z,3,testing
8,yxm,f,18,noindex,True,1105705,1106653,/,diamond.png,triangle.png,circle.png,rect.png,[0, 0, 255],[0, 255, 0],45,135,0,3,1,2,change_col,/,3,testing
8,yxm,f,18,noindex,True,1111299,1112029,/,rect.png,circle.png,triangle.png,diamond.png,[255, 255, 0],[255, 0, 0],0,135,0,1,2,3,change_col,/,1,testing
8,yxm,f,18,noindex,True,1116692,1117804,/,diamond.png,rect.png,circle.png,triangle.png,[255, 255, 0],[0, 255, 0],45,0,0,1,3,2,change_ori,/,0,testing
8,yxm,f,18,noindex,True,1122536,1123373,/,circle.png,rect.png,diamond.png,triangle.png,[0, 0, 255],[255, 0, 0],45,135,1,2,3,0,nochange_col,z,1,testing
8,yxm,f,18,noindex,True,1128113,1129260,/,diamond.png,circle.png,rect.png,triangle.png,[0, 255, 0],[255, 255, 0],90,45,3,1,0,2,nochange_ori,z,2,testing
8,yxm,f,18,noindex,True,1133874,1134684,/,circle.png,triangle.png,rect.png,diamond.png,[0, 255, 0],[255, 0, 0],45,0,2,3,0,1,change_ori,/,0,testing
8,yxm,f,18,noindex,True,1139317,1141260,/,diamond.png,circle.png,triangle.png,rect.png,[255, 255, 0],[255, 0, 0],45,135,2,3,0,1,change_col,/,1,testing
8,yxm,f,18,noindex,True,1145996,1146157,/,triangle.png,rect.png,diamond.png,circle.png,[0, 255, 0],[0, 0, 255],0,135,2,3,1,0,nochange_ori,z,0,testing
8,yxm,f,18,noindex,True,1150771,1151405,z,triangle.png,rect.png,circle.png,diamond.png,[0, 0, 255],[0, 255, 0],135,90,1,3,0,2,nochange_ori,z,2,testing
8,yxm,f,18,noindex,True,1155998,1156732,z,diamond.png,triangle.png,rect.png,circle.png,[255, 255, 0],[0, 0, 255],0,45,1,2,0,3,nochange_ori,z,2,testing
8,yxm,f,18,noindex,True,1161425,1161644,/,circle.png,rect.png,triangle.png,diamond.png,[255, 0, 0],[0, 255, 0],90,135,2,1,0,3,nochange_ori,z,0,testing
8,yxm,f,18,noindex,True,1166300,1167931,/,rect.png,triangle.png,diamond.png,circle.png,[255, 0, 0],[0, 255, 0],0,90,3,2,1,0,change_ori,/,0,testing
8,yxm,f,18,noindex,True,1172628,1173837,z,diamond.png,rect.png,circle.png,triangle.png,[0, 255, 0],[0, 0, 255],0,45,3,0,2,1,nochange_ori,z,2,testing
8,yxm,f,18,noindex,True,1178405,1179020,z,triangle.png,rect.png,diamond.png,circle.png,[0, 0, 255],[0, 255, 0],135,90,2,3,0,1,nochange_col,z,3,testing
8,yxm,f,18,noindex,True,1183715,1185293,z,triangle.png,diamond.png,circle.png,rect.png,[0, 0, 255],[255, 255, 0],45,90,2,0,1,3,change_col,/,3,testing
8,yxm,f,18,noindex,True,1189960,1190797,/,circle.png,triangle.png,diamond.png,rect.png,[0, 255, 0],[0, 0, 255],0,135,2,0,1,3,change_col,/,1,testing
8,yxm,f,18,noindex,True,1195520,1196732,z,triangle.png,rect.png,circle.png,diamond.png,[255, 255, 0],[0, 255, 0],90,135,3,1,2,0,change_col,/,3,testing
8,yxm,f,18,noindex,True,1201397,1202204,/,diamond.png,circle.png,rect.png,triangle.png,[0, 255, 0],[255, 255, 0],45,0,3,2,0,1,nochange_col,z,1,testing
8,yxm,f,18,noindex,True,1206958,1208460,/,circle.png,diamond.png,triangle.png,rect.png,[0, 255, 0],[255, 255, 0],135,0,3,1,2,0,change_ori,/,0,testing
8,yxm,f,18,noindex,True,1213153,1213932,z,rect.png,triangle.png,diamond.png,circle.png,[255, 0, 0],[255, 255, 0],90,45,0,3,1,2,nochange_col,z,1,testing
8,yxm,f,18,noindex,True,1218629,1219820,z,diamond.png,triangle.png,circle.png,rect.png,[255, 255, 0],[0, 255, 0],135,0,0,3,2,1,nochange_ori,z,2,testing
8,yxm,f,18,noindex,True,1224406,1225324,z,triangle.png,circle.png,rect.png,diamond.png,[0, 255, 0],[255, 255, 0],90,0,2,0,3,1,nochange_col,z,3,testing
8,yxm,f,18,noindex,True,1230067,1230828,z,diamond.png,triangle.png,rect.png,circle.png,[255, 255, 0],[0, 0, 255],90,0,0,3,2,1,nochange_col,z,1,testing
8,yxm,f,18,noindex,True,1235510,1236220,z,triangle.png,rect.png,diamond.png,circle.png,[0, 255, 0],[255, 255, 0],90,135,3,1,0,2,nochange_col,z,3,testing
8,yxm,f,18,noindex,True,1240853,1242140,/,diamond.png,triangle.png,rect.png,circle.png,[0, 0, 255],[0, 255, 0],90,45,0,3,2,1,change_col,/,3,testing
8,yxm,f,18,noindex,True,1246730,1247132,/,triangle.png,diamond.png,rect.png,circle.png,[255, 255, 0],[0, 0, 255],90,0,0,2,1,3,change_ori,/,0,testing
8,yxm,f,18,noindex,True,1251907,1252540,z,circle.png,diamond.png,rect.png,triangle.png,[255, 255, 0],[255, 0, 0],90,45,1,0,2,3,nochange_col,z,3,testing
8,yxm,f,18,noindex,True,1257266,1258028,z,triangle.png,rect.png,circle.png,diamond.png,[255, 0, 0],[0, 0, 255],90,0,3,0,2,1,nochange_ori,z,0,testing
8,yxm,f,18,noindex,True,1262627,1263484,/,rect.png,diamond.png,triangle.png,circle.png,[0, 255, 0],[255, 0, 0],0,90,0,1,3,2,change_ori,/,0,testing
8,yxm,f,18,noindex,True,1268070,1269308,z,triangle.png,diamond.png,rect.png,circle.png,[255, 0, 0],[0, 0, 255],90,45,0,1,3,2,nochange_col,z,3,testing
