subj,name,gender,age,cond,P_resp,P_startTime,P_respTime,P_gotKey,shape1,shape2,shape3,shape4,color1,color2,color3,color4ori1,ori2,ori3,ori4ord_1,ord_2,ord_3,ord_4,task,correct_key,no_change,mode
8,yxm,f,18,index,True,66182,67051,z,circle.png,triangle.png,circle.png,triangle.png,[255, 0, 0],[0, 0, 255],45,135,2,1,0,3,nochange_col,z,1,practice
8,yxm,f,18,index,True,71710,72491,/,rect.png,circle.png,rect.png,circle.png,[0, 0, 255],[255, 255, 0],90,45,3,0,2,1,change_col,/,3,practice
8,yxm,f,18,index,True,77236,77770,z,rect.png,diamond.png,rect.png,diamond.png,[255, 255, 0],[0, 0, 255],135,0,3,2,1,0,nochange_col,z,1,practice
8,yxm,f,18,index,True,82479,83738,z,diamond.png,circle.png,diamond.png,circle.png,[255, 255, 0],[0, 255, 0],135,90,2,0,3,1,nochange_ori,z,0,practice
8,yxm,f,18,index,True,88457,89114,/,diamond.png,rect.png,diamond.png,rect.png,[255, 255, 0],[0, 255, 0],135,45,1,2,0,3,change_col,/,3,practice
8,yxm,f,18,index,True,93816,94394,z,circle.png,diamond.png,circle.png,diamond.png,[0, 0, 255],[0, 255, 0],0,45,3,0,2,1,change_col,/,1,practice
8,yxm,f,18,index,True,99109,100010,z,diamond.png,circle.png,diamond.png,circle.png,[255, 255, 0],[255, 0, 0],90,0,1,3,2,0,nochange_ori,z,0,practice
8,yxm,f,18,index,True,104587,105050,z,diamond.png,triangle.png,diamond.png,triangle.png,[255, 0, 0],[255, 255, 0],90,135,2,3,0,1,nochange_col,z,1,practice
8,yxm,f,18,index,True,109645,110938,/,circle.png,diamond.png,circle.png,diamond.png,[255, 255, 0],[255, 0, 0],135,90,2,1,3,0,change_ori,/,2,practice
8,yxm,f,18,index,True,115607,116330,z,circle.png,rect.png,circle.png,rect.png,[0, 255, 0],[255, 0, 0],90,0,2,1,3,0,nochange_ori,z,0,practice
8,yxm,f,18,index,True,120933,121354,/,triangle.png,circle.png,triangle.png,circle.png,[0, 0, 255],[0, 255, 0],45,0,1,2,0,3,nochange_ori,z,2,practice
8,yxm,f,18,index,True,126109,126969,/,diamond.png,circle.png,diamond.png,circle.png,[0, 0, 255],[255, 0, 0],45,0,1,2,3,0,change_ori,/,2,practice
8,yxm,f,18,index,True,131552,131929,z,circle.png,rect.png,circle.png,rect.png,[0, 255, 0],[0, 0, 255],0,90,1,0,3,2,nochange_ori,z,2,practice
8,yxm,f,18,index,True,136612,136795,/,rect.png,triangle.png,rect.png,triangle.png,[255, 255, 0],[255, 0, 0],90,135,0,1,2,3,change_ori,/,0,practice
8,yxm,f,18,index,True,141538,142250,z,diamond.png,triangle.png,diamond.png,triangle.png,[255, 255, 0],[255, 0, 0],0,135,3,0,2,1,nochange_col,z,3,practice
8,yxm,f,18,index,True,146847,147850,/,rect.png,triangle.png,rect.png,triangle.png,[255, 255, 0],[0, 255, 0],135,45,1,2,3,0,nochange_col,z,3,practice
8,yxm,f,18,index,True,152458,153130,/,rect.png,triangle.png,rect.png,triangle.png,[255, 255, 0],[0, 255, 0],0,45,2,3,0,1,change_col,/,3,practice
8,yxm,f,18,index,True,157850,158282,/,triangle.png,diamond.png,triangle.png,diamond.png,[255, 0, 0],[0, 255, 0],0,90,2,0,1,3,change_ori,/,2,practice
8,yxm,f,18,index,True,163027,163338,/,diamond.png,triangle.png,diamond.png,triangle.png,[255, 255, 0],[255, 0, 0],135,90,3,0,2,1,change_col,/,3,practice
8,yxm,f,18,index,True,167936,168649,/,rect.png,diamond.png,rect.png,diamond.png,[255, 255, 0],[255, 0, 0],135,0,3,0,2,1,change_ori,/,0,practice
8,yxm,f,18,index,True,185485,186378,z,triangle.png,rect.png,triangle.png,rect.png,[0, 255, 0],[255, 0, 0],0,45,1,2,0,3,nochange_ori,z,0,testing
8,yxm,f,18,index,True,190978,191594,/,rect.png,triangle.png,rect.png,triangle.png,[255, 0, 0],[0, 255, 0],0,90,1,2,0,3,change_col,/,1,testing
8,yxm,f,18,index,True,196288,197562,z,rect.png,diamond.png,rect.png,diamond.png,[255, 255, 0],[0, 255, 0],45,135,1,2,3,0,nochange_ori,z,0,testing
8,yxm,f,18,index,True,202249,202809,/,diamond.png,circle.png,diamond.png,circle.png,[255, 0, 0],[0, 0, 255],45,90,3,1,2,0,change_col,/,3,testing
8,yxm,f,18,index,True,207542,208794,/,triangle.png,circle.png,triangle.png,circle.png,[255, 255, 0],[255, 0, 0],0,45,3,2,1,0,change_ori,/,0,testing
8,yxm,f,18,index,True,213436,214122,/,circle.png,triangle.png,circle.png,triangle.png,[0, 255, 0],[0, 0, 255],135,45,3,2,0,1,nochange_ori,z,0,testing
8,yxm,f,18,index,True,218863,219994,/,rect.png,circle.png,rect.png,circle.png,[255, 255, 0],[255, 0, 0],135,0,2,1,3,0,change_col,/,3,testing
8,yxm,f,18,index,True,224723,225466,/,rect.png,triangle.png,rect.png,triangle.png,[255, 255, 0],[0, 0, 255],90,0,0,2,1,3,change_col,/,1,testing
8,yxm,f,18,index,True,230233,230937,/,circle.png,rect.png,circle.png,rect.png,[0, 255, 0],[0, 0, 255],0,135,3,2,1,0,change_col,/,1,testing
8,yxm,f,18,index,True,235677,236313,z,diamond.png,circle.png,diamond.png,circle.png,[255, 255, 0],[0, 255, 0],0,90,0,2,1,3,nochange_col,z,3,testing
8,yxm,f,18,index,True,240969,241737,/,triangle.png,diamond.png,triangle.png,diamond.png,[0, 255, 0],[0, 0, 255],90,0,1,3,2,0,change_ori,/,2,testing
8,yxm,f,18,index,True,246363,246969,/,circle.png,rect.png,circle.png,rect.png,[0, 0, 255],[255, 0, 0],45,90,0,3,2,1,change_col,/,1,testing
8,yxm,f,18,index,True,251723,252874,z,diamond.png,triangle.png,diamond.png,triangle.png,[0, 255, 0],[255, 0, 0],135,90,2,0,3,1,nochange_col,z,1,testing
8,yxm,f,18,index,True,257517,258538,/,circle.png,triangle.png,circle.png,triangle.png,[0, 255, 0],[255, 0, 0],135,90,3,1,2,0,change_ori,/,2,testing
8,yxm,f,18,index,True,263161,264313,/,rect.png,triangle.png,rect.png,triangle.png,[0, 0, 255],[0, 255, 0],90,0,1,3,2,0,change_col,/,3,testing
8,yxm,f,18,index,True,268971,269720,z,diamond.png,circle.png,diamond.png,circle.png,[255, 0, 0],[0, 255, 0],90,135,2,1,0,3,nochange_col,z,1,testing
8,yxm,f,18,index,True,274382,278329,/,rect.png,diamond.png,rect.png,diamond.png,[0, 255, 0],[0, 0, 255],90,45,0,1,3,2,nochange_col,z,1,testing
8,yxm,f,18,index,True,282997,284025,z,circle.png,triangle.png,circle.png,triangle.png,[0, 0, 255],[0, 255, 0],135,90,0,3,2,1,nochange_ori,z,2,testing
8,yxm,f,18,index,True,288724,289513,/,rect.png,triangle.png,rect.png,triangle.png,[255, 255, 0],[0, 0, 255],90,0,3,1,2,0,change_ori,/,2,testing
8,yxm,f,18,index,True,294268,294937,/,circle.png,rect.png,circle.png,rect.png,[0, 255, 0],[255, 255, 0],45,0,3,1,0,2,change_ori,/,2,testing
8,yxm,f,18,index,True,299594,300345,/,diamond.png,circle.png,diamond.png,circle.png,[255, 0, 0],[0, 255, 0],45,0,2,1,0,3,change_col,/,1,testing
8,yxm,f,18,index,True,304970,305848,/,rect.png,diamond.png,rect.png,diamond.png,[255, 255, 0],[0, 0, 255],135,90,0,1,2,3,change_ori,/,2,testing
8,yxm,f,18,index,True,310498,312041,/,diamond.png,rect.png,diamond.png,rect.png,[0, 0, 255],[0, 255, 0],135,45,2,1,0,3,change_col,/,1,testing
8,yxm,f,18,index,True,316626,316842,/,triangle.png,circle.png,triangle.png,circle.png,[0, 255, 0],[255, 255, 0],0,45,1,0,3,2,nochange_col,z,1,testing
8,yxm,f,18,index,True,321535,323833,z,rect.png,diamond.png,rect.png,diamond.png,[255, 0, 0],[0, 255, 0],90,135,3,1,2,0,nochange_ori,z,0,testing
8,yxm,f,18,index,True,328497,329161,/,circle.png,triangle.png,circle.png,triangle.png,[255, 255, 0],[255, 0, 0],45,0,0,3,1,2,change_ori,/,2,testing
8,yxm,f,18,index,True,333740,334440,/,diamond.png,triangle.png,diamond.png,triangle.png,[255, 255, 0],[255, 0, 0],45,0,2,1,3,0,change_col,/,1,testing
8,yxm,f,18,index,True,339084,340136,z,triangle.png,rect.png,triangle.png,rect.png,[0, 0, 255],[255, 255, 0],135,45,2,1,0,3,nochange_ori,z,2,testing
8,yxm,f,18,index,True,344894,346185,/,triangle.png,circle.png,triangle.png,circle.png,[255, 255, 0],[0, 255, 0],135,90,1,3,0,2,change_col,/,1,testing
8,yxm,f,18,index,True,350938,351720,z,triangle.png,circle.png,triangle.png,circle.png,[255, 0, 0],[0, 0, 255],0,90,3,2,1,0,nochange_ori,z,0,testing
8,yxm,f,18,index,True,356466,357673,z,diamond.png,rect.png,diamond.png,rect.png,[0, 255, 0],[255, 255, 0],90,0,1,0,2,3,nochange_col,z,3,testing
8,yxm,f,18,index,True,362293,363289,z,circle.png,triangle.png,circle.png,triangle.png,[255, 0, 0],[255, 255, 0],0,90,2,3,0,1,nochange_ori,z,2,testing
8,yxm,f,18,index,True,367853,368888,z,triangle.png,diamond.png,triangle.png,diamond.png,[0, 0, 255],[0, 255, 0],0,45,2,3,0,1,change_ori,/,2,testing
8,yxm,f,18,index,True,373547,373848,z,diamond.png,triangle.png,diamond.png,triangle.png,[0, 0, 255],[255, 0, 0],0,45,1,3,0,2,nochange_col,z,1,testing
8,yxm,f,18,index,True,378539,379737,z,rect.png,diamond.png,rect.png,diamond.png,[0, 0, 255],[255, 255, 0],45,0,1,3,2,0,nochange_ori,z,0,testing
8,yxm,f,18,index,True,384450,385240,z,circle.png,diamond.png,circle.png,diamond.png,[255, 0, 0],[0, 0, 255],90,45,3,2,1,0,nochange_ori,z,2,testing
8,yxm,f,18,index,True,389827,391704,/,triangle.png,diamond.png,triangle.png,diamond.png,[255, 0, 0],[0, 255, 0],135,0,0,2,3,1,change_ori,/,2,testing
8,yxm,f,18,index,True,396388,397144,/,circle.png,triangle.png,circle.png,triangle.png,[255, 255, 0],[0, 255, 0],90,45,2,1,0,3,nochange_ori,z,2,testing
8,yxm,f,18,index,True,401749,402760,z,diamond.png,circle.png,diamond.png,circle.png,[255, 0, 0],[0, 0, 255],135,45,1,2,0,3,change_ori,/,0,testing
8,yxm,f,18,index,True,407426,408264,z,rect.png,circle.png,rect.png,circle.png,[255, 255, 0],[255, 0, 0],0,135,3,0,1,2,change_ori,/,0,testing
8,yxm,f,18,index,True,412935,412953,z,circle.png,rect.png,circle.png,rect.png,[255, 0, 0],[255, 255, 0],135,0,2,3,1,0,change_col,/,1,testing
8,yxm,f,18,index,True,417711,419352,/,diamond.png,triangle.png,diamond.png,triangle.png,[255, 0, 0],[255, 255, 0],0,135,3,1,0,2,change_ori,/,2,testing
8,yxm,f,18,index,True,424056,425177,z,triangle.png,diamond.png,triangle.png,diamond.png,[0, 0, 255],[255, 255, 0],135,45,1,2,0,3,nochange_col,z,1,testing
8,yxm,f,18,index,True,429900,430665,/,rect.png,circle.png,rect.png,circle.png,[0, 255, 0],[0, 0, 255],90,0,2,3,0,1,change_col,/,3,testing
8,yxm,f,18,index,True,435327,436232,/,rect.png,diamond.png,rect.png,diamond.png,[0, 255, 0],[255, 0, 0],135,45,2,1,3,0,nochange_col,z,1,testing
8,yxm,f,18,index,True,440970,441129,/,triangle.png,circle.png,triangle.png,circle.png,[255, 255, 0],[0, 255, 0],135,90,3,1,0,2,nochange_col,z,1,testing
8,yxm,f,18,index,True,445779,447257,z,circle.png,triangle.png,circle.png,triangle.png,[0, 0, 255],[255, 0, 0],0,90,2,1,3,0,nochange_ori,z,2,testing
8,yxm,f,18,index,True,451824,452536,z,diamond.png,triangle.png,diamond.png,triangle.png,[0, 0, 255],[0, 255, 0],45,90,3,0,1,2,nochange_ori,z,0,testing
8,yxm,f,18,index,True,457117,457656,z,circle.png,rect.png,circle.png,rect.png,[0, 255, 0],[0, 0, 255],90,45,2,1,3,0,nochange_ori,z,2,testing
8,yxm,f,18,index,True,462393,463847,/,triangle.png,diamond.png,triangle.png,diamond.png,[0, 0, 255],[255, 255, 0],0,135,3,0,1,2,change_ori,/,0,testing
8,yxm,f,18,index,True,468470,469465,/,triangle.png,diamond.png,triangle.png,diamond.png,[255, 0, 0],[255, 255, 0],45,0,2,3,1,0,change_ori,/,2,testing
8,yxm,f,18,index,True,474132,474969,z,diamond.png,triangle.png,diamond.png,triangle.png,[255, 255, 0],[0, 0, 255],45,0,3,1,0,2,nochange_col,z,3,testing
8,yxm,f,18,index,True,479575,480376,/,diamond.png,rect.png,diamond.png,rect.png,[255, 0, 0],[0, 0, 255],90,45,1,2,3,0,change_col,/,1,testing
8,yxm,f,18,index,True,485068,485992,z,circle.png,rect.png,circle.png,rect.png,[255, 255, 0],[255, 0, 0],0,135,1,3,0,2,change_col,/,3,testing
8,yxm,f,18,index,True,490695,491480,/,circle.png,triangle.png,circle.png,triangle.png,[0, 255, 0],[0, 0, 255],90,135,0,1,2,3,change_ori,/,2,testing
8,yxm,f,18,index,True,496172,496584,z,rect.png,triangle.png,rect.png,triangle.png,[0, 255, 0],[255, 255, 0],90,45,0,3,1,2,change_ori,/,0,testing
8,yxm,f,18,index,True,501215,501752,/,circle.png,diamond.png,circle.png,diamond.png,[255, 255, 0],[0, 0, 255],90,45,0,1,2,3,change_ori,/,2,testing
8,yxm,f,18,index,True,506457,507368,z,diamond.png,triangle.png,diamond.png,triangle.png,[0, 0, 255],[255, 0, 0],135,90,2,0,1,3,nochange_col,z,1,testing
8,yxm,f,18,index,True,511934,512344,/,triangle.png,rect.png,triangle.png,rect.png,[255, 255, 0],[255, 0, 0],90,135,1,2,0,3,nochange_col,z,1,testing
8,yxm,f,18,index,True,516976,517384,z,diamond.png,rect.png,diamond.png,rect.png,[255, 255, 0],[0, 0, 255],45,135,2,3,0,1,nochange_ori,z,2,testing
8,yxm,f,18,index,True,522069,522200,/,circle.png,triangle.png,circle.png,triangle.png,[255, 255, 0],[0, 255, 0],45,90,3,0,2,1,nochange_col,z,1,testing
8,yxm,f,18,index,True,526828,527144,/,circle.png,diamond.png,circle.png,diamond.png,[0, 255, 0],[255, 255, 0],45,90,2,1,0,3,change_ori,/,2,testing
8,yxm,f,18,index,True,531820,532504,z,triangle.png,diamond.png,triangle.png,diamond.png,[0, 255, 0],[255, 0, 0],135,0,2,3,0,1,nochange_col,z,1,testing
8,yxm,f,18,index,True,537113,537800,z,triangle.png,diamond.png,triangle.png,diamond.png,[0, 0, 255],[255, 0, 0],0,90,0,2,1,3,change_col,/,3,testing
8,yxm,f,18,index,True,542490,543351,/,rect.png,circle.png,rect.png,circle.png,[0, 255, 0],[0, 0, 255],45,0,0,3,1,2,change_col,/,1,testing
8,yxm,f,18,index,True,548034,548311,z,circle.png,rect.png,circle.png,rect.png,[255, 255, 0],[0, 255, 0],90,0,2,0,3,1,nochange_ori,z,2,testing
8,yxm,f,18,index,True,552876,553816,z,triangle.png,diamond.png,triangle.png,diamond.png,[255, 255, 0],[0, 255, 0],45,0,1,3,2,0,nochange_col,z,1,testing
8,yxm,f,18,index,True,558436,559288,/,circle.png,rect.png,circle.png,rect.png,[0, 0, 255],[0, 255, 0],45,0,0,3,2,1,change_ori,/,2,testing
8,yxm,f,18,index,True,564063,564904,/,diamond.png,circle.png,diamond.png,circle.png,[0, 255, 0],[255, 0, 0],90,135,0,2,3,1,change_col,/,1,testing
8,yxm,f,18,index,True,569540,570551,z,rect.png,diamond.png,rect.png,diamond.png,[0, 255, 0],[255, 0, 0],90,45,1,3,0,2,nochange_col,z,3,testing
8,yxm,f,18,index,True,575301,576151,z,triangle.png,diamond.png,triangle.png,diamond.png,[0, 255, 0],[255, 0, 0],90,0,0,3,2,1,nochange_ori,z,0,testing
8,yxm,f,18,index,True,580810,581752,z,triangle.png,diamond.png,triangle.png,diamond.png,[255, 0, 0],[0, 255, 0],45,90,0,1,2,3,nochange_ori,z,2,testing
8,yxm,f,18,index,True,586387,586968,z,rect.png,diamond.png,rect.png,diamond.png,[0, 255, 0],[255, 255, 0],135,0,3,1,2,0,nochange_col,z,1,testing
8,yxm,f,18,index,True,591697,592311,/,rect.png,triangle.png,rect.png,triangle.png,[255, 0, 0],[0, 255, 0],135,0,3,0,2,1,change_col,/,1,testing
8,yxm,f,18,index,True,597007,597767,/,diamond.png,circle.png,diamond.png,circle.png,[0, 255, 0],[255, 255, 0],0,135,3,1,0,2,change_col,/,1,testing
8,yxm,f,18,index,True,602450,603223,z,diamond.png,rect.png,diamond.png,rect.png,[255, 0, 0],[255, 255, 0],45,0,1,3,0,2,change_ori,/,0,testing
8,yxm,f,18,index,True,607893,609000,z,diamond.png,rect.png,diamond.png,rect.png,[0, 255, 0],[255, 0, 0],135,0,2,0,3,1,nochange_ori,z,2,testing
8,yxm,f,18,index,True,613587,614807,/,circle.png,diamond.png,circle.png,diamond.png,[255, 255, 0],[0, 0, 255],135,90,3,1,0,2,nochange_col,z,1,testing
8,yxm,f,18,index,True,619398,620887,z,triangle.png,rect.png,triangle.png,rect.png,[255, 0, 0],[255, 255, 0],45,0,3,2,1,0,nochange_ori,z,0,testing
8,yxm,f,18,index,True,625593,626535,z,triangle.png,diamond.png,triangle.png,diamond.png,[0, 0, 255],[0, 255, 0],45,0,0,1,3,2,nochange_col,z,3,testing
8,yxm,f,18,index,True,668004,668871,z,triangle.png,rect.png,triangle.png,rect.png,[255, 0, 0],[0, 255, 0],45,90,2,0,3,1,nochange_ori,z,0,testing
8,yxm,f,18,index,True,673614,674423,z,circle.png,triangle.png,circle.png,triangle.png,[0, 255, 0],[255, 0, 0],90,135,2,0,3,1,nochange_col,z,1,testing
8,yxm,f,18,index,True,679140,679895,z,triangle.png,circle.png,triangle.png,circle.png,[0, 0, 255],[0, 255, 0],135,90,0,2,3,1,nochange_col,z,3,testing
8,yxm,f,18,index,True,684617,685159,/,diamond.png,triangle.png,diamond.png,triangle.png,[255, 255, 0],[0, 255, 0],45,0,0,1,2,3,change_ori,/,0,testing
8,yxm,f,18,index,True,689877,690167,z,diamond.png,rect.png,diamond.png,rect.png,[255, 0, 0],[255, 255, 0],135,45,2,3,0,1,change_col,/,3,testing
8,yxm,f,18,index,True,694819,701111,/,triangle.png,rect.png,triangle.png,rect.png,[255, 255, 0],[0, 0, 255],135,0,2,0,1,3,change_col,/,1,testing
8,yxm,f,18,index,True,705790,706567,z,circle.png,rect.png,circle.png,rect.png,[255, 0, 0],[0, 0, 255],90,0,1,2,0,3,nochange_col,z,1,testing
8,yxm,f,18,index,True,711266,711974,z,triangle.png,circle.png,triangle.png,circle.png,[0, 255, 0],[255, 255, 0],135,90,3,0,2,1,change_ori,/,2,testing
8,yxm,f,18,index,True,716559,717222,z,triangle.png,rect.png,triangle.png,rect.png,[255, 0, 0],[0, 255, 0],45,135,1,3,0,2,nochange_col,z,1,testing
8,yxm,f,18,index,True,721852,723126,z,circle.png,triangle.png,circle.png,triangle.png,[0, 255, 0],[0, 0, 255],45,90,1,2,3,0,change_ori,/,0,testing
8,yxm,f,18,index,True,727846,728551,z,rect.png,diamond.png,rect.png,diamond.png,[255, 255, 0],[255, 0, 0],135,90,0,3,1,2,nochange_col,z,1,testing
8,yxm,f,18,index,True,733324,734295,/,rect.png,triangle.png,rect.png,triangle.png,[0, 255, 0],[0, 0, 255],45,135,0,3,1,2,change_col,/,3,testing
8,yxm,f,18,index,True,739017,741478,/,diamond.png,circle.png,diamond.png,circle.png,[255, 255, 0],[0, 255, 0],45,0,2,0,1,3,change_col,/,3,testing
8,yxm,f,18,index,True,746097,746711,/,diamond.png,circle.png,diamond.png,circle.png,[0, 0, 255],[255, 0, 0],135,90,3,1,2,0,nochange_ori,z,0,testing
8,yxm,f,18,index,True,751273,752182,/,triangle.png,rect.png,triangle.png,rect.png,[255, 0, 0],[0, 255, 0],90,45,0,2,3,1,change_col,/,3,testing
8,yxm,f,18,index,True,756766,757510,z,circle.png,triangle.png,circle.png,triangle.png,[255, 255, 0],[0, 255, 0],45,135,0,3,1,2,nochange_col,z,3,testing
8,yxm,f,18,index,True,762226,762742,/,circle.png,rect.png,circle.png,rect.png,[0, 0, 255],[255, 0, 0],135,45,3,0,2,1,change_col,/,3,testing
8,yxm,f,18,index,True,767469,767478,z,circle.png,diamond.png,circle.png,diamond.png,[0, 0, 255],[0, 255, 0],135,0,1,2,3,0,change_col,/,3,testing
8,yxm,f,18,index,True,772228,775318,/,rect.png,circle.png,rect.png,circle.png,[255, 255, 0],[0, 0, 255],90,135,0,3,1,2,change_col,/,1,testing
8,yxm,f,18,index,True,780043,780102,/,diamond.png,circle.png,diamond.png,circle.png,[0, 0, 255],[255, 255, 0],0,90,3,0,1,2,change_col,/,3,testing
8,yxm,f,18,index,True,784684,784982,z,triangle.png,diamond.png,triangle.png,diamond.png,[0, 255, 0],[255, 0, 0],45,135,1,2,0,3,change_col,/,1,testing
8,yxm,f,18,index,True,789610,792406,/,rect.png,diamond.png,rect.png,diamond.png,[255, 0, 0],[0, 0, 255],45,90,1,3,2,0,change_ori,/,2,testing
8,yxm,f,18,index,True,796990,797462,z,rect.png,triangle.png,rect.png,triangle.png,[255, 0, 0],[255, 255, 0],0,135,1,2,0,3,nochange_col,z,3,testing
8,yxm,f,18,index,True,802066,803430,/,rect.png,circle.png,rect.png,circle.png,[255, 255, 0],[0, 0, 255],0,135,0,1,3,2,change_ori,/,2,testing
8,yxm,f,18,index,True,808077,808806,z,diamond.png,circle.png,diamond.png,circle.png,[0, 255, 0],[0, 0, 255],90,0,2,1,3,0,nochange_col,z,1,testing
8,yxm,f,18,index,True,813520,814229,z,circle.png,triangle.png,circle.png,triangle.png,[0, 255, 0],[0, 0, 255],45,0,2,1,0,3,nochange_ori,z,0,testing
8,yxm,f,18,index,True,818947,820325,z,diamond.png,triangle.png,diamond.png,triangle.png,[255, 255, 0],[0, 0, 255],0,45,0,3,2,1,nochange_ori,z,0,testing
8,yxm,f,18,index,True,824992,825654,/,rect.png,triangle.png,rect.png,triangle.png,[0, 0, 255],[0, 255, 0],0,45,3,1,0,2,change_col,/,1,testing
8,yxm,f,18,index,True,830368,831014,z,triangle.png,rect.png,triangle.png,rect.png,[0, 255, 0],[255, 255, 0],135,90,2,1,0,3,nochange_col,z,3,testing
8,yxm,f,18,index,True,835695,836342,z,triangle.png,circle.png,triangle.png,circle.png,[255, 255, 0],[0, 255, 0],90,0,3,2,1,0,nochange_ori,z,0,testing
8,yxm,f,18,index,True,841021,841766,/,circle.png,diamond.png,circle.png,diamond.png,[255, 0, 0],[255, 255, 0],90,0,3,0,2,1,change_col,/,3,testing
8,yxm,f,18,index,True,846415,847286,/,diamond.png,triangle.png,diamond.png,triangle.png,[0, 255, 0],[255, 0, 0],135,0,0,3,1,2,change_ori,/,2,testing
8,yxm,f,18,index,True,851925,852774,/,rect.png,circle.png,rect.png,circle.png,[0, 0, 255],[255, 0, 0],135,45,3,1,0,2,change_ori,/,2,testing
8,yxm,f,18,index,True,857385,858006,/,circle.png,rect.png,circle.png,rect.png,[0, 255, 0],[255, 255, 0],135,90,2,1,0,3,change_col,/,3,testing
8,yxm,f,18,index,True,862661,864614,z,diamond.png,rect.png,diamond.png,rect.png,[0, 0, 255],[255, 0, 0],90,135,3,1,2,0,nochange_col,z,3,testing
8,yxm,f,18,index,True,869206,869829,z,triangle.png,rect.png,triangle.png,rect.png,[0, 0, 255],[255, 255, 0],45,90,2,0,1,3,nochange_ori,z,0,testing
8,yxm,f,18,index,True,874566,875334,z,diamond.png,rect.png,diamond.png,rect.png,[0, 0, 255],[255, 255, 0],90,45,2,3,1,0,nochange_ori,z,0,testing
8,yxm,f,18,index,True,880043,880902,/,diamond.png,circle.png,diamond.png,circle.png,[0, 255, 0],[255, 255, 0],90,45,2,0,1,3,nochange_col,z,1,testing
8,yxm,f,18,index,True,885636,886918,/,rect.png,circle.png,rect.png,circle.png,[255, 255, 0],[0, 255, 0],0,45,2,0,3,1,change_ori,/,0,testing
8,yxm,f,18,index,True,891581,893030,z,diamond.png,triangle.png,diamond.png,triangle.png,[0, 0, 255],[255, 255, 0],90,135,0,3,2,1,change_ori,/,0,testing
8,yxm,f,18,index,True,897608,897926,/,rect.png,triangle.png,rect.png,triangle.png,[255, 0, 0],[255, 255, 0],0,135,0,1,2,3,nochange_col,z,3,testing
8,yxm,f,18,index,True,902551,904469,/,circle.png,rect.png,circle.png,rect.png,[255, 255, 0],[0, 0, 255],0,90,2,3,1,0,nochange_col,z,1,testing
8,yxm,f,18,index,True,909046,909510,/,rect.png,circle.png,rect.png,circle.png,[0, 255, 0],[0, 0, 255],135,90,2,1,3,0,nochange_col,z,3,testing
8,yxm,f,18,index,True,914138,914645,z,circle.png,triangle.png,circle.png,triangle.png,[0, 255, 0],[255, 255, 0],0,90,0,3,2,1,nochange_col,z,1,testing
8,yxm,f,18,index,True,919348,920197,/,diamond.png,triangle.png,diamond.png,triangle.png,[0, 0, 255],[255, 0, 0],90,0,1,0,3,2,change_ori,/,2,testing
8,yxm,f,18,index,True,924842,925845,z,rect.png,circle.png,rect.png,circle.png,[0, 255, 0],[255, 255, 0],45,135,2,0,1,3,nochange_ori,z,2,testing
8,yxm,f,18,index,True,930569,930869,/,diamond.png,rect.png,diamond.png,rect.png,[255, 255, 0],[0, 0, 255],90,135,3,2,0,1,nochange_ori,z,2,testing
8,yxm,f,18,index,True,935511,935878,z,rect.png,triangle.png,rect.png,triangle.png,[0, 0, 255],[255, 255, 0],90,135,1,2,3,0,nochange_ori,z,0,testing
8,yxm,f,18,index,True,940520,940533,/,diamond.png,rect.png,diamond.png,rect.png,[255, 255, 0],[255, 0, 0],90,135,1,3,0,2,nochange_ori,z,2,testing
8,yxm,f,18,index,True,945229,945573,z,diamond.png,rect.png,diamond.png,rect.png,[255, 0, 0],[0, 255, 0],90,135,0,3,1,2,change_ori,/,0,testing
8,yxm,f,18,index,True,950322,952149,z,circle.png,rect.png,circle.png,rect.png,[255, 255, 0],[255, 0, 0],0,135,3,0,2,1,nochange_col,z,1,testing
8,yxm,f,18,index,True,956817,958550,z,rect.png,circle.png,rect.png,circle.png,[255, 0, 0],[255, 255, 0],90,45,2,0,3,1,nochange_ori,z,0,testing
8,yxm,f,18,index,True,963145,963909,z,triangle.png,rect.png,triangle.png,rect.png,[255, 0, 0],[255, 255, 0],90,0,1,2,0,3,nochange_ori,z,0,testing
8,yxm,f,18,index,True,968471,969061,z,rect.png,diamond.png,rect.png,diamond.png,[0, 255, 0],[255, 0, 0],45,0,2,1,0,3,nochange_ori,z,0,testing
8,yxm,f,18,index,True,973681,974405,z,circle.png,rect.png,circle.png,rect.png,[255, 255, 0],[0, 0, 255],0,45,3,1,2,0,change_ori,/,2,testing
8,yxm,f,18,index,True,979057,979525,z,circle.png,triangle.png,circle.png,triangle.png,[255, 0, 0],[0, 0, 255],135,45,1,2,0,3,nochange_ori,z,2,testing
8,yxm,f,18,index,True,984167,984709,z,rect.png,diamond.png,rect.png,diamond.png,[0, 0, 255],[255, 0, 0],90,135,3,2,1,0,change_col,/,3,testing
8,yxm,f,18,index,True,989377,990149,/,diamond.png,circle.png,diamond.png,circle.png,[255, 255, 0],[0, 255, 0],45,135,0,1,3,2,change_ori,/,2,testing
8,yxm,f,18,index,True,994819,1000261,/,rect.png,circle.png,rect.png,circle.png,[255, 0, 0],[255, 255, 0],90,0,0,2,1,3,change_col,/,3,testing
8,yxm,f,18,index,True,1004939,1006133,/,rect.png,triangle.png,rect.png,triangle.png,[0, 0, 255],[255, 255, 0],135,0,2,1,0,3,nochange_ori,z,0,testing
8,yxm,f,18,index,True,1010849,1011764,/,rect.png,diamond.png,rect.png,diamond.png,[255, 255, 0],[0, 0, 255],0,90,2,3,0,1,change_col,/,1,testing
8,yxm,f,18,index,True,1016393,1017749,/,circle.png,rect.png,circle.png,rect.png,[255, 0, 0],[0, 255, 0],0,135,1,2,3,0,nochange_ori,z,2,testing
8,yxm,f,18,index,True,1022504,1022613,/,diamond.png,rect.png,diamond.png,rect.png,[0, 0, 255],[0, 255, 0],45,90,1,3,0,2,nochange_ori,z,0,testing
8,yxm,f,18,index,True,1027297,1029412,/,circle.png,rect.png,circle.png,rect.png,[255, 255, 0],[0, 255, 0],90,0,1,2,3,0,nochange_col,z,3,testing
8,yxm,f,18,index,True,1034009,1036421,/,circle.png,diamond.png,circle.png,diamond.png,[255, 255, 0],[0, 255, 0],135,45,3,0,2,1,nochange_col,z,3,testing
8,yxm,f,18,index,True,1041105,1042005,/,diamond.png,triangle.png,diamond.png,triangle.png,[255, 255, 0],[255, 0, 0],135,45,3,1,2,0,change_ori,/,0,testing
8,yxm,f,18,index,True,1046648,1047461,/,triangle.png,circle.png,triangle.png,circle.png,[0, 255, 0],[255, 255, 0],0,45,0,3,1,2,change_ori,/,0,testing
8,yxm,f,18,index,True,1052125,1052869,/,diamond.png,rect.png,diamond.png,rect.png,[0, 0, 255],[255, 255, 0],0,90,1,2,0,3,change_ori,/,2,testing
8,yxm,f,18,index,True,1057469,1058901,z,triangle.png,rect.png,triangle.png,rect.png,[255, 255, 0],[0, 0, 255],0,90,1,0,2,3,nochange_col,z,3,testing
8,yxm,f,18,index,True,1063513,1064644,/,triangle.png,rect.png,triangle.png,rect.png,[255, 0, 0],[0, 0, 255],0,135,3,1,0,2,change_col,/,3,testing
8,yxm,f,18,index,True,1069290,1070404,/,triangle.png,circle.png,triangle.png,circle.png,[255, 0, 0],[0, 255, 0],0,135,2,1,0,3,change_ori,/,2,testing
8,yxm,f,18,index,True,1075117,1076005,z,diamond.png,rect.png,diamond.png,rect.png,[0, 255, 0],[0, 0, 255],90,0,2,0,1,3,nochange_ori,z,0,testing
8,yxm,f,18,index,True,1080594,1081844,/,diamond.png,triangle.png,diamond.png,triangle.png,[255, 0, 0],[0, 0, 255],0,45,0,1,2,3,change_col,/,3,testing
8,yxm,f,18,index,True,1086538,1087749,/,diamond.png,circle.png,diamond.png,circle.png,[255, 255, 0],[0, 0, 255],90,45,0,3,2,1,change_ori,/,2,testing
8,yxm,f,18,index,True,1092333,1093284,/,diamond.png,rect.png,diamond.png,rect.png,[0, 0, 255],[255, 0, 0],0,90,3,0,1,2,change_col,/,1,testing
8,yxm,f,18,index,True,1097993,1098388,/,diamond.png,rect.png,diamond.png,rect.png,[0, 255, 0],[0, 0, 255],45,90,3,0,1,2,nochange_col,z,3,testing
8,yxm,f,18,index,True,1103135,1103684,/,circle.png,diamond.png,circle.png,diamond.png,[255, 0, 0],[0, 0, 255],135,0,3,0,2,1,nochange_ori,z,0,testing
8,yxm,f,18,index,True,1108311,1108677,/,circle.png,triangle.png,circle.png,triangle.png,[0, 0, 255],[0, 255, 0],90,135,1,0,3,2,change_ori,/,0,testing
8,yxm,f,18,index,True,1113354,1113749,z,triangle.png,circle.png,triangle.png,circle.png,[255, 255, 0],[255, 0, 0],90,135,3,1,0,2,change_col,/,3,testing
8,yxm,f,18,index,True,1118480,1118788,/,rect.png,triangle.png,rect.png,triangle.png,[0, 255, 0],[0, 0, 255],135,90,1,3,2,0,change_ori,/,0,testing
