subj,name,gender,age,cond,P_resp,P_startTime,P_respTime,P_gotKey,shape1,shape2,shape3,shape4,color1,color2,color3,color4ori1,ori2,ori3,ori4ord_1,ord_2,ord_3,ord_4,task,correct_key,no_change,mode
9,hcy,f,21,index,True,65397,66020,z,triangle.png,diamond.png,triangle.png,diamond.png,[255, 0, 0],[255, 255, 0],45,135,2,0,1,3,nochange_col,z,1,practice
9,hcy,f,21,index,True,70723,71333,z,rect.png,circle.png,rect.png,circle.png,[255, 0, 0],[0, 255, 0],0,45,1,3,0,2,nochange_col,z,1,practice
9,hcy,f,21,index,True,76000,76724,/,diamond.png,triangle.png,diamond.png,triangle.png,[0, 255, 0],[255, 0, 0],45,0,1,2,0,3,change_ori,/,2,practice
9,hcy,f,21,index,True,81393,85683,/,circle.png,diamond.png,circle.png,diamond.png,[0, 0, 255],[255, 255, 0],135,0,3,1,0,2,change_ori,/,2,practice
9,hcy,f,21,index,True,90342,91028,/,diamond.png,circle.png,diamond.png,circle.png,[0, 255, 0],[255, 255, 0],45,135,3,1,0,2,change_col,/,3,practice
9,hcy,f,21,index,True,95769,96900,z,rect.png,diamond.png,rect.png,diamond.png,[255, 255, 0],[0, 0, 255],135,45,0,2,3,1,nochange_ori,z,2,practice
9,hcy,f,21,index,True,101530,102516,z,rect.png,diamond.png,rect.png,diamond.png,[255, 0, 0],[255, 255, 0],135,0,3,2,0,1,nochange_ori,z,2,practice
9,hcy,f,21,index,True,107107,107716,/,rect.png,triangle.png,rect.png,triangle.png,[255, 255, 0],[255, 0, 0],45,135,3,1,2,0,change_col,/,3,practice
9,hcy,f,21,index,True,112383,112996,z,rect.png,triangle.png,rect.png,triangle.png,[255, 255, 0],[0, 0, 255],135,0,2,3,1,0,nochange_col,z,1,practice
9,hcy,f,21,index,True,117643,118627,/,circle.png,triangle.png,circle.png,triangle.png,[0, 255, 0],[255, 255, 0],45,90,0,2,3,1,change_col,/,1,practice
9,hcy,f,21,index,True,123386,124019,/,circle.png,rect.png,circle.png,rect.png,[255, 0, 0],[255, 255, 0],135,45,1,2,0,3,change_ori,/,0,practice
9,hcy,f,21,index,True,128696,129507,/,triangle.png,rect.png,triangle.png,rect.png,[255, 255, 0],[0, 255, 0],0,90,1,3,2,0,change_ori,/,0,practice
9,hcy,f,21,index,True,134190,134772,/,rect.png,circle.png,rect.png,circle.png,[0, 0, 255],[0, 255, 0],90,45,3,1,2,0,change_col,/,3,practice
9,hcy,f,21,index,True,139349,139956,/,triangle.png,circle.png,triangle.png,circle.png,[255, 0, 0],[0, 0, 255],135,45,3,1,0,2,change_ori,/,2,practice
9,hcy,f,21,index,True,144625,145908,z,rect.png,diamond.png,rect.png,diamond.png,[0, 255, 0],[255, 255, 0],135,0,1,2,3,0,nochange_ori,z,2,practice
9,hcy,f,21,index,True,150469,151364,z,triangle.png,diamond.png,triangle.png,diamond.png,[0, 0, 255],[255, 0, 0],0,45,0,3,2,1,nochange_col,z,1,practice
9,hcy,f,21,index,True,156080,156676,/,diamond.png,circle.png,diamond.png,circle.png,[0, 0, 255],[255, 255, 0],135,45,1,0,3,2,nochange_ori,z,0,practice
9,hcy,f,21,index,True,161339,162020,/,rect.png,triangle.png,rect.png,triangle.png,[255, 255, 0],[0, 0, 255],135,0,1,2,3,0,change_col,/,3,practice
9,hcy,f,21,index,True,166700,167348,z,rect.png,diamond.png,rect.png,diamond.png,[0, 255, 0],[0, 0, 255],90,45,0,1,3,2,nochange_col,z,3,practice
9,hcy,f,21,index,True,172059,173635,z,circle.png,triangle.png,circle.png,triangle.png,[255, 0, 0],[255, 255, 0],135,45,1,3,0,2,nochange_ori,z,2,practice
9,hcy,f,21,index,True,207307,208307,z,diamond.png,triangle.png,diamond.png,triangle.png,[255, 0, 0],[255, 255, 0],0,45,3,0,1,2,nochange_ori,z,2,testing
9,hcy,f,21,index,True,212967,213748,/,circle.png,rect.png,circle.png,rect.png,[0, 0, 255],[255, 0, 0],135,45,2,3,0,1,change_ori,/,0,testing
9,hcy,f,21,index,True,218495,219299,/,triangle.png,circle.png,triangle.png,circle.png,[255, 255, 0],[0, 255, 0],0,45,3,0,2,1,change_col,/,1,testing
9,hcy,f,21,index,True,223971,224612,/,triangle.png,circle.png,triangle.png,circle.png,[255, 0, 0],[0, 255, 0],135,45,1,3,2,0,change_col,/,1,testing
9,hcy,f,21,index,True,229297,230851,/,triangle.png,circle.png,triangle.png,circle.png,[0, 0, 255],[255, 255, 0],90,45,2,3,0,1,change_ori,/,2,testing
9,hcy,f,21,index,True,235493,236147,z,circle.png,triangle.png,circle.png,triangle.png,[0, 0, 255],[0, 255, 0],0,90,3,2,1,0,nochange_ori,z,0,testing
9,hcy,f,21,index,True,240885,241539,/,diamond.png,circle.png,diamond.png,circle.png,[255, 0, 0],[255, 255, 0],135,45,2,1,3,0,change_col,/,3,testing
9,hcy,f,21,index,True,246178,247347,z,triangle.png,diamond.png,triangle.png,diamond.png,[0, 255, 0],[0, 0, 255],135,90,2,1,0,3,nochange_ori,z,2,testing
9,hcy,f,21,index,True,251972,252691,z,triangle.png,circle.png,triangle.png,circle.png,[0, 255, 0],[0, 0, 255],135,45,1,0,3,2,nochange_ori,z,2,testing
9,hcy,f,21,index,True,257433,258036,/,diamond.png,triangle.png,diamond.png,triangle.png,[0, 255, 0],[255, 0, 0],90,135,1,3,0,2,change_col,/,1,testing
9,hcy,f,21,index,True,262809,263571,/,diamond.png,rect.png,diamond.png,rect.png,[255, 255, 0],[0, 0, 255],90,45,3,0,2,1,change_ori,/,0,testing
9,hcy,f,21,index,True,268236,269043,z,diamond.png,triangle.png,diamond.png,triangle.png,[0, 255, 0],[0, 0, 255],45,90,3,1,0,2,nochange_col,z,3,testing
9,hcy,f,21,index,True,273679,274979,z,rect.png,circle.png,rect.png,circle.png,[0, 0, 255],[255, 0, 0],90,135,0,2,3,1,nochange_ori,z,2,testing
9,hcy,f,21,index,True,279723,280339,/,triangle.png,diamond.png,triangle.png,diamond.png,[0, 255, 0],[255, 0, 0],90,135,0,3,2,1,change_col,/,1,testing
9,hcy,f,21,index,True,285067,285731,/,diamond.png,triangle.png,diamond.png,triangle.png,[0, 255, 0],[255, 255, 0],90,0,2,1,0,3,change_col,/,3,testing
9,hcy,f,21,index,True,290376,291139,z,diamond.png,circle.png,diamond.png,circle.png,[255, 0, 0],[0, 255, 0],90,0,3,2,1,0,nochange_col,z,3,testing
9,hcy,f,21,index,True,295886,296580,z,circle.png,triangle.png,circle.png,triangle.png,[255, 0, 0],[255, 255, 0],45,90,1,0,2,3,nochange_ori,z,2,testing
9,hcy,f,21,index,True,301213,302131,z,rect.png,triangle.png,rect.png,triangle.png,[255, 255, 0],[0, 0, 255],135,0,3,0,1,2,change_ori,/,0,testing
9,hcy,f,21,index,True,306907,308211,z,diamond.png,circle.png,diamond.png,circle.png,[255, 0, 0],[0, 255, 0],90,0,2,0,1,3,nochange_col,z,3,testing
9,hcy,f,21,index,True,312801,313459,z,diamond.png,rect.png,diamond.png,rect.png,[255, 0, 0],[0, 0, 255],0,135,0,1,3,2,nochange_col,z,1,testing
9,hcy,f,21,index,True,318111,318723,z,triangle.png,diamond.png,triangle.png,diamond.png,[255, 255, 0],[0, 0, 255],0,90,0,3,1,2,nochange_ori,z,0,testing
9,hcy,f,21,index,True,323354,325042,z,rect.png,circle.png,rect.png,circle.png,[0, 255, 0],[0, 0, 255],90,0,0,1,3,2,nochange_col,z,3,testing
9,hcy,f,21,index,True,329816,330435,/,rect.png,diamond.png,rect.png,diamond.png,[0, 0, 255],[0, 255, 0],0,90,1,3,0,2,change_col,/,1,testing
9,hcy,f,21,index,True,335041,336035,z,circle.png,diamond.png,circle.png,diamond.png,[255, 255, 0],[0, 255, 0],90,135,0,2,3,1,nochange_col,z,3,testing
9,hcy,f,21,index,True,340619,341955,/,circle.png,triangle.png,circle.png,triangle.png,[255, 0, 0],[0, 0, 255],0,90,0,2,3,1,change_ori,/,2,testing
9,hcy,f,21,index,True,346563,347490,/,rect.png,triangle.png,rect.png,triangle.png,[255, 0, 0],[0, 255, 0],0,90,0,3,2,1,change_col,/,3,testing
9,hcy,f,21,index,True,352107,354067,/,circle.png,triangle.png,circle.png,triangle.png,[0, 0, 255],[0, 255, 0],45,0,2,3,0,1,change_ori,/,0,testing
9,hcy,f,21,index,True,358769,359346,z,diamond.png,circle.png,diamond.png,circle.png,[255, 255, 0],[0, 0, 255],45,0,3,0,1,2,nochange_col,z,3,testing
9,hcy,f,21,index,True,364095,364674,z,rect.png,triangle.png,rect.png,triangle.png,[255, 255, 0],[0, 255, 0],0,90,3,0,1,2,nochange_col,z,1,testing
9,hcy,f,21,index,True,369355,370227,/,triangle.png,circle.png,triangle.png,circle.png,[0, 0, 255],[255, 0, 0],45,0,0,2,3,1,change_ori,/,0,testing
9,hcy,f,21,index,True,374881,375539,z,circle.png,diamond.png,circle.png,diamond.png,[255, 255, 0],[0, 255, 0],135,0,1,3,0,2,nochange_col,z,1,testing
9,hcy,f,21,index,True,380141,380979,/,circle.png,rect.png,circle.png,rect.png,[255, 255, 0],[0, 255, 0],45,90,2,1,3,0,change_ori,/,0,testing
9,hcy,f,21,index,True,385568,386386,z,circle.png,rect.png,circle.png,rect.png,[0, 0, 255],[255, 255, 0],45,0,0,2,1,3,nochange_ori,z,2,testing
9,hcy,f,21,index,True,391044,391939,z,rect.png,circle.png,rect.png,circle.png,[0, 255, 0],[0, 0, 255],135,45,2,3,0,1,nochange_ori,z,2,testing
9,hcy,f,21,index,True,396671,397491,z,rect.png,triangle.png,rect.png,triangle.png,[255, 255, 0],[0, 0, 255],135,90,2,1,3,0,change_ori,/,0,testing
9,hcy,f,21,index,True,402232,403010,/,triangle.png,diamond.png,triangle.png,diamond.png,[255, 255, 0],[0, 0, 255],90,0,1,2,3,0,change_col,/,3,testing
9,hcy,f,21,index,True,407742,408514,z,circle.png,diamond.png,circle.png,diamond.png,[255, 0, 0],[255, 255, 0],0,45,3,2,1,0,nochange_ori,z,2,testing
9,hcy,f,21,index,True,413235,413779,z,circle.png,diamond.png,circle.png,diamond.png,[0, 0, 255],[255, 255, 0],45,135,2,0,3,1,nochange_col,z,3,testing
9,hcy,f,21,index,True,418511,419682,/,circle.png,diamond.png,circle.png,diamond.png,[255, 255, 0],[0, 0, 255],45,90,3,2,0,1,change_ori,/,2,testing
9,hcy,f,21,index,True,424323,425010,/,rect.png,triangle.png,rect.png,triangle.png,[0, 0, 255],[255, 0, 0],0,45,1,3,0,2,change_col,/,1,testing
9,hcy,f,21,index,True,429649,430690,z,rect.png,triangle.png,rect.png,triangle.png,[255, 255, 0],[0, 255, 0],135,45,2,0,3,1,nochange_ori,z,2,testing
9,hcy,f,21,index,True,435276,435842,/,rect.png,triangle.png,rect.png,triangle.png,[0, 0, 255],[0, 255, 0],45,135,3,0,1,2,change_col,/,1,testing
9,hcy,f,21,index,True,440418,441027,z,diamond.png,triangle.png,diamond.png,triangle.png,[255, 255, 0],[0, 255, 0],0,135,1,2,3,0,nochange_ori,z,0,testing
9,hcy,f,21,index,True,445728,446466,z,triangle.png,rect.png,triangle.png,rect.png,[0, 0, 255],[0, 255, 0],135,90,2,3,0,1,nochange_ori,z,0,testing
9,hcy,f,21,index,True,451205,451938,z,triangle.png,circle.png,triangle.png,circle.png,[255, 0, 0],[0, 0, 255],0,90,2,3,1,0,nochange_col,z,1,testing
9,hcy,f,21,index,True,456515,457170,/,diamond.png,triangle.png,diamond.png,triangle.png,[255, 255, 0],[0, 0, 255],45,90,3,0,2,1,change_col,/,3,testing
9,hcy,f,21,index,True,461858,462418,z,diamond.png,rect.png,diamond.png,rect.png,[0, 0, 255],[0, 255, 0],45,0,0,3,2,1,change_ori,/,2,testing
9,hcy,f,21,index,True,467134,467970,z,circle.png,triangle.png,circle.png,triangle.png,[255, 0, 0],[255, 255, 0],135,0,0,1,3,2,nochange_col,z,1,testing
9,hcy,f,21,index,True,472627,473298,z,circle.png,diamond.png,circle.png,diamond.png,[0, 0, 255],[255, 255, 0],45,90,2,3,1,0,nochange_ori,z,2,testing
9,hcy,f,21,index,True,477887,478322,z,diamond.png,rect.png,diamond.png,rect.png,[0, 0, 255],[255, 255, 0],90,135,2,0,3,1,nochange_col,z,1,testing
9,hcy,f,21,index,True,483046,483938,/,rect.png,circle.png,rect.png,circle.png,[255, 255, 0],[0, 255, 0],135,0,1,3,2,0,change_col,/,1,testing
9,hcy,f,21,index,True,488657,489586,z,circle.png,triangle.png,circle.png,triangle.png,[255, 0, 0],[0, 255, 0],135,0,0,1,2,3,nochange_ori,z,0,testing
9,hcy,f,21,index,True,494184,494946,z,circle.png,diamond.png,circle.png,diamond.png,[0, 0, 255],[255, 0, 0],135,45,1,3,0,2,nochange_ori,z,2,testing
9,hcy,f,21,index,True,499627,500291,z,triangle.png,rect.png,triangle.png,rect.png,[0, 0, 255],[255, 0, 0],0,135,3,0,2,1,nochange_col,z,3,testing
9,hcy,f,21,index,True,505038,506194,z,circle.png,triangle.png,circle.png,triangle.png,[0, 255, 0],[0, 0, 255],0,135,0,2,3,1,nochange_ori,z,2,testing
9,hcy,f,21,index,True,510898,511490,z,triangle.png,circle.png,triangle.png,circle.png,[255, 0, 0],[0, 0, 255],45,90,0,3,1,2,nochange_ori,z,0,testing
9,hcy,f,21,index,True,516057,516786,z,rect.png,circle.png,rect.png,circle.png,[255, 0, 0],[0, 255, 0],135,90,0,3,1,2,change_ori,/,0,testing
9,hcy,f,21,index,True,521451,522482,/,rect.png,triangle.png,rect.png,triangle.png,[0, 255, 0],[255, 255, 0],0,135,1,2,0,3,change_ori,/,0,testing
9,hcy,f,21,index,True,527094,527762,/,rect.png,triangle.png,rect.png,triangle.png,[255, 0, 0],[0, 255, 0],135,90,2,1,3,0,change_col,/,1,testing
9,hcy,f,21,index,True,532455,533234,/,triangle.png,circle.png,triangle.png,circle.png,[0, 255, 0],[0, 0, 255],90,0,1,3,0,2,change_col,/,3,testing
9,hcy,f,21,index,True,537880,538482,z,triangle.png,rect.png,triangle.png,rect.png,[0, 0, 255],[255, 0, 0],0,45,2,3,0,1,nochange_col,z,1,testing
9,hcy,f,21,index,True,543057,543969,/,rect.png,circle.png,rect.png,circle.png,[255, 0, 0],[0, 0, 255],0,135,2,0,1,3,change_ori,/,2,testing
9,hcy,f,21,index,True,548534,549330,/,circle.png,diamond.png,circle.png,diamond.png,[255, 0, 0],[0, 0, 255],135,45,2,0,1,3,change_ori,/,2,testing
9,hcy,f,21,index,True,554043,554737,/,circle.png,rect.png,circle.png,rect.png,[0, 255, 0],[0, 0, 255],135,90,0,1,3,2,change_col,/,1,testing
9,hcy,f,21,index,True,559470,560162,z,circle.png,triangle.png,circle.png,triangle.png,[0, 0, 255],[0, 255, 0],45,135,2,3,1,0,nochange_ori,z,2,testing
9,hcy,f,21,index,True,564780,565585,/,circle.png,triangle.png,circle.png,triangle.png,[255, 255, 0],[0, 255, 0],90,45,0,2,3,1,change_ori,/,2,testing
9,hcy,f,21,index,True,570307,571442,z,rect.png,circle.png,rect.png,circle.png,[0, 255, 0],[0, 0, 255],45,135,0,2,1,3,nochange_col,z,1,testing
9,hcy,f,21,index,True,576218,576753,z,rect.png,circle.png,rect.png,circle.png,[255, 0, 0],[255, 255, 0],90,45,1,2,0,3,nochange_col,z,3,testing
9,hcy,f,21,index,True,581427,582129,z,rect.png,diamond.png,rect.png,diamond.png,[255, 255, 0],[255, 0, 0],135,45,3,2,0,1,nochange_ori,z,2,testing
9,hcy,f,21,index,True,586905,588417,/,triangle.png,diamond.png,triangle.png,diamond.png,[255, 255, 0],[0, 0, 255],0,90,2,0,1,3,change_ori,/,2,testing
9,hcy,f,21,index,True,593032,593810,/,triangle.png,circle.png,triangle.png,circle.png,[255, 0, 0],[0, 255, 0],0,90,2,1,0,3,change_ori,/,2,testing
9,hcy,f,21,index,True,598458,599106,/,diamond.png,circle.png,diamond.png,circle.png,[255, 255, 0],[255, 0, 0],45,90,0,1,2,3,change_col,/,1,testing
9,hcy,f,21,index,True,603819,604482,/,triangle.png,circle.png,triangle.png,circle.png,[0, 0, 255],[255, 0, 0],135,45,3,0,2,1,change_col,/,1,testing
9,hcy,f,21,index,True,609228,609906,/,circle.png,diamond.png,circle.png,diamond.png,[0, 255, 0],[255, 255, 0],0,90,0,3,1,2,change_ori,/,0,testing
9,hcy,f,21,index,True,614572,615522,/,diamond.png,circle.png,diamond.png,circle.png,[255, 255, 0],[0, 0, 255],90,45,2,1,0,3,change_ori,/,0,testing
9,hcy,f,21,index,True,620282,621041,z,circle.png,rect.png,circle.png,rect.png,[255, 0, 0],[0, 255, 0],135,0,1,3,0,2,nochange_col,z,3,testing
9,hcy,f,21,index,True,625776,626530,z,triangle.png,diamond.png,triangle.png,diamond.png,[0, 255, 0],[255, 255, 0],45,0,0,2,3,1,nochange_col,z,3,testing
9,hcy,f,21,index,True,631252,632513,/,rect.png,circle.png,rect.png,circle.png,[0, 255, 0],[255, 0, 0],45,90,3,0,2,1,change_col,/,1,testing
9,hcy,f,21,index,True,637263,638034,/,triangle.png,circle.png,triangle.png,circle.png,[255, 255, 0],[255, 0, 0],90,45,3,1,0,2,change_col,/,3,testing
9,hcy,f,21,index,True,642791,643601,z,circle.png,rect.png,circle.png,rect.png,[0, 0, 255],[255, 255, 0],45,135,3,2,0,1,nochange_col,z,3,testing
9,hcy,f,21,index,True,676703,679025,/,diamond.png,rect.png,diamond.png,rect.png,[0, 0, 255],[255, 255, 0],45,0,3,2,0,1,change_ori,/,0,testing
9,hcy,f,21,index,True,683732,684465,z,triangle.png,circle.png,triangle.png,circle.png,[255, 0, 0],[0, 0, 255],45,90,0,1,3,2,nochange_ori,z,0,testing
9,hcy,f,21,index,True,689125,690113,/,diamond.png,circle.png,diamond.png,circle.png,[255, 0, 0],[0, 255, 0],0,135,1,0,3,2,change_ori,/,2,testing
9,hcy,f,21,index,True,694869,695569,/,triangle.png,rect.png,triangle.png,rect.png,[0, 255, 0],[255, 0, 0],135,90,0,3,1,2,nochange_ori,z,0,testing
9,hcy,f,21,index,True,700246,700737,z,circle.png,diamond.png,circle.png,diamond.png,[0, 0, 255],[0, 255, 0],135,90,3,2,1,0,nochange_ori,z,0,testing
9,hcy,f,21,index,True,705305,705857,z,triangle.png,circle.png,triangle.png,circle.png,[0, 0, 255],[255, 0, 0],45,90,3,0,2,1,nochange_col,z,3,testing
9,hcy,f,21,index,True,710532,712321,/,rect.png,triangle.png,rect.png,triangle.png,[0, 0, 255],[255, 0, 0],135,45,0,3,1,2,change_ori,/,0,testing
9,hcy,f,21,index,True,716893,718001,z,diamond.png,rect.png,diamond.png,rect.png,[255, 255, 0],[0, 0, 255],0,45,3,2,1,0,nochange_ori,z,0,testing
9,hcy,f,21,index,True,722621,723457,z,rect.png,diamond.png,rect.png,diamond.png,[255, 0, 0],[0, 255, 0],135,90,3,0,1,2,nochange_ori,z,2,testing
9,hcy,f,21,index,True,728180,728801,z,rect.png,diamond.png,rect.png,diamond.png,[0, 0, 255],[255, 0, 0],135,90,1,2,3,0,nochange_col,z,3,testing
9,hcy,f,21,index,True,733457,734801,/,rect.png,triangle.png,rect.png,triangle.png,[0, 255, 0],[255, 255, 0],0,135,0,1,3,2,nochange_ori,z,0,testing
9,hcy,f,21,index,True,739485,740097,z,rect.png,triangle.png,rect.png,triangle.png,[0, 0, 255],[255, 0, 0],0,45,1,3,2,0,nochange_ori,z,2,testing
9,hcy,f,21,index,True,744811,745409,z,circle.png,triangle.png,circle.png,triangle.png,[255, 0, 0],[0, 255, 0],90,0,2,3,0,1,nochange_col,z,1,testing
9,hcy,f,21,index,True,750037,750833,/,triangle.png,rect.png,triangle.png,rect.png,[255, 255, 0],[0, 255, 0],135,45,0,1,2,3,change_col,/,1,testing
9,hcy,f,21,index,True,755514,756416,/,triangle.png,rect.png,triangle.png,rect.png,[255, 255, 0],[0, 255, 0],135,90,1,2,0,3,nochange_ori,z,2,testing
9,hcy,f,21,index,True,761141,761841,/,circle.png,diamond.png,circle.png,diamond.png,[0, 255, 0],[255, 255, 0],135,0,3,1,2,0,change_col,/,1,testing
9,hcy,f,21,index,True,766584,767376,/,triangle.png,diamond.png,triangle.png,diamond.png,[255, 0, 0],[0, 255, 0],90,135,1,0,3,2,change_col,/,1,testing
9,hcy,f,21,index,True,771994,772641,z,triangle.png,rect.png,triangle.png,rect.png,[255, 0, 0],[255, 255, 0],45,90,3,1,2,0,change_ori,/,0,testing
9,hcy,f,21,index,True,777354,778336,/,triangle.png,circle.png,triangle.png,circle.png,[0, 255, 0],[0, 0, 255],45,0,0,3,2,1,change_col,/,3,testing
9,hcy,f,21,index,True,783098,783825,/,diamond.png,circle.png,diamond.png,circle.png,[255, 0, 0],[0, 0, 255],90,0,1,3,2,0,change_ori,/,0,testing
9,hcy,f,21,index,True,788391,789121,z,rect.png,circle.png,rect.png,circle.png,[0, 0, 255],[0, 255, 0],45,90,1,0,3,2,nochange_col,z,1,testing
9,hcy,f,21,index,True,793818,794800,/,circle.png,rect.png,circle.png,rect.png,[0, 255, 0],[255, 255, 0],135,90,0,1,3,2,change_ori,/,2,testing
9,hcy,f,21,index,True,799445,800160,z,diamond.png,circle.png,diamond.png,circle.png,[0, 0, 255],[255, 255, 0],90,135,2,1,3,0,nochange_col,z,1,testing
9,hcy,f,21,index,True,804871,805937,z,rect.png,triangle.png,rect.png,triangle.png,[0, 0, 255],[0, 255, 0],45,135,0,3,1,2,nochange_ori,z,2,testing
9,hcy,f,21,index,True,810582,811840,/,triangle.png,rect.png,triangle.png,rect.png,[0, 255, 0],[0, 0, 255],0,45,3,1,2,0,change_ori,/,2,testing
9,hcy,f,21,index,True,816526,817248,/,circle.png,triangle.png,circle.png,triangle.png,[0, 255, 0],[255, 255, 0],135,0,1,0,2,3,change_col,/,1,testing
9,hcy,f,21,index,True,821835,822705,/,rect.png,circle.png,rect.png,circle.png,[255, 255, 0],[0, 255, 0],135,0,3,0,2,1,change_col,/,3,testing
9,hcy,f,21,index,True,827462,828720,z,circle.png,rect.png,circle.png,rect.png,[255, 255, 0],[0, 255, 0],135,90,2,1,3,0,nochange_ori,z,0,testing
9,hcy,f,21,index,True,833474,834193,/,rect.png,triangle.png,rect.png,triangle.png,[255, 255, 0],[0, 0, 255],0,135,0,3,1,2,change_col,/,1,testing
9,hcy,f,21,index,True,838833,839840,/,diamond.png,triangle.png,diamond.png,triangle.png,[0, 255, 0],[0, 0, 255],135,90,1,3,0,2,change_col,/,3,testing
9,hcy,f,21,index,True,844527,845201,z,circle.png,rect.png,circle.png,rect.png,[0, 0, 255],[0, 255, 0],0,90,0,3,2,1,nochange_col,z,1,testing
9,hcy,f,21,index,True,849937,850625,/,triangle.png,diamond.png,triangle.png,diamond.png,[255, 255, 0],[0, 0, 255],90,135,0,1,3,2,change_col,/,3,testing
9,hcy,f,21,index,True,855213,856016,/,circle.png,diamond.png,circle.png,diamond.png,[255, 0, 0],[0, 255, 0],45,90,2,0,3,1,change_col,/,1,testing
9,hcy,f,21,index,True,860724,861489,z,circle.png,diamond.png,circle.png,diamond.png,[255, 255, 0],[0, 255, 0],45,90,1,0,3,2,nochange_ori,z,2,testing
9,hcy,f,21,index,True,866150,866880,z,rect.png,circle.png,rect.png,circle.png,[255, 255, 0],[0, 255, 0],135,45,1,3,0,2,nochange_col,z,1,testing
9,hcy,f,21,index,True,871494,873568,/,circle.png,triangle.png,circle.png,triangle.png,[0, 0, 255],[0, 255, 0],135,90,0,2,1,3,change_ori,/,2,testing
9,hcy,f,21,index,True,878306,879135,/,diamond.png,triangle.png,diamond.png,triangle.png,[0, 0, 255],[0, 255, 0],90,45,1,0,3,2,change_col,/,1,testing
9,hcy,f,21,index,True,883783,885072,z,rect.png,diamond.png,rect.png,diamond.png,[255, 255, 0],[255, 0, 0],0,45,3,0,2,1,nochange_ori,z,0,testing
9,hcy,f,21,index,True,889677,890336,z,rect.png,circle.png,rect.png,circle.png,[0, 255, 0],[255, 0, 0],45,90,2,1,3,0,nochange_col,z,1,testing
9,hcy,f,21,index,True,894954,896688,/,rect.png,circle.png,rect.png,circle.png,[0, 255, 0],[255, 255, 0],45,135,2,0,1,3,change_ori,/,2,testing
9,hcy,f,21,index,True,901381,902192,z,triangle.png,diamond.png,triangle.png,diamond.png,[0, 0, 255],[255, 255, 0],90,45,0,3,1,2,nochange_col,z,3,testing
9,hcy,f,21,index,True,906875,907537,z,triangle.png,rect.png,triangle.png,rect.png,[0, 0, 255],[0, 255, 0],135,45,0,2,3,1,nochange_ori,z,0,testing
9,hcy,f,21,index,True,912268,912864,z,triangle.png,circle.png,triangle.png,circle.png,[0, 255, 0],[255, 0, 0],90,45,3,2,0,1,nochange_ori,z,0,testing
9,hcy,f,21,index,True,917478,918208,z,circle.png,diamond.png,circle.png,diamond.png,[0, 255, 0],[0, 0, 255],90,0,3,1,0,2,nochange_ori,z,0,testing
9,hcy,f,21,index,True,922971,923696,z,circle.png,triangle.png,circle.png,triangle.png,[255, 0, 0],[0, 255, 0],45,0,1,2,3,0,nochange_col,z,3,testing
9,hcy,f,21,index,True,928314,929041,z,triangle.png,rect.png,triangle.png,rect.png,[255, 255, 0],[255, 0, 0],45,0,3,1,2,0,nochange_col,z,3,testing
9,hcy,f,21,index,True,933708,934272,z,triangle.png,circle.png,triangle.png,circle.png,[255, 255, 0],[0, 0, 255],135,0,1,0,2,3,nochange_col,z,1,testing
9,hcy,f,21,index,True,939017,940080,z,triangle.png,circle.png,triangle.png,circle.png,[255, 255, 0],[0, 0, 255],0,135,0,3,2,1,nochange_ori,z,0,testing
9,hcy,f,21,index,True,944728,945759,/,diamond.png,rect.png,diamond.png,rect.png,[0, 255, 0],[255, 255, 0],90,135,3,0,2,1,change_ori,/,2,testing
9,hcy,f,21,index,True,950405,950992,z,triangle.png,rect.png,triangle.png,rect.png,[0, 255, 0],[255, 255, 0],45,0,3,2,1,0,nochange_col,z,1,testing
9,hcy,f,21,index,True,955665,956416,/,rect.png,triangle.png,rect.png,triangle.png,[255, 255, 0],[0, 255, 0],45,135,3,1,0,2,change_col,/,1,testing
9,hcy,f,21,index,True,961125,961872,z,triangle.png,diamond.png,triangle.png,diamond.png,[0, 0, 255],[255, 255, 0],45,135,1,3,0,2,nochange_col,z,3,testing
9,hcy,f,21,index,True,966551,968032,/,rect.png,diamond.png,rect.png,diamond.png,[0, 0, 255],[255, 0, 0],0,45,1,2,3,0,change_col,/,3,testing
9,hcy,f,21,index,True,972729,973600,/,rect.png,triangle.png,rect.png,triangle.png,[0, 255, 0],[255, 0, 0],45,135,0,2,1,3,change_ori,/,2,testing
9,hcy,f,21,index,True,978206,978976,/,circle.png,diamond.png,circle.png,diamond.png,[0, 0, 255],[0, 255, 0],90,135,3,0,1,2,change_ori,/,0,testing
9,hcy,f,21,index,True,983700,984496,z,diamond.png,triangle.png,diamond.png,triangle.png,[255, 255, 0],[0, 0, 255],135,90,2,3,0,1,nochange_col,z,1,testing
9,hcy,f,21,index,True,989160,989904,/,diamond.png,circle.png,diamond.png,circle.png,[255, 255, 0],[255, 0, 0],0,135,1,0,2,3,change_col,/,1,testing
9,hcy,f,21,index,True,994620,995328,z,circle.png,triangle.png,circle.png,triangle.png,[255, 0, 0],[255, 255, 0],45,0,3,2,1,0,nochange_col,z,1,testing
9,hcy,f,21,index,True,1000062,1001040,z,rect.png,circle.png,rect.png,circle.png,[0, 0, 255],[255, 255, 0],90,135,2,0,3,1,nochange_ori,z,0,testing
9,hcy,f,21,index,True,1005640,1006719,/,triangle.png,rect.png,triangle.png,rect.png,[0, 0, 255],[0, 255, 0],45,135,2,3,0,1,change_ori,/,2,testing
9,hcy,f,21,index,True,1011333,1012255,z,circle.png,triangle.png,circle.png,triangle.png,[0, 255, 0],[0, 0, 255],45,0,3,1,0,2,nochange_ori,z,0,testing
9,hcy,f,21,index,True,1016860,1017408,/,circle.png,rect.png,circle.png,rect.png,[255, 255, 0],[255, 0, 0],90,45,1,0,2,3,change_col,/,3,testing
9,hcy,f,21,index,True,1022120,1023248,/,triangle.png,diamond.png,triangle.png,diamond.png,[0, 255, 0],[0, 0, 255],90,135,2,0,1,3,change_ori,/,0,testing
9,hcy,f,21,index,True,1027914,1028639,/,rect.png,triangle.png,rect.png,triangle.png,[0, 0, 255],[255, 255, 0],45,0,3,1,0,2,change_ori,/,0,testing
9,hcy,f,21,index,True,1033357,1034000,/,rect.png,triangle.png,rect.png,triangle.png,[255, 0, 0],[255, 255, 0],135,90,3,0,2,1,change_col,/,3,testing
9,hcy,f,21,index,True,1038667,1039502,z,rect.png,circle.png,rect.png,circle.png,[255, 0, 0],[0, 0, 255],90,0,3,1,2,0,nochange_col,z,3,testing
9,hcy,f,21,index,True,1044277,1044832,z,triangle.png,rect.png,triangle.png,rect.png,[255, 255, 0],[255, 0, 0],0,90,2,3,1,0,nochange_ori,z,0,testing
9,hcy,f,21,index,True,1049520,1051072,/,circle.png,diamond.png,circle.png,diamond.png,[0, 0, 255],[255, 255, 0],90,0,2,1,0,3,change_ori,/,0,testing
9,hcy,f,21,index,True,1055832,1056607,z,triangle.png,diamond.png,triangle.png,diamond.png,[0, 255, 0],[255, 0, 0],0,90,0,1,2,3,nochange_ori,z,0,testing
9,hcy,f,21,index,True,1061292,1062015,/,rect.png,circle.png,rect.png,circle.png,[0, 255, 0],[0, 0, 255],90,0,0,1,3,2,change_col,/,1,testing
9,hcy,f,21,index,True,1066702,1067375,/,diamond.png,circle.png,diamond.png,circle.png,[255, 0, 0],[0, 0, 255],0,135,0,3,2,1,change_col,/,3,testing
9,hcy,f,21,index,True,1071978,1072864,/,rect.png,triangle.png,rect.png,triangle.png,[255, 0, 0],[0, 255, 0],90,45,0,1,3,2,change_ori,/,2,testing
9,hcy,f,21,index,True,1077488,1078271,z,triangle.png,diamond.png,triangle.png,diamond.png,[255, 0, 0],[255, 255, 0],0,90,0,1,2,3,nochange_col,z,3,testing
9,hcy,f,21,index,True,1082931,1083471,z,diamond.png,circle.png,diamond.png,circle.png,[255, 0, 0],[255, 255, 0],90,45,0,2,3,1,nochange_col,z,1,testing
9,hcy,f,21,index,True,1088091,1088912,/,triangle.png,rect.png,triangle.png,rect.png,[0, 255, 0],[255, 0, 0],90,45,0,1,3,2,change_col,/,1,testing
9,hcy,f,21,index,True,1093651,1094495,z,rect.png,triangle.png,rect.png,triangle.png,[0, 255, 0],[255, 255, 0],90,135,0,3,1,2,nochange_col,z,3,testing
9,hcy,f,21,index,True,1099145,1100095,/,diamond.png,circle.png,diamond.png,circle.png,[255, 255, 0],[255, 0, 0],0,90,0,1,3,2,change_ori,/,2,testing
9,hcy,f,21,index,True,1104739,1105439,z,diamond.png,triangle.png,diamond.png,triangle.png,[0, 255, 0],[0, 0, 255],45,0,0,3,1,2,change_col,/,1,testing
9,hcy,f,21,index,True,1110048,1110959,/,diamond.png,rect.png,diamond.png,rect.png,[0, 255, 0],[0, 0, 255],135,45,1,3,0,2,change_ori,/,2,testing
9,hcy,f,21,index,True,1115541,1116399,/,rect.png,triangle.png,rect.png,triangle.png,[0, 255, 0],[255, 255, 0],135,0,2,1,3,0,change_ori,/,2,testing
