subj,name,gender,age,cond,P_resp,P_startTime,P_respTime,P_gotKey,shape1,shape2,shape3,shape4,color1,color2,color3,color4ori1,ori2,ori3,ori4ord_1,ord_2,ord_3,ord_4,task,correct_key,no_change,mode
9,hcy,f,21,noindex,True,173425,174286,/,rect.png,diamond.png,triangle.png,circle.png,[0, 0, 255],[0, 255, 0],0,45,3,2,1,0,change_col,/,1,practice
9,hcy,f,21,noindex,True,178969,179470,z,diamond.png,triangle.png,rect.png,circle.png,[0, 0, 255],[255, 0, 0],90,45,1,0,3,2,nochange_col,z,1,practice
9,hcy,f,21,noindex,True,184195,184781,/,circle.png,triangle.png,rect.png,diamond.png,[0, 255, 0],[255, 0, 0],0,45,1,0,3,2,change_col,/,3,practice
9,hcy,f,21,noindex,True,189455,190046,/,triangle.png,diamond.png,rect.png,circle.png,[0, 0, 255],[255, 255, 0],135,0,3,0,2,1,change_col,/,3,practice
9,hcy,f,21,noindex,True,194697,195406,/,rect.png,diamond.png,triangle.png,circle.png,[255, 0, 0],[0, 0, 255],0,45,1,3,2,0,nochange_ori,z,2,practice
9,hcy,f,21,noindex,True,199991,200382,z,circle.png,rect.png,triangle.png,diamond.png,[255, 0, 0],[0, 0, 255],0,45,2,1,3,0,change_ori,/,2,practice
9,hcy,f,21,noindex,True,205083,205582,/,diamond.png,circle.png,rect.png,triangle.png,[255, 255, 0],[0, 0, 255],0,45,2,1,0,3,change_ori,/,2,practice
9,hcy,f,21,noindex,True,210326,210910,/,circle.png,triangle.png,rect.png,diamond.png,[255, 0, 0],[255, 255, 0],45,90,1,2,3,0,change_ori,/,2,practice
9,hcy,f,21,noindex,True,215520,216094,/,rect.png,diamond.png,triangle.png,circle.png,[255, 0, 0],[0, 255, 0],135,90,1,2,0,3,nochange_ori,z,0,practice
9,hcy,f,21,noindex,True,220679,221182,/,triangle.png,diamond.png,circle.png,rect.png,[255, 255, 0],[0, 0, 255],135,90,3,1,0,2,change_ori,/,2,practice
9,hcy,f,21,noindex,True,225905,226494,/,triangle.png,circle.png,diamond.png,rect.png,[0, 255, 0],[255, 0, 0],135,45,0,2,1,3,nochange_ori,z,0,practice
9,hcy,f,21,noindex,True,231148,232046,/,diamond.png,triangle.png,circle.png,rect.png,[255, 0, 0],[0, 0, 255],0,45,1,3,2,0,change_col,/,3,practice
9,hcy,f,21,noindex,True,236774,237742,/,rect.png,circle.png,diamond.png,triangle.png,[0, 255, 0],[255, 0, 0],0,135,3,0,1,2,change_col,/,1,practice
9,hcy,f,21,noindex,True,242402,243118,/,rect.png,diamond.png,circle.png,triangle.png,[0, 0, 255],[255, 0, 0],45,0,2,1,3,0,change_ori,/,0,practice
9,hcy,f,21,noindex,True,247712,248414,z,triangle.png,rect.png,circle.png,diamond.png,[0, 0, 255],[0, 255, 0],0,45,0,2,1,3,nochange_ori,z,0,practice
9,hcy,f,21,noindex,True,253172,254157,z,rect.png,circle.png,triangle.png,diamond.png,[255, 0, 0],[255, 255, 0],135,90,1,3,0,2,nochange_col,z,1,practice
9,hcy,f,21,noindex,True,258749,259502,z,diamond.png,rect.png,triangle.png,circle.png,[255, 255, 0],[0, 255, 0],45,0,3,1,0,2,nochange_col,z,3,practice
9,hcy,f,21,noindex,True,264242,265102,z,triangle.png,rect.png,diamond.png,circle.png,[0, 255, 0],[255, 0, 0],90,45,1,3,0,2,nochange_col,z,3,practice
9,hcy,f,21,noindex,True,269669,270430,z,diamond.png,triangle.png,rect.png,circle.png,[0, 0, 255],[0, 255, 0],90,135,1,0,2,3,nochange_ori,z,2,practice
9,hcy,f,21,noindex,True,275096,275758,z,diamond.png,circle.png,rect.png,triangle.png,[255, 0, 0],[255, 255, 0],135,90,1,2,0,3,nochange_col,z,3,practice
9,hcy,f,21,noindex,True,307037,307565,/,diamond.png,rect.png,circle.png,triangle.png,[0, 255, 0],[0, 0, 255],45,90,3,0,1,2,change_col,/,3,testing
9,hcy,f,21,noindex,True,312181,312781,/,circle.png,rect.png,diamond.png,triangle.png,[255, 0, 0],[0, 0, 255],0,45,3,0,2,1,change_col,/,1,testing
9,hcy,f,21,noindex,True,317356,318014,z,triangle.png,circle.png,diamond.png,rect.png,[0, 255, 0],[255, 255, 0],135,90,0,1,2,3,nochange_col,z,3,testing
9,hcy,f,21,noindex,True,322683,323469,z,rect.png,triangle.png,circle.png,diamond.png,[255, 0, 0],[0, 0, 255],0,135,1,2,0,3,nochange_ori,z,2,testing
9,hcy,f,21,noindex,True,328109,328558,z,diamond.png,circle.png,triangle.png,rect.png,[0, 255, 0],[255, 0, 0],135,45,1,2,3,0,nochange_ori,z,0,testing
9,hcy,f,21,noindex,True,333303,334109,/,circle.png,triangle.png,diamond.png,rect.png,[0, 0, 255],[0, 255, 0],0,90,1,3,0,2,change_ori,/,2,testing
9,hcy,f,21,noindex,True,338779,339518,z,triangle.png,diamond.png,circle.png,rect.png,[0, 255, 0],[255, 255, 0],0,45,0,1,3,2,nochange_ori,z,0,testing
9,hcy,f,21,noindex,True,344239,344829,z,diamond.png,triangle.png,rect.png,circle.png,[0, 255, 0],[255, 255, 0],45,135,0,1,3,2,nochange_ori,z,2,testing
9,hcy,f,21,noindex,True,349432,350125,z,circle.png,triangle.png,rect.png,diamond.png,[255, 0, 0],[255, 255, 0],45,90,1,3,0,2,nochange_ori,z,0,testing
9,hcy,f,21,noindex,True,354875,355789,/,diamond.png,circle.png,rect.png,triangle.png,[0, 0, 255],[255, 0, 0],0,135,2,3,1,0,change_ori,/,0,testing
9,hcy,f,21,noindex,True,360469,361213,/,rect.png,diamond.png,circle.png,triangle.png,[255, 0, 0],[255, 255, 0],135,90,0,2,3,1,change_col,/,1,testing
9,hcy,f,21,noindex,True,365846,366541,z,rect.png,circle.png,diamond.png,triangle.png,[0, 0, 255],[255, 255, 0],135,0,0,1,3,2,nochange_ori,z,2,testing
9,hcy,f,21,noindex,True,371105,372589,/,triangle.png,circle.png,rect.png,diamond.png,[255, 0, 0],[255, 255, 0],45,0,2,1,3,0,change_ori,/,0,testing
9,hcy,f,21,noindex,True,377183,377821,/,circle.png,triangle.png,diamond.png,rect.png,[0, 0, 255],[255, 255, 0],135,90,2,1,0,3,nochange_col,z,1,testing
9,hcy,f,21,noindex,True,382409,383325,/,diamond.png,circle.png,rect.png,triangle.png,[0, 255, 0],[255, 0, 0],0,135,1,3,0,2,change_col,/,1,testing
9,hcy,f,21,noindex,True,388053,388653,z,diamond.png,circle.png,triangle.png,rect.png,[0, 0, 255],[255, 255, 0],0,90,3,1,0,2,nochange_ori,z,2,testing
9,hcy,f,21,noindex,True,393329,394045,/,rect.png,circle.png,diamond.png,triangle.png,[255, 255, 0],[0, 0, 255],135,45,1,2,3,0,change_col,/,3,testing
9,hcy,f,21,noindex,True,398706,399261,z,triangle.png,rect.png,circle.png,diamond.png,[0, 255, 0],[255, 255, 0],135,45,3,0,2,1,nochange_ori,z,2,testing
9,hcy,f,21,noindex,True,403849,404717,/,diamond.png,rect.png,triangle.png,circle.png,[0, 255, 0],[255, 255, 0],135,90,3,0,1,2,change_ori,/,2,testing
9,hcy,f,21,noindex,True,409459,410013,/,diamond.png,rect.png,triangle.png,circle.png,[255, 255, 0],[0, 0, 255],45,135,1,2,0,3,change_col,/,1,testing
9,hcy,f,21,noindex,True,414686,416125,/,circle.png,rect.png,diamond.png,triangle.png,[255, 0, 0],[0, 0, 255],0,90,1,0,3,2,nochange_col,z,3,testing
9,hcy,f,21,noindex,True,420746,421405,/,circle.png,diamond.png,triangle.png,rect.png,[255, 255, 0],[0, 255, 0],0,90,2,3,1,0,change_col,/,3,testing
9,hcy,f,21,noindex,True,426039,426780,/,rect.png,diamond.png,circle.png,triangle.png,[0, 0, 255],[255, 0, 0],0,135,0,2,3,1,nochange_ori,z,0,testing
9,hcy,f,21,noindex,True,431399,432108,z,circle.png,diamond.png,rect.png,triangle.png,[255, 255, 0],[0, 255, 0],90,135,3,0,1,2,nochange_col,z,1,testing
9,hcy,f,21,noindex,True,436759,437629,z,circle.png,rect.png,diamond.png,triangle.png,[0, 0, 255],[255, 255, 0],45,135,3,1,2,0,nochange_col,z,1,testing
9,hcy,f,21,noindex,True,442386,442925,z,rect.png,diamond.png,triangle.png,circle.png,[255, 0, 0],[0, 0, 255],45,90,0,1,2,3,nochange_col,z,1,testing
9,hcy,f,21,noindex,True,447495,448157,/,circle.png,triangle.png,rect.png,diamond.png,[0, 255, 0],[255, 255, 0],90,0,3,1,0,2,change_ori,/,0,testing
9,hcy,f,21,noindex,True,452872,453501,z,diamond.png,rect.png,circle.png,triangle.png,[0, 0, 255],[255, 255, 0],0,45,3,1,0,2,nochange_ori,z,2,testing
9,hcy,f,21,noindex,True,458064,458861,/,circle.png,rect.png,triangle.png,diamond.png,[0, 0, 255],[0, 255, 0],45,90,3,1,0,2,change_ori,/,2,testing
9,hcy,f,21,noindex,True,463625,464109,z,rect.png,triangle.png,circle.png,diamond.png,[255, 0, 0],[255, 255, 0],90,45,2,1,3,0,nochange_col,z,1,testing
9,hcy,f,21,noindex,True,468718,469661,/,diamond.png,triangle.png,rect.png,circle.png,[255, 255, 0],[0, 255, 0],135,0,2,3,1,0,change_col,/,3,testing
9,hcy,f,21,noindex,True,474312,475069,/,triangle.png,diamond.png,rect.png,circle.png,[255, 255, 0],[0, 0, 255],90,0,3,1,2,0,change_ori,/,2,testing
9,hcy,f,21,noindex,True,479722,480285,/,rect.png,circle.png,triangle.png,diamond.png,[0, 255, 0],[0, 0, 255],135,45,2,0,1,3,change_ori,/,0,testing
9,hcy,f,21,noindex,True,484881,485693,z,diamond.png,circle.png,rect.png,triangle.png,[255, 255, 0],[0, 0, 255],90,45,2,3,0,1,nochange_ori,z,0,testing
9,hcy,f,21,noindex,True,490257,491021,/,diamond.png,rect.png,circle.png,triangle.png,[0, 0, 255],[255, 0, 0],135,90,0,2,1,3,change_ori,/,2,testing
9,hcy,f,21,noindex,True,495768,496380,z,diamond.png,triangle.png,circle.png,rect.png,[0, 255, 0],[0, 0, 255],0,45,1,0,2,3,nochange_ori,z,2,testing
9,hcy,f,21,noindex,True,500960,501581,z,rect.png,diamond.png,triangle.png,circle.png,[0, 0, 255],[255, 255, 0],135,0,2,1,0,3,nochange_col,z,3,testing
9,hcy,f,21,noindex,True,506236,507245,/,triangle.png,diamond.png,circle.png,rect.png,[0, 255, 0],[0, 0, 255],45,135,3,1,0,2,change_col,/,1,testing
9,hcy,f,21,noindex,True,511931,512572,/,triangle.png,rect.png,circle.png,diamond.png,[0, 0, 255],[0, 255, 0],90,135,1,3,2,0,change_col,/,1,testing
9,hcy,f,21,noindex,True,517207,517772,z,rect.png,diamond.png,triangle.png,circle.png,[0, 255, 0],[255, 0, 0],0,135,1,3,2,0,nochange_col,z,3,testing
9,hcy,f,21,noindex,True,522533,523229,z,circle.png,diamond.png,rect.png,triangle.png,[0, 0, 255],[255, 255, 0],0,135,3,1,2,0,change_ori,/,2,testing
9,hcy,f,21,noindex,True,527826,528621,z,diamond.png,circle.png,triangle.png,rect.png,[255, 255, 0],[0, 255, 0],45,0,2,1,0,3,nochange_ori,z,0,testing
9,hcy,f,21,noindex,True,533270,534140,/,diamond.png,triangle.png,circle.png,rect.png,[0, 255, 0],[0, 0, 255],0,135,1,0,2,3,change_ori,/,2,testing
9,hcy,f,21,noindex,True,538813,539437,/,triangle.png,diamond.png,circle.png,rect.png,[255, 0, 0],[0, 255, 0],45,0,3,0,2,1,nochange_col,z,3,testing
9,hcy,f,21,noindex,True,544106,544813,/,diamond.png,triangle.png,circle.png,rect.png,[0, 0, 255],[255, 0, 0],45,90,3,1,2,0,change_col,/,1,testing
9,hcy,f,21,noindex,True,549449,550333,/,rect.png,triangle.png,circle.png,diamond.png,[255, 255, 0],[0, 0, 255],0,45,0,2,1,3,change_ori,/,2,testing
9,hcy,f,21,noindex,True,555076,555900,/,diamond.png,triangle.png,rect.png,circle.png,[255, 0, 0],[0, 0, 255],135,45,0,3,1,2,change_col,/,1,testing
9,hcy,f,21,noindex,True,560620,561229,/,circle.png,triangle.png,diamond.png,rect.png,[0, 255, 0],[255, 0, 0],0,45,3,2,1,0,change_col,/,3,testing
9,hcy,f,21,noindex,True,565862,566604,/,rect.png,circle.png,diamond.png,triangle.png,[255, 0, 0],[255, 255, 0],135,0,0,3,1,2,change_ori,/,0,testing
9,hcy,f,21,noindex,True,571307,571885,z,triangle.png,rect.png,circle.png,diamond.png,[255, 255, 0],[255, 0, 0],135,45,1,2,3,0,nochange_col,z,1,testing
9,hcy,f,21,noindex,True,576549,577164,z,triangle.png,diamond.png,circle.png,rect.png,[255, 0, 0],[0, 255, 0],90,135,0,1,3,2,nochange_col,z,3,testing
9,hcy,f,21,noindex,True,581842,582460,/,triangle.png,rect.png,circle.png,diamond.png,[0, 255, 0],[255, 0, 0],0,135,3,0,1,2,change_col,/,3,testing
9,hcy,f,21,noindex,True,587202,587772,/,diamond.png,rect.png,triangle.png,circle.png,[255, 0, 0],[0, 255, 0],90,0,1,2,0,3,change_col,/,3,testing
9,hcy,f,21,noindex,True,592378,593020,/,triangle.png,rect.png,circle.png,diamond.png,[0, 0, 255],[255, 255, 0],0,45,1,3,0,2,change_col,/,3,testing
9,hcy,f,21,noindex,True,597654,598156,/,diamond.png,circle.png,rect.png,triangle.png,[255, 255, 0],[255, 0, 0],0,90,0,2,1,3,change_col,/,3,testing
9,hcy,f,21,noindex,True,602780,603356,/,triangle.png,diamond.png,rect.png,circle.png,[255, 255, 0],[0, 255, 0],90,0,2,1,3,0,nochange_ori,z,2,testing
9,hcy,f,21,noindex,True,607940,608876,z,diamond.png,rect.png,triangle.png,circle.png,[255, 255, 0],[255, 0, 0],0,135,0,2,3,1,nochange_ori,z,2,testing
9,hcy,f,21,noindex,True,613467,613980,z,triangle.png,rect.png,circle.png,diamond.png,[0, 255, 0],[255, 255, 0],0,90,2,1,0,3,nochange_ori,z,0,testing
9,hcy,f,21,noindex,True,618609,619261,/,diamond.png,rect.png,triangle.png,circle.png,[0, 255, 0],[0, 0, 255],0,45,3,1,2,0,change_col,/,1,testing
9,hcy,f,21,noindex,True,623970,624637,z,diamond.png,circle.png,triangle.png,rect.png,[255, 255, 0],[255, 0, 0],90,135,2,3,0,1,nochange_col,z,3,testing
9,hcy,f,21,noindex,True,629396,630140,/,diamond.png,triangle.png,circle.png,rect.png,[255, 0, 0],[255, 255, 0],90,135,1,2,3,0,change_ori,/,2,testing
9,hcy,f,21,noindex,True,634807,635484,z,rect.png,triangle.png,diamond.png,circle.png,[0, 255, 0],[0, 0, 255],135,90,2,1,0,3,nochange_ori,z,2,testing
9,hcy,f,21,noindex,True,640232,640973,z,circle.png,rect.png,diamond.png,triangle.png,[0, 255, 0],[255, 255, 0],45,90,2,3,0,1,nochange_col,z,1,testing
9,hcy,f,21,noindex,True,645560,646316,/,circle.png,diamond.png,triangle.png,rect.png,[0, 255, 0],[0, 0, 255],0,90,3,2,1,0,change_ori,/,2,testing
9,hcy,f,21,noindex,True,651036,651548,/,triangle.png,rect.png,diamond.png,circle.png,[255, 255, 0],[0, 0, 255],90,0,2,1,3,0,change_col,/,3,testing
9,hcy,f,21,noindex,True,656229,657356,/,diamond.png,circle.png,rect.png,triangle.png,[255, 0, 0],[255, 255, 0],45,0,3,1,2,0,change_ori,/,2,testing
9,hcy,f,21,noindex,True,662106,663067,/,circle.png,diamond.png,rect.png,triangle.png,[255, 0, 0],[255, 255, 0],135,0,1,2,0,3,change_ori,/,0,testing
9,hcy,f,21,noindex,True,667767,668460,/,triangle.png,rect.png,diamond.png,circle.png,[255, 0, 0],[255, 255, 0],135,0,3,0,2,1,change_col,/,3,testing
9,hcy,f,21,noindex,True,673110,673979,/,triangle.png,rect.png,circle.png,diamond.png,[255, 255, 0],[0, 0, 255],0,45,1,2,3,0,change_ori,/,2,testing
9,hcy,f,21,noindex,True,678620,679147,z,diamond.png,triangle.png,circle.png,rect.png,[0, 0, 255],[255, 255, 0],90,0,1,3,2,0,nochange_col,z,3,testing
9,hcy,f,21,noindex,True,683729,684283,z,triangle.png,diamond.png,rect.png,circle.png,[255, 255, 0],[0, 0, 255],45,90,1,2,3,0,nochange_col,z,1,testing
9,hcy,f,21,noindex,True,688905,689452,z,circle.png,triangle.png,rect.png,diamond.png,[255, 0, 0],[0, 0, 255],45,135,2,1,3,0,nochange_ori,z,0,testing
9,hcy,f,21,noindex,True,694082,694604,z,circle.png,diamond.png,rect.png,triangle.png,[255, 255, 0],[255, 0, 0],45,135,2,1,0,3,nochange_col,z,1,testing
9,hcy,f,21,noindex,True,699308,700107,z,triangle.png,rect.png,diamond.png,circle.png,[255, 0, 0],[255, 255, 0],90,0,1,3,0,2,nochange_ori,z,0,testing
9,hcy,f,21,noindex,True,704685,705404,z,triangle.png,diamond.png,rect.png,circle.png,[255, 255, 0],[255, 0, 0],45,0,2,3,1,0,nochange_col,z,3,testing
9,hcy,f,21,noindex,True,710128,710859,/,rect.png,diamond.png,triangle.png,circle.png,[0, 0, 255],[255, 255, 0],0,90,0,2,3,1,change_ori,/,2,testing
9,hcy,f,21,noindex,True,715505,716172,/,circle.png,rect.png,triangle.png,diamond.png,[0, 255, 0],[255, 255, 0],45,135,3,2,1,0,change_ori,/,0,testing
9,hcy,f,21,noindex,True,720931,721676,z,triangle.png,circle.png,diamond.png,rect.png,[0, 0, 255],[255, 255, 0],0,45,1,3,2,0,nochange_col,z,1,testing
9,hcy,f,21,noindex,True,726440,726892,z,diamond.png,circle.png,triangle.png,rect.png,[0, 255, 0],[255, 255, 0],45,90,0,2,1,3,nochange_col,z,1,testing
9,hcy,f,21,noindex,True,731518,732268,z,diamond.png,triangle.png,circle.png,rect.png,[255, 255, 0],[0, 0, 255],90,135,3,1,0,2,nochange_ori,z,2,testing
9,hcy,f,21,noindex,True,761556,762187,/,rect.png,diamond.png,triangle.png,circle.png,[0, 255, 0],[255, 0, 0],0,45,2,3,0,1,change_ori,/,2,testing
9,hcy,f,21,noindex,True,766832,767755,/,diamond.png,circle.png,triangle.png,rect.png,[255, 255, 0],[0, 0, 255],90,135,0,2,1,3,nochange_ori,z,2,testing
9,hcy,f,21,noindex,True,772358,773163,z,triangle.png,rect.png,circle.png,diamond.png,[255, 255, 0],[255, 0, 0],45,0,0,1,2,3,nochange_ori,z,0,testing
9,hcy,f,21,noindex,True,777936,778539,z,circle.png,triangle.png,diamond.png,rect.png,[255, 255, 0],[0, 255, 0],90,45,0,3,1,2,nochange_col,z,1,testing
9,hcy,f,21,noindex,True,783262,783899,/,rect.png,circle.png,diamond.png,triangle.png,[255, 0, 0],[0, 255, 0],45,0,2,0,3,1,change_col,/,3,testing
9,hcy,f,21,noindex,True,788505,789260,z,circle.png,triangle.png,rect.png,diamond.png,[0, 0, 255],[255, 0, 0],90,135,1,3,2,0,nochange_col,z,3,testing
9,hcy,f,21,noindex,True,793998,794619,z,circle.png,diamond.png,triangle.png,rect.png,[255, 255, 0],[0, 0, 255],90,0,3,0,1,2,nochange_col,z,1,testing
9,hcy,f,21,noindex,True,799208,799963,/,circle.png,triangle.png,diamond.png,rect.png,[255, 255, 0],[0, 255, 0],90,0,3,2,1,0,change_ori,/,0,testing
9,hcy,f,21,noindex,True,804635,805516,z,circle.png,triangle.png,diamond.png,rect.png,[0, 255, 0],[0, 0, 255],90,45,3,0,1,2,change_ori,/,2,testing
9,hcy,f,21,noindex,True,810111,810875,/,circle.png,rect.png,diamond.png,triangle.png,[255, 255, 0],[0, 255, 0],90,45,0,2,3,1,change_col,/,1,testing
9,hcy,f,21,noindex,True,815488,816123,z,triangle.png,diamond.png,rect.png,circle.png,[255, 0, 0],[0, 255, 0],135,45,3,1,0,2,nochange_ori,z,0,testing
9,hcy,f,21,noindex,True,820848,821371,/,circle.png,rect.png,triangle.png,diamond.png,[255, 255, 0],[0, 255, 0],90,0,2,1,3,0,change_col,/,1,testing
9,hcy,f,21,noindex,True,826024,826987,z,triangle.png,circle.png,diamond.png,rect.png,[255, 255, 0],[255, 0, 0],45,0,2,3,0,1,nochange_ori,z,2,testing
9,hcy,f,21,noindex,True,831601,832571,/,diamond.png,rect.png,circle.png,triangle.png,[255, 0, 0],[255, 255, 0],0,135,1,0,2,3,change_ori,/,2,testing
9,hcy,f,21,noindex,True,837178,837723,/,circle.png,diamond.png,rect.png,triangle.png,[0, 255, 0],[255, 0, 0],0,90,1,3,2,0,change_col,/,3,testing
9,hcy,f,21,noindex,True,842304,842907,z,rect.png,diamond.png,triangle.png,circle.png,[0, 255, 0],[255, 255, 0],0,90,0,1,2,3,nochange_col,z,3,testing
9,hcy,f,21,noindex,True,847530,848171,/,rect.png,diamond.png,triangle.png,circle.png,[255, 255, 0],[0, 255, 0],90,0,1,3,0,2,change_ori,/,2,testing
9,hcy,f,21,noindex,True,852924,853482,z,diamond.png,triangle.png,rect.png,circle.png,[0, 255, 0],[0, 0, 255],90,0,0,1,2,3,nochange_ori,z,0,testing
9,hcy,f,21,noindex,True,858066,858635,/,rect.png,circle.png,diamond.png,triangle.png,[255, 0, 0],[0, 255, 0],90,135,0,2,1,3,change_col,/,3,testing
9,hcy,f,21,noindex,True,863393,864523,/,rect.png,triangle.png,circle.png,diamond.png,[255, 255, 0],[0, 0, 255],90,45,0,2,1,3,nochange_ori,z,0,testing
9,hcy,f,21,noindex,True,869203,869851,/,circle.png,diamond.png,rect.png,triangle.png,[0, 0, 255],[255, 0, 0],45,135,1,3,2,0,change_col,/,3,testing
9,hcy,f,21,noindex,True,874563,875387,z,triangle.png,diamond.png,circle.png,rect.png,[0, 0, 255],[255, 0, 0],135,45,2,1,3,0,nochange_col,z,3,testing
9,hcy,f,21,noindex,True,879990,880491,/,circle.png,triangle.png,rect.png,diamond.png,[0, 255, 0],[0, 0, 255],0,90,0,2,1,3,change_col,/,1,testing
9,hcy,f,21,noindex,True,885083,885546,z,rect.png,diamond.png,triangle.png,circle.png,[255, 255, 0],[255, 0, 0],0,45,2,3,1,0,nochange_col,z,1,testing
9,hcy,f,21,noindex,True,890259,891339,/,diamond.png,triangle.png,rect.png,circle.png,[0, 255, 0],[0, 0, 255],90,45,0,3,2,1,change_ori,/,0,testing
9,hcy,f,21,noindex,True,896003,896715,/,triangle.png,rect.png,diamond.png,circle.png,[0, 0, 255],[0, 255, 0],135,45,2,1,3,0,change_col,/,3,testing
9,hcy,f,21,noindex,True,901379,902411,/,rect.png,triangle.png,diamond.png,circle.png,[0, 0, 255],[255, 255, 0],0,45,0,1,2,3,change_col,/,1,testing
9,hcy,f,21,noindex,True,906973,907627,/,triangle.png,diamond.png,circle.png,rect.png,[255, 255, 0],[255, 0, 0],45,90,2,3,0,1,change_col,/,3,testing
9,hcy,f,21,noindex,True,912199,912843,z,circle.png,rect.png,triangle.png,diamond.png,[255, 255, 0],[255, 0, 0],135,45,3,1,0,2,nochange_col,z,3,testing
9,hcy,f,21,noindex,True,917409,918123,z,circle.png,diamond.png,triangle.png,rect.png,[255, 0, 0],[0, 0, 255],90,0,0,1,3,2,nochange_ori,z,2,testing
9,hcy,f,21,noindex,True,922835,923498,/,diamond.png,triangle.png,rect.png,circle.png,[255, 255, 0],[255, 0, 0],45,135,3,0,2,1,change_col,/,1,testing
9,hcy,f,21,noindex,True,928062,930075,/,rect.png,diamond.png,triangle.png,circle.png,[255, 255, 0],[255, 0, 0],0,45,1,0,3,2,change_ori,/,2,testing
9,hcy,f,21,noindex,True,934824,935451,/,rect.png,diamond.png,triangle.png,circle.png,[0, 255, 0],[0, 0, 255],0,90,2,3,1,0,change_ori,/,2,testing
9,hcy,f,21,noindex,True,940134,940778,/,rect.png,diamond.png,triangle.png,circle.png,[0, 255, 0],[255, 255, 0],90,45,3,1,0,2,change_col,/,1,testing
9,hcy,f,21,noindex,True,945410,946091,z,rect.png,circle.png,diamond.png,triangle.png,[0, 0, 255],[255, 255, 0],135,0,0,3,2,1,nochange_ori,z,2,testing
9,hcy,f,21,noindex,True,950786,951419,/,diamond.png,circle.png,rect.png,triangle.png,[255, 255, 0],[0, 0, 255],135,90,3,2,1,0,nochange_ori,z,0,testing
9,hcy,f,21,noindex,True,956063,956858,z,triangle.png,circle.png,rect.png,diamond.png,[255, 0, 0],[255, 255, 0],0,45,3,0,2,1,nochange_ori,z,0,testing
9,hcy,f,21,noindex,True,961423,962123,z,circle.png,rect.png,diamond.png,triangle.png,[255, 0, 0],[0, 255, 0],90,0,0,1,2,3,nochange_col,z,3,testing
9,hcy,f,21,noindex,True,966749,967322,/,triangle.png,rect.png,circle.png,diamond.png,[0, 0, 255],[255, 0, 0],90,135,3,2,0,1,change_col,/,1,testing
9,hcy,f,21,noindex,True,971992,972539,z,rect.png,diamond.png,triangle.png,circle.png,[255, 0, 0],[255, 255, 0],0,90,1,0,2,3,nochange_col,z,3,testing
9,hcy,f,21,noindex,True,977151,978011,z,triangle.png,rect.png,circle.png,diamond.png,[0, 255, 0],[255, 0, 0],0,90,3,0,1,2,nochange_ori,z,2,testing
9,hcy,f,21,noindex,True,982662,984043,/,circle.png,rect.png,diamond.png,triangle.png,[0, 255, 0],[255, 255, 0],90,135,2,3,0,1,nochange_ori,z,0,testing
9,hcy,f,21,noindex,True,988606,989114,/,triangle.png,rect.png,diamond.png,circle.png,[0, 0, 255],[255, 0, 0],90,0,0,3,2,1,change_col,/,3,testing
9,hcy,f,21,noindex,True,993698,995259,z,circle.png,rect.png,triangle.png,diamond.png,[255, 0, 0],[255, 255, 0],45,135,3,1,2,0,nochange_ori,z,2,testing
9,hcy,f,21,noindex,True,1000010,1000763,z,circle.png,diamond.png,triangle.png,rect.png,[0, 0, 255],[255, 0, 0],45,90,3,2,1,0,nochange_col,z,1,testing
9,hcy,f,21,noindex,True,1005453,1006683,z,triangle.png,circle.png,rect.png,diamond.png,[0, 0, 255],[255, 0, 0],45,135,1,0,3,2,nochange_ori,z,0,testing
9,hcy,f,21,noindex,True,1011265,1011898,/,rect.png,diamond.png,circle.png,triangle.png,[0, 0, 255],[255, 255, 0],0,45,1,3,2,0,change_ori,/,2,testing
9,hcy,f,21,noindex,True,1016490,1017402,z,rect.png,circle.png,triangle.png,diamond.png,[0, 255, 0],[255, 255, 0],0,90,1,0,2,3,nochange_col,z,1,testing
9,hcy,f,21,noindex,True,1021984,1022650,/,triangle.png,circle.png,rect.png,diamond.png,[255, 0, 0],[255, 255, 0],45,0,3,1,2,0,change_ori,/,0,testing
9,hcy,f,21,noindex,True,1027261,1027786,z,triangle.png,rect.png,diamond.png,circle.png,[255, 255, 0],[0, 0, 255],135,45,3,1,2,0,nochange_col,z,3,testing
9,hcy,f,21,noindex,True,1032486,1033786,/,circle.png,diamond.png,triangle.png,rect.png,[0, 255, 0],[255, 255, 0],45,90,1,2,3,0,change_ori,/,0,testing
9,hcy,f,21,noindex,True,1038464,1039242,z,circle.png,triangle.png,diamond.png,rect.png,[255, 255, 0],[0, 0, 255],0,135,0,1,2,3,nochange_ori,z,2,testing
9,hcy,f,21,noindex,True,1043857,1044826,z,circle.png,diamond.png,rect.png,triangle.png,[255, 0, 0],[255, 255, 0],0,90,0,1,2,3,change_col,/,3,testing
9,hcy,f,21,noindex,True,1049534,1050267,z,circle.png,triangle.png,diamond.png,rect.png,[255, 0, 0],[0, 0, 255],45,90,2,3,1,0,nochange_ori,z,0,testing
9,hcy,f,21,noindex,True,1054895,1056010,/,diamond.png,circle.png,rect.png,triangle.png,[0, 255, 0],[255, 0, 0],135,0,3,0,2,1,change_ori,/,0,testing
9,hcy,f,21,noindex,True,1060738,1061338,/,circle.png,diamond.png,rect.png,triangle.png,[255, 255, 0],[0, 255, 0],45,135,0,3,2,1,change_ori,/,0,testing
9,hcy,f,21,noindex,True,1066048,1066666,z,diamond.png,rect.png,circle.png,triangle.png,[255, 255, 0],[255, 0, 0],45,90,1,3,0,2,nochange_col,z,1,testing
9,hcy,f,21,noindex,True,1071308,1072138,/,circle.png,triangle.png,rect.png,diamond.png,[255, 0, 0],[0, 255, 0],45,135,3,1,2,0,change_ori,/,2,testing
9,hcy,f,21,noindex,True,1076734,1077322,z,triangle.png,circle.png,diamond.png,rect.png,[255, 255, 0],[255, 0, 0],90,135,2,1,3,0,nochange_col,z,3,testing
9,hcy,f,21,noindex,True,1082027,1082650,/,triangle.png,diamond.png,rect.png,circle.png,[255, 0, 0],[255, 255, 0],0,45,0,1,3,2,change_col,/,1,testing
9,hcy,f,21,noindex,True,1087337,1088042,z,circle.png,rect.png,triangle.png,diamond.png,[255, 255, 0],[0, 0, 255],90,135,0,3,1,2,nochange_col,z,3,testing
9,hcy,f,21,noindex,True,1092646,1093386,z,triangle.png,diamond.png,circle.png,rect.png,[0, 255, 0],[0, 0, 255],90,0,1,0,3,2,nochange_col,z,3,testing
9,hcy,f,21,noindex,True,1098073,1098858,z,circle.png,rect.png,triangle.png,diamond.png,[0, 255, 0],[0, 0, 255],0,135,0,1,2,3,nochange_col,z,1,testing
9,hcy,f,21,noindex,True,1103467,1104441,/,diamond.png,rect.png,circle.png,triangle.png,[0, 255, 0],[255, 0, 0],135,0,2,0,3,1,change_ori,/,0,testing
9,hcy,f,21,noindex,True,1109194,1109754,/,rect.png,circle.png,triangle.png,diamond.png,[255, 255, 0],[255, 0, 0],45,90,2,1,3,0,change_col,/,1,testing
9,hcy,f,21,noindex,True,1114487,1115178,/,circle.png,rect.png,diamond.png,triangle.png,[255, 255, 0],[0, 255, 0],0,45,2,3,1,0,change_ori,/,0,testing
9,hcy,f,21,noindex,True,1119747,1120714,/,triangle.png,rect.png,circle.png,diamond.png,[255, 0, 0],[0, 255, 0],45,90,3,2,0,1,change_ori,/,2,testing
9,hcy,f,21,noindex,True,1125391,1126090,z,triangle.png,diamond.png,rect.png,circle.png,[0, 0, 255],[0, 255, 0],0,45,2,3,1,0,nochange_col,z,1,testing
9,hcy,f,21,noindex,True,1130834,1131498,z,rect.png,circle.png,triangle.png,diamond.png,[0, 255, 0],[255, 255, 0],0,90,1,3,2,0,nochange_ori,z,2,testing
9,hcy,f,21,noindex,True,1136244,1136826,z,circle.png,diamond.png,rect.png,triangle.png,[0, 255, 0],[255, 255, 0],45,90,2,0,3,1,nochange_col,z,1,testing
9,hcy,f,21,noindex,True,1141503,1142441,/,circle.png,rect.png,triangle.png,diamond.png,[255, 0, 0],[255, 255, 0],90,135,0,1,2,3,change_col,/,1,testing
9,hcy,f,21,noindex,True,1147014,1148090,/,circle.png,rect.png,triangle.png,diamond.png,[0, 255, 0],[0, 0, 255],90,45,3,1,2,0,change_col,/,1,testing
9,hcy,f,21,noindex,True,1152791,1153546,z,diamond.png,circle.png,triangle.png,rect.png,[255, 255, 0],[255, 0, 0],45,0,3,0,2,1,nochange_ori,z,2,testing
9,hcy,f,21,noindex,True,1158251,1158826,/,circle.png,diamond.png,triangle.png,rect.png,[0, 0, 255],[255, 0, 0],0,45,2,3,1,0,change_col,/,3,testing
9,hcy,f,21,noindex,True,1163410,1163977,z,rect.png,circle.png,triangle.png,diamond.png,[0, 255, 0],[255, 0, 0],135,45,0,3,2,1,nochange_ori,z,2,testing
9,hcy,f,21,noindex,True,1168670,1169258,/,circle.png,diamond.png,rect.png,triangle.png,[255, 0, 0],[0, 255, 0],135,45,0,2,3,1,change_ori,/,0,testing
9,hcy,f,21,noindex,True,1174029,1175146,/,rect.png,triangle.png,circle.png,diamond.png,[0, 0, 255],[255, 0, 0],0,90,2,1,0,3,change_ori,/,2,testing
9,hcy,f,21,noindex,True,1179891,1180873,z,rect.png,circle.png,diamond.png,triangle.png,[0, 0, 255],[255, 255, 0],90,0,3,1,0,2,nochange_col,z,3,testing
9,hcy,f,21,noindex,True,1185584,1186554,/,circle.png,triangle.png,rect.png,diamond.png,[0, 0, 255],[0, 255, 0],90,45,3,0,2,1,change_ori,/,2,testing
9,hcy,f,21,noindex,True,1191295,1192042,z,circle.png,rect.png,diamond.png,triangle.png,[255, 0, 0],[0, 0, 255],0,90,3,2,0,1,nochange_ori,z,2,testing
