subj,name,gender,age,col_resp,target_angle,start_time,resp_time,start_angle,other_color,learn_array,location,d_value
10,yhl,f,22,145,144,9870,19552,143,162,learn_array_B,location-2,1
10,yhl,f,22,34,36,24235,26679,95,90,learn_array_A,location-2,-2
10,yhl,f,22,92,90,31480,36635,102,36,learn_array_A,location-1,2
10,yhl,f,22,167,162,41250,44214,129,144,learn_array_B,location-1,5
10,yhl,f,22,164,90,48933,52404,83,36,learn_array_A,location-1,74
10,yhl,f,22,163,162,57163,59893,75,144,learn_array_B,location-1,1
10,yhl,f,22,36,36,64659,67891,171,90,learn_array_A,location-2,0
10,yhl,f,22,131,144,72578,76634,93,162,learn_array_B,location-2,-13
10,yhl,f,22,150,144,81318,87621,120,162,learn_array_B,location-2,6
10,yhl,f,22,162,162,92447,96962,96,144,learn_array_B,location-1,0
10,yhl,f,22,91,90,101750,106843,144,36,learn_array_A,location-1,1
10,yhl,f,22,161,162,111627,116960,13,144,learn_array_B,location-1,-1
10,yhl,f,22,92,90,121585,128631,98,36,learn_array_A,location-1,2
10,yhl,f,22,165,162,133436,135503,150,144,learn_array_B,location-1,3
10,yhl,f,22,155,162,140182,142706,69,144,learn_array_B,location-1,-7
10,yhl,f,22,41,36,147408,152801,3,90,learn_array_A,location-2,5
10,yhl,f,22,148,144,157584,160106,121,162,learn_array_B,location-2,4
10,yhl,f,22,92,90,164817,168423,3,36,learn_array_A,location-1,2
10,yhl,f,22,37,36,173042,174967,156,90,learn_array_A,location-2,1
10,yhl,f,22,147,144,179591,184755,86,162,learn_array_B,location-2,3
10,yhl,f,22,38,36,189548,191700,130,90,learn_array_A,location-2,2
10,yhl,f,22,165,162,196323,201406,141,144,learn_array_B,location-1,3
10,yhl,f,22,92,90,206136,229981,18,36,learn_array_A,location-1,2
10,yhl,f,22,93,90,234621,238659,104,36,learn_array_A,location-1,3
10,yhl,f,22,145,144,243450,262628,83,162,learn_array_B,location-2,1
10,yhl,f,22,159,162,267251,270202,131,144,learn_array_B,location-1,-3
10,yhl,f,22,92,90,274797,278681,21,36,learn_array_A,location-1,2
10,yhl,f,22,144,144,283467,285902,12,162,learn_array_B,location-2,0
10,yhl,f,22,41,36,290497,293449,58,90,learn_array_A,location-2,5
10,yhl,f,22,158,162,298065,302918,165,144,learn_array_B,location-1,-4
10,yhl,f,22,149,144,307620,314693,19,162,learn_array_B,location-2,5
10,yhl,f,22,89,90,319403,323800,35,36,learn_array_A,location-1,-1
10,yhl,f,22,94,90,328545,332005,153,36,learn_array_A,location-1,4
10,yhl,f,22,140,144,336639,341002,96,162,learn_array_B,location-2,-4
10,yhl,f,22,137,144,345700,348508,99,162,learn_array_B,location-2,-7
10,yhl,f,22,41,36,353231,355077,32,90,learn_array_A,location-2,5
10,yhl,f,22,43,36,359779,365741,93,90,learn_array_A,location-2,7
10,yhl,f,22,165,162,370566,375528,61,144,learn_array_B,location-1,3
10,yhl,f,22,148,144,380259,383802,108,162,learn_array_B,location-2,4
10,yhl,f,22,34,36,388494,393096,1,90,learn_array_A,location-2,-2
10,yhl,f,22,165,162,397694,406809,166,144,learn_array_B,location-1,3
10,yhl,f,22,86,90,411551,417328,103,36,learn_array_A,location-1,-4
10,yhl,f,22,145,144,422135,425620,73,162,learn_array_B,location-2,1
10,yhl,f,22,39,36,430348,435165,74,90,learn_array_A,location-2,3
10,yhl,f,22,34,36,439988,447337,117,90,learn_array_A,location-2,-2
10,yhl,f,22,31,36,452053,455605,149,90,learn_array_A,location-2,-5
10,yhl,f,22,163,162,460406,464863,148,144,learn_array_B,location-1,1
10,yhl,f,22,91,90,469513,473943,77,36,learn_array_A,location-1,1
block,,,,,,,,,,,,
10,yhl,f,22,50,36,479633,482290,139,90,learn_array_A,location-2,14
10,yhl,f,22,41,36,487016,489402,58,90,learn_array_A,location-2,5
10,yhl,f,22,94,90,494214,498586,128,36,learn_array_A,location-1,4
10,yhl,f,22,90,90,503272,508148,148,36,learn_array_A,location-1,0
10,yhl,f,22,87,90,512860,519750,58,36,learn_array_A,location-1,-3
10,yhl,f,22,38,36,524422,528197,18,90,learn_array_A,location-2,2
10,yhl,f,22,160,162,532861,551560,12,144,learn_array_B,location-1,-2
10,yhl,f,22,143,144,556286,560294,54,162,learn_array_B,location-2,-1
10,yhl,f,22,90,90,565087,590190,152,36,learn_array_A,location-1,0
10,yhl,f,22,36,36,594905,597572,90,90,learn_array_A,location-2,0
10,yhl,f,22,143,144,602249,605587,121,162,learn_array_B,location-2,-1
10,yhl,f,22,163,162,610358,614872,97,144,learn_array_B,location-1,1
10,yhl,f,22,36,36,619553,623848,13,90,learn_array_A,location-2,0
10,yhl,f,22,85,90,628587,632364,19,36,learn_array_A,location-1,-5
10,yhl,f,22,162,162,637007,641968,72,144,learn_array_B,location-1,0
10,yhl,f,22,159,162,646788,650869,86,144,learn_array_B,location-1,-3
10,yhl,f,22,147,144,655512,659821,105,162,learn_array_B,location-2,3
10,yhl,f,22,149,144,664438,667038,148,162,learn_array_B,location-2,5
10,yhl,f,22,161,162,671684,675682,122,144,learn_array_B,location-1,-1
10,yhl,f,22,95,90,680291,685914,7,36,learn_array_A,location-1,5
10,yhl,f,22,141,144,690535,693356,53,162,learn_array_B,location-2,-3
10,yhl,f,22,160,162,698172,702092,141,144,learn_array_B,location-1,-2
10,yhl,f,22,38,36,706923,710242,80,90,learn_array_A,location-2,2
10,yhl,f,22,87,90,714998,720609,69,36,learn_array_A,location-1,-3
10,yhl,f,22,161,162,725292,729808,150,144,learn_array_B,location-1,-1
10,yhl,f,22,91,90,734634,741305,145,36,learn_array_A,location-1,1
10,yhl,f,22,142,144,745940,750888,85,162,learn_array_B,location-2,-2
10,yhl,f,22,35,36,755656,759272,157,90,learn_array_A,location-2,-1
10,yhl,f,22,165,162,764048,770776,44,144,learn_array_B,location-1,3
10,yhl,f,22,140,144,775387,778716,21,162,learn_array_B,location-2,-4
10,yhl,f,22,90,90,783538,785838,75,36,learn_array_A,location-1,0
10,yhl,f,22,139,144,790465,793577,79,162,learn_array_B,location-2,-5
10,yhl,f,22,36,36,798187,801225,125,90,learn_array_A,location-2,0
10,yhl,f,22,39,36,805928,807409,135,90,learn_array_A,location-2,3
10,yhl,f,22,85,90,812128,815824,96,36,learn_array_A,location-1,-5
10,yhl,f,22,87,90,820658,824875,71,36,learn_array_A,location-1,-3
10,yhl,f,22,144,144,829466,835684,171,162,learn_array_B,location-2,0
10,yhl,f,22,163,162,840412,845072,162,144,learn_array_B,location-1,1
10,yhl,f,22,92,90,849887,854632,102,36,learn_array_A,location-1,2
10,yhl,f,22,145,144,859406,866969,98,162,learn_array_B,location-2,1
10,yhl,f,22,37,36,871682,875303,58,90,learn_array_A,location-2,1
10,yhl,f,22,34,36,880064,887016,84,90,learn_array_A,location-2,-2
10,yhl,f,22,158,162,891719,913529,71,144,learn_array_B,location-1,-4
10,yhl,f,22,163,162,918296,922010,161,144,learn_array_B,location-1,1
10,yhl,f,22,33,36,926764,930693,140,90,learn_array_A,location-2,-3
10,yhl,f,22,148,144,935319,956496,110,162,learn_array_B,location-2,4
10,yhl,f,22,145,144,961212,968020,30,162,learn_array_B,location-2,1
10,yhl,f,22,159,162,972833,976671,14,144,learn_array_B,location-1,-3
block,,,,,,,,,,,,
