subj,name,gender,age,col_resp,target_angle,start_time,resp_time,start_angle,other_color,learn_array,location,d_value
11,zxl,f,19,41,36,49256,53900,155,0,learn_array_A,location-1,5
11,zxl,f,19,14,18,58534,61618,133,162,learn_array_B,location-2,-4
11,zxl,f,19,19,18,66383,69830,110,162,learn_array_B,location-2,1
11,zxl,f,19,5,0,74442,77818,111,36,learn_array_A,location-2,5
11,zxl,f,19,165,162,82459,86504,5,18,learn_array_B,location-1,3
11,zxl,f,19,178,0,91271,94365,140,36,learn_array_A,location-2,-2
11,zxl,f,19,12,18,99184,101319,98,162,learn_array_B,location-2,-6
11,zxl,f,19,20,18,105958,109715,34,162,learn_array_B,location-2,2
11,zxl,f,19,30,36,114513,117975,106,0,learn_array_A,location-1,-6
11,zxl,f,19,157,162,122645,129421,37,18,learn_array_B,location-1,-5
11,zxl,f,19,163,162,134153,139601,162,18,learn_array_B,location-1,1
11,zxl,f,19,163,162,144312,146965,108,18,learn_array_B,location-1,1
11,zxl,f,19,176,0,151780,155910,75,36,learn_array_A,location-2,-4
11,zxl,f,19,36,36,160746,163616,62,0,learn_array_A,location-1,0
11,zxl,f,19,37,36,168261,170540,95,0,learn_array_A,location-1,1
11,zxl,f,19,3,0,175373,178537,79,36,learn_array_A,location-2,3
11,zxl,f,19,38,36,183348,185484,166,0,learn_array_A,location-1,2
11,zxl,f,19,15,18,190294,193902,98,162,learn_array_B,location-2,-3
11,zxl,f,19,155,162,198688,201929,74,18,learn_array_B,location-1,-7
11,zxl,f,19,34,36,206566,208253,164,0,learn_array_A,location-1,-2
11,zxl,f,19,42,36,212956,216472,164,0,learn_array_A,location-1,6
11,zxl,f,19,177,0,221200,224943,3,36,learn_array_A,location-2,-3
11,zxl,f,19,43,36,229550,231902,60,0,learn_array_A,location-1,7
11,zxl,f,19,2,0,236689,241973,14,36,learn_array_A,location-2,2
11,zxl,f,19,161,162,246753,249616,87,18,learn_array_B,location-1,-1
11,zxl,f,19,0,0,254253,259165,32,36,learn_array_A,location-2,0
11,zxl,f,19,20,18,263900,266757,66,162,learn_array_B,location-2,2
11,zxl,f,19,20,18,271455,274465,87,162,learn_array_B,location-2,2
11,zxl,f,19,3,0,279257,282050,177,36,learn_array_A,location-2,3
11,zxl,f,19,2,18,286885,291881,77,162,learn_array_B,location-2,-16
11,zxl,f,19,33,36,296652,300171,12,0,learn_array_A,location-1,-3
11,zxl,f,19,40,36,304761,307477,17,0,learn_array_A,location-1,4
11,zxl,f,19,24,18,312132,314850,135,162,learn_array_B,location-2,6
11,zxl,f,19,159,162,319502,322071,158,18,learn_array_B,location-1,-3
11,zxl,f,19,35,36,326852,331497,23,0,learn_array_A,location-1,-1
11,zxl,f,19,178,0,336102,339336,80,36,learn_array_A,location-2,-2
11,zxl,f,19,21,18,343993,346562,124,162,learn_array_B,location-2,3
11,zxl,f,19,160,162,351277,354440,27,18,learn_array_B,location-1,-2
11,zxl,f,19,174,0,359110,362492,73,36,learn_array_A,location-2,-6
11,zxl,f,19,175,0,367210,370598,61,36,learn_array_A,location-2,-5
11,zxl,f,19,156,162,375320,378184,32,18,learn_array_B,location-1,-6
11,zxl,f,19,17,18,382865,385872,8,162,learn_array_B,location-2,-1
11,zxl,f,19,0,0,390563,395629,138,36,learn_array_A,location-2,0
11,zxl,f,19,158,162,400270,403137,119,18,learn_array_B,location-1,-4
11,zxl,f,19,23,18,407914,414449,13,162,learn_array_B,location-2,5
11,zxl,f,19,162,162,419060,422216,44,18,learn_array_B,location-1,0
11,zxl,f,19,46,36,426959,430046,44,0,learn_array_A,location-1,10
11,zxl,f,19,157,162,434660,437961,6,18,learn_array_B,location-1,-5
block,,,,,,,,,,,,
11,zxl,f,19,156,162,444951,446999,158,18,learn_array_B,location-1,-6
11,zxl,f,19,23,18,451719,453925,59,162,learn_array_B,location-2,5
11,zxl,f,19,0,0,458737,461822,41,36,learn_array_A,location-2,0
11,zxl,f,19,43,36,466627,469416,6,0,learn_array_A,location-1,7
11,zxl,f,19,40,36,474121,476984,131,0,learn_array_A,location-1,4
11,zxl,f,19,20,18,481697,483842,60,162,learn_array_B,location-2,2
11,zxl,f,19,160,162,488668,495500,79,18,learn_array_B,location-1,-2
11,zxl,f,19,45,36,500303,503677,70,0,learn_array_A,location-1,9
11,zxl,f,19,3,18,508392,512517,19,162,learn_array_B,location-2,-15
11,zxl,f,19,23,18,517220,521321,31,162,learn_array_B,location-2,5
11,zxl,f,19,18,18,526030,533808,155,162,learn_array_B,location-2,0
11,zxl,f,19,3,0,538434,542057,92,36,learn_array_A,location-2,3
11,zxl,f,19,16,18,546706,549949,174,162,learn_array_B,location-2,-2
11,zxl,f,19,36,36,554684,557770,36,0,learn_array_A,location-1,0
11,zxl,f,19,19,18,562539,565644,127,162,learn_array_B,location-2,1
11,zxl,f,19,22,18,570447,574857,20,162,learn_array_B,location-2,4
11,zxl,f,19,41,36,579546,582501,160,0,learn_array_A,location-1,5
11,zxl,f,19,5,0,587325,590267,58,36,learn_array_A,location-2,5
11,zxl,f,19,161,162,594930,600524,78,18,learn_array_B,location-1,-1
11,zxl,f,19,156,162,605130,608796,119,18,learn_array_B,location-1,-6
11,zxl,f,19,168,0,613415,616432,74,36,learn_array_A,location-2,-12
11,zxl,f,19,160,162,621058,623561,147,18,learn_array_B,location-1,-2
11,zxl,f,19,1,0,628364,630565,6,36,learn_array_A,location-2,1
11,zxl,f,19,42,162,635254,638264,132,18,learn_array_B,location-1,60
11,zxl,f,19,18,18,643047,647449,120,162,learn_array_B,location-2,0
11,zxl,f,19,35,36,652159,654741,59,0,learn_array_A,location-1,-1
11,zxl,f,19,174,0,659459,665116,114,36,learn_array_A,location-2,-6
11,zxl,f,19,161,162,669922,675914,149,18,learn_array_B,location-1,-1
11,zxl,f,19,17,18,680583,683953,118,162,learn_array_B,location-2,-1
11,zxl,f,19,178,0,688579,696630,15,36,learn_array_A,location-2,-2
11,zxl,f,19,160,162,701369,703643,140,18,learn_array_B,location-1,-2
11,zxl,f,19,3,0,708394,712055,133,36,learn_array_A,location-2,3
11,zxl,f,19,39,36,716763,719708,115,0,learn_array_A,location-1,3
11,zxl,f,19,157,162,724336,728673,84,18,learn_array_B,location-1,-5
11,zxl,f,19,34,36,733482,736131,115,0,learn_array_A,location-1,-2
11,zxl,f,19,16,18,740769,743567,92,162,learn_array_B,location-2,-2
11,zxl,f,19,18,18,748250,752967,79,162,learn_array_B,location-2,0
11,zxl,f,19,157,162,757736,761475,107,18,learn_array_B,location-1,-5
11,zxl,f,19,0,0,766226,769961,50,36,learn_array_A,location-2,0
11,zxl,f,19,3,0,774555,777113,48,36,learn_array_A,location-2,3
11,zxl,f,19,1,0,781750,784990,91,36,learn_array_A,location-2,1
11,zxl,f,19,41,36,789624,793731,49,0,learn_array_A,location-1,5
11,zxl,f,19,41,36,798412,801656,144,0,learn_array_A,location-1,5
11,zxl,f,19,163,162,806321,809769,142,18,learn_array_B,location-1,1
11,zxl,f,19,159,162,814596,820038,46,18,learn_array_B,location-1,-3
11,zxl,f,19,41,36,824749,828049,1,0,learn_array_A,location-1,5
11,zxl,f,19,36,36,832653,834485,174,0,learn_array_A,location-1,0
11,zxl,f,19,2,0,839220,843837,4,36,learn_array_A,location-2,2
block,,,,,,,,,,,,
