subj,name,gender,age,col_resp,target_angle,start_time,resp_time,start_angle,other_color,learn_array,location,d_value
12,wxh,f,20,77,72,45004,54274,174,36,learn_array_A,location-2,5
12,wxh,f,20,96,108,59099,65755,81,90,learn_array_B,location-1,-12
12,wxh,f,20,103,108,70472,75586,93,90,learn_array_B,location-1,-5
12,wxh,f,20,77,72,80243,85091,75,36,learn_array_A,location-2,5
12,wxh,f,20,36,36,89687,99063,51,72,learn_array_A,location-1,0
12,wxh,f,20,73,72,103869,108034,43,36,learn_array_A,location-2,1
12,wxh,f,20,104,108,112685,123342,37,90,learn_array_B,location-1,-4
12,wxh,f,20,94,90,128130,131813,167,108,learn_array_B,location-2,4
12,wxh,f,20,102,108,136567,140943,13,90,learn_array_B,location-1,-6
12,wxh,f,20,78,72,145673,150917,33,36,learn_array_A,location-2,6
12,wxh,f,20,87,90,155737,160066,123,108,learn_array_B,location-2,-3
12,wxh,f,20,35,36,164743,168714,80,72,learn_array_A,location-1,-1
12,wxh,f,20,75,72,173432,176871,60,36,learn_array_A,location-2,3
12,wxh,f,20,34,36,181676,184500,37,72,learn_array_A,location-1,-2
12,wxh,f,20,89,90,189134,193715,157,108,learn_array_B,location-2,-1
12,wxh,f,20,91,90,198468,204026,51,108,learn_array_B,location-2,1
12,wxh,f,20,105,108,208665,213889,130,90,learn_array_B,location-1,-3
12,wxh,f,20,37,36,218616,224586,30,72,learn_array_A,location-1,1
12,wxh,f,20,35,36,229310,232447,108,72,learn_array_A,location-1,-1
12,wxh,f,20,38,36,237053,240354,87,72,learn_array_A,location-1,2
12,wxh,f,20,107,108,245085,247852,161,90,learn_array_B,location-1,-1
12,wxh,f,20,98,90,252681,256254,149,108,learn_array_B,location-2,8
12,wxh,f,20,75,72,261022,266441,114,36,learn_array_A,location-2,3
12,wxh,f,20,30,36,271157,275035,34,72,learn_array_A,location-1,-6
12,wxh,f,20,82,72,279739,282291,171,36,learn_array_A,location-2,10
12,wxh,f,20,91,90,287098,292600,113,108,learn_array_B,location-2,1
12,wxh,f,20,78,72,297237,302337,59,36,learn_array_A,location-2,6
12,wxh,f,20,92,90,307148,310591,3,108,learn_array_B,location-2,2
12,wxh,f,20,107,108,315424,319423,43,90,learn_array_B,location-1,-1
12,wxh,f,20,110,108,324121,327036,80,90,learn_array_B,location-1,2
12,wxh,f,20,92,90,331768,335217,24,108,learn_array_B,location-2,2
12,wxh,f,20,77,72,339962,346470,60,36,learn_array_A,location-2,5
12,wxh,f,20,36,36,351144,354970,155,72,learn_array_A,location-1,0
12,wxh,f,20,33,72,359739,363154,155,36,learn_array_A,location-2,-39
12,wxh,f,20,93,90,367758,371559,68,108,learn_array_B,location-2,3
12,wxh,f,20,73,72,376330,381586,147,36,learn_array_A,location-2,1
12,wxh,f,20,33,36,386180,389771,105,72,learn_array_A,location-1,-3
12,wxh,f,20,31,36,394607,399119,128,72,learn_array_A,location-1,-5
12,wxh,f,20,102,108,403900,407122,104,90,learn_array_B,location-1,-6
12,wxh,f,20,88,90,411837,415951,7,108,learn_array_B,location-2,-2
12,wxh,f,20,102,108,420679,424648,27,90,learn_array_B,location-1,-6
12,wxh,f,20,36,36,429470,433049,46,72,learn_array_A,location-1,0
12,wxh,f,20,77,72,437851,441887,176,36,learn_array_A,location-2,5
12,wxh,f,20,32,36,446491,454241,65,72,learn_array_A,location-1,-4
12,wxh,f,20,93,90,458949,465009,4,108,learn_array_B,location-2,3
12,wxh,f,20,99,108,469847,473879,30,90,learn_array_B,location-1,-9
12,wxh,f,20,90,90,478473,482504,168,108,learn_array_B,location-2,0
12,wxh,f,20,91,108,487294,491402,120,90,learn_array_B,location-1,-17
block,,,,,,,,,,,,
12,wxh,f,20,73,72,499179,503582,107,36,learn_array_A,location-2,1
12,wxh,f,20,91,90,508292,515713,98,108,learn_array_B,location-2,1
12,wxh,f,20,76,72,520310,524628,108,36,learn_array_A,location-2,4
12,wxh,f,20,116,108,529460,531870,21,90,learn_array_B,location-1,8
12,wxh,f,20,106,90,536540,539694,51,108,learn_array_B,location-2,16
12,wxh,f,20,38,36,544301,547166,46,72,learn_array_A,location-1,2
12,wxh,f,20,78,72,551830,555413,57,36,learn_array_A,location-2,6
12,wxh,f,20,37,36,560078,564762,118,72,learn_array_A,location-1,1
12,wxh,f,20,78,72,569513,573257,176,36,learn_array_A,location-2,6
12,wxh,f,20,35,36,578020,582143,171,72,learn_array_A,location-1,-1
12,wxh,f,20,77,72,586918,591528,84,36,learn_array_A,location-2,5
12,wxh,f,20,30,36,596148,598645,90,72,learn_array_A,location-1,-6
12,wxh,f,20,36,36,603279,605474,75,72,learn_array_A,location-1,0
12,wxh,f,20,74,72,610160,615284,11,36,learn_array_A,location-2,2
12,wxh,f,20,96,90,620089,622791,176,108,learn_array_B,location-2,6
12,wxh,f,20,90,90,627592,632214,67,108,learn_array_B,location-2,0
12,wxh,f,20,35,36,636866,639799,111,72,learn_array_A,location-1,-1
12,wxh,f,20,85,90,644602,647819,62,108,learn_array_B,location-2,-5
12,wxh,f,20,35,36,652481,656583,7,72,learn_array_A,location-1,-1
12,wxh,f,20,37,36,661312,663658,44,72,learn_array_A,location-1,1
12,wxh,f,20,37,36,668429,672973,118,72,learn_array_A,location-1,1
12,wxh,f,20,88,90,677646,682557,60,108,learn_array_B,location-2,-2
12,wxh,f,20,109,108,687325,690912,26,90,learn_array_B,location-1,1
12,wxh,f,20,112,108,695695,696863,23,90,learn_array_B,location-1,4
12,wxh,f,20,107,108,701687,704775,63,90,learn_array_B,location-1,-1
12,wxh,f,20,79,72,709366,714145,166,36,learn_array_A,location-2,7
12,wxh,f,20,110,108,718782,722362,79,90,learn_array_B,location-1,2
12,wxh,f,20,94,90,727001,734369,121,108,learn_array_B,location-2,4
12,wxh,f,20,105,108,739177,749569,160,90,learn_array_B,location-1,-3
12,wxh,f,20,98,90,754185,760584,102,108,learn_array_B,location-2,8
12,wxh,f,20,76,72,765192,769455,41,36,learn_array_A,location-2,4
12,wxh,f,20,111,108,774172,777257,26,90,learn_array_B,location-1,3
12,wxh,f,20,94,90,781848,788304,0,108,learn_array_B,location-2,4
12,wxh,f,20,79,72,792980,800695,135,36,learn_array_A,location-2,7
12,wxh,f,20,75,72,805422,808958,72,36,learn_array_A,location-2,3
12,wxh,f,20,91,90,813656,819682,134,108,learn_array_B,location-2,1
12,wxh,f,20,109,108,824472,826972,175,90,learn_array_B,location-1,1
12,wxh,f,20,107,108,831722,834531,123,90,learn_array_B,location-1,-1
12,wxh,f,20,77,72,839338,844685,125,36,learn_array_A,location-2,5
12,wxh,f,20,109,108,849518,855676,48,90,learn_array_B,location-1,1
12,wxh,f,20,34,36,860337,864732,134,72,learn_array_A,location-1,-2
12,wxh,f,20,37,36,869486,871241,120,72,learn_array_A,location-1,1
12,wxh,f,20,76,72,875959,878672,114,36,learn_array_A,location-2,4
12,wxh,f,20,112,108,883266,885676,47,90,learn_array_B,location-1,4
12,wxh,f,20,32,36,890409,893927,123,72,learn_array_A,location-1,-4
12,wxh,f,20,110,108,898528,901168,58,90,learn_array_B,location-1,2
12,wxh,f,20,96,90,905943,912228,105,108,learn_array_B,location-2,6
12,wxh,f,20,91,90,917029,920182,59,108,learn_array_B,location-2,1
block,,,,,,,,,,,,
