subj,name,gender,age,col_resp,target_angle,start_time,resp_time,start_angle,other_color,learn_array,location,d_value
13,lmx,m,19,72,72,26149,31534,81,144,learn_array_A,location-1,0
13,lmx,m,19,76,72,36335,42343,171,144,learn_array_A,location-1,4
13,lmx,m,19,146,144,47151,50435,120,72,learn_array_A,location-2,2
13,lmx,m,19,124,126,55127,60274,14,54,learn_array_B,location-1,-2
13,lmx,m,19,129,126,65056,69916,105,54,learn_array_B,location-1,3
13,lmx,m,19,77,72,74689,78646,88,144,learn_array_A,location-1,5
13,lmx,m,19,76,72,83482,87968,46,144,learn_array_A,location-1,4
13,lmx,m,19,82,72,92578,96091,80,144,learn_array_A,location-1,10
13,lmx,m,19,126,126,100887,106908,8,54,learn_array_B,location-1,0
13,lmx,m,19,140,144,111731,118052,2,72,learn_array_A,location-2,-4
13,lmx,m,19,61,54,122759,126797,64,126,learn_array_B,location-2,7
13,lmx,m,19,54,54,131425,136773,78,126,learn_array_B,location-2,0
13,lmx,m,19,125,126,141552,146466,56,54,learn_array_B,location-1,-1
13,lmx,m,19,51,54,151081,154446,18,126,learn_array_B,location-2,-3
13,lmx,m,19,57,54,159158,162021,105,126,learn_array_B,location-2,3
13,lmx,m,19,146,144,166780,169644,5,72,learn_array_A,location-2,2
13,lmx,m,19,75,72,174363,178254,7,144,learn_array_A,location-1,3
13,lmx,m,19,56,54,182920,187845,137,126,learn_array_B,location-2,2
13,lmx,m,19,72,72,192486,198496,159,144,learn_array_A,location-1,0
13,lmx,m,19,75,72,203119,206552,95,144,learn_array_A,location-1,3
13,lmx,m,19,141,144,211167,218799,74,72,learn_array_A,location-2,-3
13,lmx,m,19,129,126,223586,229676,173,54,learn_array_B,location-1,3
13,lmx,m,19,145,144,234493,241957,36,72,learn_array_A,location-2,1
13,lmx,m,19,147,144,246643,251777,55,72,learn_array_A,location-2,3
13,lmx,m,19,54,54,256391,262622,152,126,learn_array_B,location-2,0
13,lmx,m,19,146,144,267396,269887,57,72,learn_array_A,location-2,2
13,lmx,m,19,72,72,274598,278041,165,144,learn_array_A,location-1,0
13,lmx,m,19,148,144,282683,287210,153,72,learn_array_A,location-2,4
13,lmx,m,19,76,72,291901,296083,113,144,learn_array_A,location-1,4
13,lmx,m,19,57,54,300672,306019,104,126,learn_array_B,location-2,3
13,lmx,m,19,58,54,310723,315138,8,126,learn_array_B,location-2,4
13,lmx,m,19,57,54,319788,323597,72,126,learn_array_B,location-2,3
13,lmx,m,19,51,54,328276,334822,163,126,learn_array_B,location-2,-3
13,lmx,m,19,128,126,339629,344393,161,54,learn_array_B,location-1,2
13,lmx,m,19,57,54,349051,357818,52,126,learn_array_B,location-2,3
13,lmx,m,19,129,126,362607,365326,60,54,learn_array_B,location-1,3
13,lmx,m,19,133,126,369962,371936,41,54,learn_array_B,location-1,7
13,lmx,m,19,125,126,376720,379949,75,54,learn_array_B,location-1,-1
13,lmx,m,19,77,72,384656,388701,77,144,learn_array_A,location-1,5
13,lmx,m,19,129,126,393404,397213,102,54,learn_array_B,location-1,3
13,lmx,m,19,83,72,401879,409012,44,144,learn_array_A,location-1,11
13,lmx,m,19,146,144,413718,417804,0,72,learn_array_A,location-2,2
13,lmx,m,19,143,144,422529,428209,46,72,learn_array_A,location-2,-1
13,lmx,m,19,127,126,432887,436280,166,54,learn_array_B,location-1,1
13,lmx,m,19,129,126,441043,444219,63,54,learn_array_B,location-1,3
13,lmx,m,19,140,144,448810,455654,36,72,learn_array_A,location-2,-4
13,lmx,m,19,145,144,460360,467386,83,72,learn_array_A,location-2,1
13,lmx,m,19,60,54,472001,474719,99,126,learn_array_B,location-2,6
block
13,lmx,m,19,131,126,482595,488293,69,54,learn_array_B,location-1,5
13,lmx,m,19,127,126,493119,499313,36,54,learn_array_B,location-1,1
13,lmx,m,19,79,72,504027,509868,111,144,learn_array_A,location-1,7
13,lmx,m,19,74,72,514484,517877,130,144,learn_array_A,location-1,2
13,lmx,m,19,75,72,522666,525176,57,144,learn_array_A,location-1,3
13,lmx,m,19,140,144,529810,534393,61,72,learn_array_A,location-2,-4
13,lmx,m,19,76,72,539034,542556,149,144,learn_array_A,location-1,4
13,lmx,m,19,77,72,547370,552628,65,144,learn_array_A,location-1,5
13,lmx,m,19,130,126,557361,559635,64,54,learn_array_B,location-1,4
13,lmx,m,19,123,126,564321,568681,144,54,learn_array_B,location-1,-3
13,lmx,m,19,54,54,573402,577083,152,126,learn_array_B,location-2,0
13,lmx,m,19,144,144,581849,587326,28,72,learn_array_A,location-2,0
13,lmx,m,19,124,126,592155,594594,162,54,learn_array_B,location-1,-2
13,lmx,m,19,51,54,599334,603338,174,126,learn_array_B,location-2,-3
13,lmx,m,19,143,144,608012,610002,171,72,learn_array_A,location-2,-1
13,lmx,m,19,143,144,614612,619493,67,72,learn_array_A,location-2,-1
13,lmx,m,19,56,54,624175,629751,84,126,learn_array_B,location-2,2
13,lmx,m,19,146,144,634544,637330,13,72,learn_array_A,location-2,2
13,lmx,m,19,126,72,642007,645475,51,144,learn_array_A,location-1,54
13,lmx,m,19,56,54,650300,655364,10,126,learn_array_B,location-2,2
13,lmx,m,19,53,54,659962,664908,37,126,learn_array_B,location-2,-1
13,lmx,m,19,57,54,669623,672353,22,126,learn_array_B,location-2,3
13,lmx,m,19,81,72,677059,679476,165,144,learn_array_A,location-1,9
13,lmx,m,19,143,144,684256,686922,123,72,learn_array_A,location-2,-1
13,lmx,m,19,70,72,691608,697882,173,144,learn_array_A,location-1,-2
13,lmx,m,19,139,144,702621,706104,70,72,learn_array_A,location-2,-5
13,lmx,m,19,61,54,710715,713810,108,126,learn_array_B,location-2,7
13,lmx,m,19,56,54,718605,722194,47,126,learn_array_B,location-2,2
13,lmx,m,19,58,54,726983,731394,23,126,learn_array_B,location-2,4
13,lmx,m,19,55,54,736009,739757,119,126,learn_array_B,location-2,1
13,lmx,m,19,128,126,744480,748174,162,54,learn_array_B,location-1,2
13,lmx,m,19,55,54,752814,755973,139,126,learn_array_B,location-2,1
13,lmx,m,19,68,72,760687,763121,142,144,learn_array_A,location-1,-4
13,lmx,m,19,144,144,767883,772983,141,72,learn_array_A,location-2,0
13,lmx,m,19,69,72,777817,781508,145,144,learn_array_A,location-1,-3
13,lmx,m,19,131,126,786271,791076,95,54,learn_array_B,location-1,5
13,lmx,m,19,147,144,795855,798864,157,72,learn_array_A,location-2,3
13,lmx,m,19,133,126,803577,806616,142,54,learn_array_B,location-1,7
13,lmx,m,19,144,144,811401,816702,3,72,learn_array_A,location-2,0
13,lmx,m,19,130,126,821481,825839,141,54,learn_array_B,location-1,4
13,lmx,m,19,119,126,830676,831781,142,54,learn_array_B,location-1,-7
13,lmx,m,19,142,144,836600,839612,103,72,learn_array_A,location-2,-2
13,lmx,m,19,126,126,844254,848395,44,54,learn_array_B,location-1,0
13,lmx,m,19,141,144,853191,857597,175,72,learn_array_A,location-2,-3
13,lmx,m,19,76,72,862392,868077,122,144,learn_array_A,location-1,4
13,lmx,m,19,53,54,872909,881032,96,126,learn_array_B,location-2,-1
13,lmx,m,19,124,126,885667,893024,161,54,learn_array_B,location-1,-2
13,lmx,m,19,79,72,897773,901690,17,144,learn_array_A,location-1,7
block
