subj,name,gender,age,col_resp,target_angle,start_time,resp_time,start_angle,other_color,learn_array,location,d_value
14,yw,f,21,167,162,26681,32824,155,36,learn_array_B,location-1,5
14,yw,f,21,72,72,37444,39064,36,108,learn_array_A,location-1,0
14,yw,f,21,32,36,43702,45915,157,162,learn_array_B,location-2,-4
14,yw,f,21,77,72,50647,55423,17,108,learn_array_A,location-1,5
14,yw,f,21,34,36,60054,64696,88,162,learn_array_B,location-2,-2
14,yw,f,21,75,72,69319,72643,151,108,learn_array_A,location-1,3
14,yw,f,21,37,36,77346,80866,132,162,learn_array_B,location-2,1
14,yw,f,21,105,108,85476,88194,2,72,learn_array_A,location-2,-3
14,yw,f,21,109,108,92784,95132,116,72,learn_array_A,location-2,1
14,yw,f,21,71,72,99906,102350,132,108,learn_array_A,location-1,-1
14,yw,f,21,103,108,107108,109542,177,72,learn_array_A,location-2,-5
14,yw,f,21,33,36,114311,116819,44,162,learn_array_B,location-2,-3
14,yw,f,21,101,108,121461,124913,26,72,learn_array_A,location-2,-7
14,yw,f,21,28,36,129687,133079,29,162,learn_array_B,location-2,-8
14,yw,f,21,78,72,137735,139717,42,108,learn_array_A,location-1,6
14,yw,f,21,32,36,144423,147584,171,162,learn_array_B,location-2,-4
14,yw,f,21,33,162,152366,156140,102,36,learn_array_B,location-1,51
14,yw,f,21,108,108,160758,165105,9,72,learn_array_A,location-2,0
14,yw,f,21,164,162,169835,173423,29,36,learn_array_B,location-1,2
14,yw,f,21,166,162,178048,180036,175,36,learn_array_B,location-1,4
14,yw,f,21,28,36,184647,186554,132,162,learn_array_B,location-2,-8
14,yw,f,21,33,36,191296,195488,51,162,learn_array_B,location-2,-3
14,yw,f,21,26,162,200198,203861,9,36,learn_array_B,location-1,44
14,yw,f,21,160,162,208527,211698,130,36,learn_array_B,location-1,-2
14,yw,f,21,165,162,216383,217620,116,36,learn_array_B,location-1,3
14,yw,f,21,77,72,222400,223868,179,108,learn_array_A,location-1,5
14,yw,f,21,173,162,228612,231401,152,36,learn_array_B,location-1,11
14,yw,f,21,112,108,236147,239912,135,72,learn_array_A,location-2,4
14,yw,f,21,34,36,244641,247131,133,162,learn_array_B,location-2,-2
14,yw,f,21,108,108,251747,256973,62,72,learn_array_A,location-2,0
14,yw,f,21,78,72,261805,264444,125,108,learn_array_A,location-1,6
14,yw,f,21,70,72,269072,270395,90,108,learn_array_A,location-1,-2
14,yw,f,21,33,36,275206,278143,33,162,learn_array_B,location-2,-3
14,yw,f,21,79,72,282965,285476,0,108,learn_array_A,location-1,7
14,yw,f,21,169,162,290181,293726,53,36,learn_array_B,location-1,7
14,yw,f,21,169,162,298534,302939,162,36,learn_array_B,location-1,7
14,yw,f,21,106,108,307681,312025,65,72,learn_array_A,location-2,-2
14,yw,f,21,78,72,316838,319620,5,108,learn_array_A,location-1,6
14,yw,f,21,103,108,324426,326633,175,72,learn_array_A,location-2,-5
14,yw,f,21,163,162,331271,335621,91,36,learn_array_B,location-1,1
14,yw,f,21,107,108,340305,343681,44,72,learn_array_A,location-2,-1
14,yw,f,21,34,36,348310,350968,3,162,learn_array_B,location-2,-2
14,yw,f,21,82,72,355729,357191,164,108,learn_array_A,location-1,10
14,yw,f,21,32,36,362005,365256,46,162,learn_array_B,location-2,-4
14,yw,f,21,86,72,369939,372584,31,108,learn_array_A,location-1,14
14,yw,f,21,106,108,377381,379358,177,72,learn_array_A,location-2,-2
14,yw,f,21,105,108,384175,386603,162,72,learn_array_A,location-2,-3
14,yw,f,21,163,162,391299,394302,117,36,learn_array_B,location-1,1
block,,,,,,,,,,,,
14,yw,f,21,66,72,400871,403883,55,108,learn_array_A,location-1,-6
14,yw,f,21,159,162,408662,413144,62,36,learn_array_B,location-1,-3
14,yw,f,21,32,36,417918,421466,20,162,learn_array_B,location-2,-4
14,yw,f,21,77,72,426190,429501,168,108,learn_array_A,location-1,5
14,yw,f,21,73,72,434183,436668,43,108,learn_array_A,location-1,1
14,yw,f,21,33,36,441283,443261,140,162,learn_array_B,location-2,-3
14,yw,f,21,110,108,447963,450103,141,72,learn_array_A,location-2,2
14,yw,f,21,165,162,454713,457492,112,36,learn_array_B,location-1,3
14,yw,f,21,78,72,462087,466436,22,108,learn_array_A,location-1,6
14,yw,f,21,108,108,471203,472886,86,72,learn_array_A,location-2,0
14,yw,f,21,39,36,477670,481281,113,162,learn_array_B,location-2,3
14,yw,f,21,109,108,485922,490361,33,72,learn_array_A,location-2,1
14,yw,f,21,168,162,494987,498602,97,36,learn_array_B,location-1,6
14,yw,f,21,77,72,503298,507291,91,108,learn_array_A,location-1,5
14,yw,f,21,113,108,511906,514041,147,72,learn_array_A,location-2,5
14,yw,f,21,72,72,518780,521660,154,108,learn_array_A,location-1,0
14,yw,f,21,76,72,526330,528746,8,108,learn_array_A,location-1,4
14,yw,f,21,171,162,533406,537823,86,36,learn_array_B,location-1,9
14,yw,f,21,76,72,542596,545758,9,108,learn_array_A,location-1,4
14,yw,f,21,28,36,550542,553492,87,162,learn_array_B,location-2,-8
14,yw,f,21,166,162,558125,563442,153,36,learn_array_B,location-1,4
14,yw,f,21,74,72,568073,570287,58,108,learn_array_A,location-1,2
14,yw,f,21,169,162,575071,577876,92,36,learn_array_B,location-1,7
14,yw,f,21,169,162,582561,584911,81,36,learn_array_B,location-1,7
14,yw,f,21,32,36,589592,591872,105,162,learn_array_B,location-2,-4
14,yw,f,21,108,108,596656,599156,45,72,learn_array_A,location-2,0
14,yw,f,21,110,108,603907,606271,89,72,learn_array_A,location-2,2
14,yw,f,21,28,36,611062,613931,58,162,learn_array_B,location-2,-8
14,yw,f,21,116,108,618613,621045,113,72,learn_array_A,location-2,8
14,yw,f,21,32,36,625658,630038,85,162,learn_array_B,location-2,-4
14,yw,f,21,161,162,634781,639713,125,36,learn_array_B,location-1,-1
14,yw,f,21,162,162,644503,646572,151,36,learn_array_B,location-1,0
14,yw,f,21,31,36,651307,653436,141,162,learn_array_B,location-2,-5
14,yw,f,21,110,108,658110,660548,161,72,learn_array_A,location-2,2
14,yw,f,21,77,72,665363,668087,132,108,learn_array_A,location-1,5
14,yw,f,21,105,108,672857,674701,91,72,learn_array_A,location-2,-3
14,yw,f,21,73,72,679393,680858,168,108,learn_array_A,location-1,1
14,yw,f,21,36,36,685582,687799,103,162,learn_array_B,location-2,0
14,yw,f,21,34,36,692463,695767,42,162,learn_array_B,location-2,-2
14,yw,f,21,31,36,700388,703124,130,162,learn_array_B,location-2,-5
14,yw,f,21,163,162,707929,710212,59,36,learn_array_B,location-1,1
14,yw,f,21,109,108,715042,718427,88,72,learn_array_A,location-2,1
14,yw,f,21,163,162,723031,725304,72,36,learn_array_B,location-1,1
14,yw,f,21,107,108,729908,732264,112,72,learn_array_A,location-2,-1
14,yw,f,21,72,72,736915,739127,41,108,learn_array_A,location-1,0
14,yw,f,21,105,108,743722,746220,39,72,learn_array_A,location-2,-3
14,yw,f,21,163,162,750834,753774,67,36,learn_array_B,location-1,1
14,yw,f,21,34,36,758491,761666,0,162,learn_array_B,location-2,-2
block,,,,,,,,,,,,
