subj,name,gender,age,col_resp,target_angle,start_time,resp_time,start_angle,other_color,learn_array,location,d_value
15,lff,f,19,39,36,34407,38497,117,126,learn_array_B,location-2,3
15,lff,f,19,24,18,43212,45971,126,0,learn_array_A,location-1,6
15,lff,f,19,24,18,50614,54108,27,0,learn_array_A,location-1,6
15,lff,f,19,17,18,58910,61677,155,0,learn_array_A,location-1,-1
15,lff,f,19,40,36,66448,69438,71,126,learn_array_B,location-2,4
15,lff,f,19,175,0,74223,77211,7,18,learn_array_A,location-2,-5
15,lff,f,19,120,126,81871,84787,129,36,learn_array_B,location-1,-6
15,lff,f,19,36,36,89586,91926,105,126,learn_array_B,location-2,0
15,lff,f,19,119,126,96684,101508,137,36,learn_array_B,location-1,-7
15,lff,f,19,177,0,106324,108869,100,18,learn_array_A,location-2,-3
15,lff,f,19,21,18,113586,115696,60,0,learn_array_A,location-1,3
15,lff,f,19,174,0,120330,123243,2,18,learn_array_A,location-2,-6
15,lff,f,19,39,36,127997,132297,108,126,learn_array_B,location-2,3
15,lff,f,19,173,0,137098,139940,59,18,learn_array_A,location-2,-7
15,lff,f,19,11,18,144654,147347,124,0,learn_array_A,location-1,-7
15,lff,f,19,40,36,151981,156504,33,126,learn_array_B,location-2,4
15,lff,f,19,43,36,161107,163958,95,126,learn_array_B,location-2,7
15,lff,f,19,32,36,168792,172425,113,126,learn_array_B,location-2,-4
15,lff,f,19,171,0,177091,179707,147,18,learn_array_A,location-2,-9
15,lff,f,19,118,126,184424,188718,68,36,learn_array_B,location-1,-8
15,lff,f,19,40,36,193537,196520,152,126,learn_array_B,location-2,4
15,lff,f,19,12,18,201201,203595,173,0,learn_array_A,location-1,-6
15,lff,f,19,122,126,208291,211203,169,36,learn_array_B,location-1,-4
15,lff,f,19,129,126,215841,218824,55,36,learn_array_B,location-1,3
15,lff,f,19,41,36,223644,229533,110,126,learn_array_B,location-2,5
15,lff,f,19,40,36,234239,239046,132,126,learn_array_B,location-2,4
15,lff,f,19,19,18,243641,248940,101,0,learn_array_A,location-1,1
15,lff,f,19,127,126,253574,256328,37,36,learn_array_B,location-1,1
15,lff,f,19,37,36,261096,264727,67,126,learn_array_B,location-2,1
15,lff,f,19,118,126,269455,273380,100,36,learn_array_B,location-1,-8
15,lff,f,19,11,18,278148,281422,177,0,learn_array_A,location-1,-7
15,lff,f,19,123,126,286051,288736,38,36,learn_array_B,location-1,-3
15,lff,f,19,35,36,293489,296244,143,126,learn_array_B,location-2,-1
15,lff,f,19,128,126,300914,304176,105,36,learn_array_B,location-1,2
15,lff,f,19,178,0,308836,312763,127,18,learn_array_A,location-2,-2
15,lff,f,19,19,18,317496,321770,129,0,learn_array_A,location-1,1
15,lff,f,19,176,0,326542,328801,8,18,learn_array_A,location-2,-4
15,lff,f,19,120,126,333537,337539,98,36,learn_array_B,location-1,-6
15,lff,f,19,175,0,342273,345690,38,18,learn_array_A,location-2,-5
15,lff,f,19,16,18,350478,352960,111,0,learn_array_A,location-1,-2
15,lff,f,19,19,18,357564,360328,85,0,learn_array_A,location-1,1
15,lff,f,19,124,126,365066,369868,31,36,learn_array_B,location-1,-2
15,lff,f,19,178,0,374622,378194,58,18,learn_array_A,location-2,-2
15,lff,f,19,121,126,382956,386453,75,36,learn_array_B,location-1,-5
15,lff,f,19,14,18,391283,393540,143,0,learn_array_A,location-1,-4
15,lff,f,19,173,0,398299,401209,123,18,learn_array_A,location-2,-7
15,lff,f,19,177,0,405871,408128,151,18,learn_array_A,location-2,-3
15,lff,f,19,173,0,412739,414917,35,18,learn_array_A,location-2,-7
block
15,lff,f,19,19,18,422053,424236,125,0,learn_array_A,location-1,1
15,lff,f,19,42,36,428848,432486,38,126,learn_array_B,location-2,6
15,lff,f,19,38,36,437088,440502,104,126,learn_array_B,location-2,2
15,lff,f,19,17,18,445239,449380,26,0,learn_array_A,location-1,-1
15,lff,f,19,123,126,454103,458390,7,36,learn_array_B,location-1,-3
15,lff,f,19,40,36,463072,466420,37,126,learn_array_B,location-2,4
15,lff,f,19,179,0,471040,473234,23,18,learn_array_A,location-2,-1
15,lff,f,19,22,18,477910,480452,9,0,learn_array_A,location-1,4
15,lff,f,19,113,126,485264,488687,145,36,learn_array_B,location-1,-13
15,lff,f,19,174,0,493328,496616,161,18,learn_array_A,location-2,-6
15,lff,f,19,121,126,501284,504777,86,36,learn_array_B,location-1,-5
15,lff,f,19,168,0,509371,515125,146,18,learn_array_A,location-2,-12
15,lff,f,19,11,18,519756,521877,35,0,learn_array_A,location-1,-7
15,lff,f,19,35,36,526475,529172,158,126,learn_array_B,location-2,-1
15,lff,f,19,123,126,533991,536397,92,36,learn_array_B,location-1,-3
15,lff,f,19,125,126,541110,544972,179,36,learn_array_B,location-1,-1
15,lff,f,19,178,0,549722,553665,80,18,learn_array_A,location-2,-2
15,lff,f,19,173,0,558315,563424,129,18,learn_array_A,location-2,-7
15,lff,f,19,176,0,568151,573476,148,18,learn_array_A,location-2,-4
15,lff,f,19,38,36,578158,582614,103,126,learn_array_B,location-2,2
15,lff,f,19,119,126,587307,590752,125,36,learn_array_B,location-1,-7
15,lff,f,19,40,36,595345,598781,112,126,learn_array_B,location-2,4
15,lff,f,19,41,36,603557,614068,173,126,learn_array_B,location-2,5
15,lff,f,19,41,36,618765,623803,128,126,learn_array_B,location-2,5
15,lff,f,19,124,126,628497,631634,88,36,learn_array_B,location-1,-2
15,lff,f,19,40,36,636251,639602,161,126,learn_array_B,location-2,4
15,lff,f,19,119,126,644335,647998,147,36,learn_array_B,location-1,-7
15,lff,f,19,124,126,652658,654627,164,36,learn_array_B,location-1,-2
15,lff,f,19,38,36,659399,661943,74,126,learn_array_B,location-2,2
15,lff,f,19,1,0,666533,669439,54,18,learn_array_A,location-2,1
15,lff,f,19,175,0,674132,678946,39,18,learn_array_A,location-2,-5
15,lff,f,19,124,126,683620,685952,34,36,learn_array_B,location-1,-2
15,lff,f,19,37,36,690774,695006,141,126,learn_array_B,location-2,1
15,lff,f,19,123,126,699684,702463,136,36,learn_array_B,location-1,-3
15,lff,f,19,16,18,707168,711557,155,0,learn_array_A,location-1,-2
15,lff,f,19,120,126,716268,719334,0,36,learn_array_B,location-1,-6
15,lff,f,19,17,18,724171,727305,59,0,learn_array_A,location-1,-1
15,lff,f,19,34,36,731900,737964,14,126,learn_array_B,location-2,-2
15,lff,f,19,172,0,742664,749240,143,18,learn_array_A,location-2,-8
15,lff,f,19,19,18,753999,756912,144,0,learn_array_A,location-1,1
15,lff,f,19,12,18,761520,764433,98,0,learn_array_A,location-1,-6
15,lff,f,19,15,18,769177,772388,2,0,learn_array_A,location-1,-3
15,lff,f,19,19,18,777132,779909,77,0,learn_array_A,location-1,1
15,lff,f,19,172,0,784597,790003,131,18,learn_array_A,location-2,-8
15,lff,f,19,19,18,794630,799960,64,0,learn_array_A,location-1,1
15,lff,f,19,0,0,804724,808663,20,18,learn_array_A,location-2,0
15,lff,f,19,13,18,813253,816532,48,0,learn_array_A,location-1,-5
15,lff,f,19,3,0,821201,825951,71,18,learn_array_A,location-2,3
block
