subj,name,gender,age,col_resp,target_angle,start_time,resp_time,start_angle,other_color,learn_array,location,d_value
16,lm,f,19,161,162,34996,42371,138,36,learn_array_A,location-1,-1
16,lm,f,19,40,36,46998,50010,83,162,learn_array_A,location-2,4
16,lm,f,19,28,36,54629,58884,98,162,learn_array_A,location-2,-8
16,lm,f,19,105,108,63711,69588,64,72,learn_array_B,location-2,-3
16,lm,f,19,107,108,74200,78745,160,72,learn_array_B,location-2,-1
16,lm,f,19,161,162,83534,89819,142,36,learn_array_A,location-1,-1
16,lm,f,19,70,72,94557,101159,18,108,learn_array_B,location-1,-2
16,lm,f,19,104,108,105753,112707,172,72,learn_array_B,location-2,-4
16,lm,f,19,36,36,117535,124355,0,162,learn_array_A,location-2,0
16,lm,f,19,163,162,129097,136977,26,36,learn_array_A,location-1,1
16,lm,f,19,166,162,141811,148529,78,36,learn_array_A,location-1,4
16,lm,f,19,104,108,153230,159149,60,72,learn_array_B,location-2,-4
16,lm,f,19,32,36,163799,168559,75,162,learn_array_A,location-2,-4
16,lm,f,19,71,72,173279,180602,75,108,learn_array_B,location-1,-1
16,lm,f,19,105,108,185216,191289,43,72,learn_array_B,location-2,-3
16,lm,f,19,72,72,195969,199401,38,108,learn_array_B,location-1,0
16,lm,f,19,163,162,204185,209300,164,36,learn_array_A,location-1,1
16,lm,f,19,111,108,214050,218510,175,72,learn_array_B,location-2,3
16,lm,f,19,74,72,223262,225892,18,108,learn_array_B,location-1,2
16,lm,f,19,36,36,230718,235617,50,162,learn_array_A,location-2,0
16,lm,f,19,33,36,240222,244395,70,162,learn_array_A,location-2,-3
16,lm,f,19,30,36,249043,255467,100,162,learn_array_A,location-2,-6
16,lm,f,19,170,162,260239,266893,145,36,learn_array_A,location-1,8
16,lm,f,19,72,72,271492,277889,53,108,learn_array_B,location-1,0
16,lm,f,19,164,162,282703,289670,36,36,learn_array_A,location-1,2
16,lm,f,19,34,36,294382,298843,116,162,learn_array_A,location-2,-2
16,lm,f,19,33,36,303490,308818,71,162,learn_array_A,location-2,-3
16,lm,f,19,30,36,313637,318464,103,162,learn_array_A,location-2,-6
16,lm,f,19,173,162,323291,328117,133,36,learn_array_A,location-1,11
16,lm,f,19,167,162,332743,336243,138,36,learn_array_A,location-1,5
16,lm,f,19,68,72,340890,346242,120,108,learn_array_B,location-1,-4
16,lm,f,19,71,72,351029,354623,9,108,learn_array_B,location-1,-1
16,lm,f,19,112,108,359441,362725,118,72,learn_array_B,location-2,4
16,lm,f,19,75,72,367532,371579,27,108,learn_array_B,location-1,3
16,lm,f,19,109,108,376229,380992,36,72,learn_array_B,location-2,1
16,lm,f,19,161,162,385617,393087,98,36,learn_array_A,location-1,-1
16,lm,f,19,31,108,397752,402748,117,72,learn_array_B,location-2,-77
16,lm,f,19,107,108,407345,413281,50,72,learn_array_B,location-2,-1
16,lm,f,19,75,72,418066,422617,60,108,learn_array_B,location-1,3
16,lm,f,19,162,162,427435,432555,174,36,learn_array_A,location-1,0
16,lm,f,19,70,72,437330,442102,177,108,learn_array_B,location-1,-2
16,lm,f,19,164,162,446810,452246,127,36,learn_array_A,location-1,2
16,lm,f,19,70,72,457030,462305,119,108,learn_array_B,location-1,-2
16,lm,f,19,108,108,466977,473128,117,72,learn_array_B,location-2,0
16,lm,f,19,33,36,477938,482179,169,162,learn_array_A,location-2,-3
16,lm,f,19,69,72,486903,495248,111,108,learn_array_B,location-1,-3
16,lm,f,19,107,108,500033,508552,18,72,learn_array_B,location-2,-1
16,lm,f,19,37,36,513355,516952,77,162,learn_array_A,location-2,1
block
16,lm,f,19,35,36,523250,526418,34,162,learn_array_A,location-2,-1
16,lm,f,19,163,162,531175,535782,111,36,learn_array_A,location-1,1
16,lm,f,19,164,162,540466,543984,61,36,learn_array_A,location-1,2
16,lm,f,19,109,108,548766,553252,168,72,learn_array_B,location-2,1
16,lm,f,19,161,162,557914,561362,165,36,learn_array_A,location-1,-1
16,lm,f,19,162,162,566025,570564,18,36,learn_array_A,location-1,0
16,lm,f,19,33,36,575280,579382,38,162,learn_array_A,location-2,-3
16,lm,f,19,35,36,584104,588793,83,162,learn_array_A,location-2,-1
16,lm,f,19,110,108,593461,598086,101,72,learn_array_B,location-2,2
16,lm,f,19,166,162,602900,606419,105,36,learn_array_A,location-1,4
16,lm,f,19,31,36,611169,616379,161,162,learn_array_A,location-2,-5
16,lm,f,19,72,72,621173,628281,163,108,learn_array_B,location-1,0
16,lm,f,19,163,162,632998,639129,10,36,learn_array_A,location-1,1
16,lm,f,19,158,162,643755,646399,40,36,learn_array_A,location-1,-4
16,lm,f,19,108,108,651105,653156,93,72,learn_array_B,location-2,0
16,lm,f,19,36,36,657859,662994,103,162,learn_array_A,location-2,0
16,lm,f,19,31,36,667749,671198,26,162,learn_array_A,location-2,-5
16,lm,f,19,27,36,675799,679613,137,162,learn_array_A,location-2,-9
16,lm,f,19,106,108,684296,691448,151,72,learn_array_B,location-2,-2
16,lm,f,19,165,162,696152,702122,46,36,learn_array_A,location-1,3
16,lm,f,19,107,108,706902,712571,50,72,learn_array_B,location-2,-1
16,lm,f,19,105,108,717313,720316,70,72,learn_array_B,location-2,-3
16,lm,f,19,161,162,725053,728941,68,36,learn_array_A,location-1,-1
16,lm,f,19,74,72,733661,739342,49,108,learn_array_B,location-1,2
16,lm,f,19,107,108,744135,747444,11,72,learn_array_B,location-2,-1
16,lm,f,19,105,108,752144,754939,87,72,learn_array_B,location-2,-3
16,lm,f,19,72,72,759653,763345,70,108,learn_array_B,location-1,0
16,lm,f,19,72,72,767998,771384,107,108,learn_array_B,location-1,0
16,lm,f,19,37,36,776135,779583,144,162,learn_array_A,location-2,1
16,lm,f,19,34,36,784271,786837,137,162,learn_array_A,location-2,-2
16,lm,f,19,71,72,791648,796279,0,108,learn_array_B,location-1,-1
16,lm,f,19,32,36,800876,804636,86,162,learn_array_A,location-2,-4
16,lm,f,19,74,72,809422,811848,174,108,learn_array_B,location-1,2
16,lm,f,19,104,108,816466,821025,140,72,learn_array_B,location-2,-4
16,lm,f,19,75,72,825836,830268,54,108,learn_array_B,location-1,3
16,lm,f,19,76,72,835006,839195,33,108,learn_array_B,location-1,4
16,lm,f,19,105,108,843926,849162,14,72,learn_array_B,location-2,-3
16,lm,f,19,108,108,853887,858903,109,72,learn_array_B,location-2,0
16,lm,f,19,72,72,863565,868728,19,108,learn_array_B,location-1,0
16,lm,f,19,73,72,873519,875345,18,108,learn_array_B,location-1,1
16,lm,f,19,160,162,879969,883644,25,36,learn_array_A,location-1,-2
16,lm,f,19,29,36,888425,891514,121,162,learn_array_A,location-2,-7
16,lm,f,19,165,162,896247,900640,121,36,learn_array_A,location-1,3
16,lm,f,19,108,108,905459,909869,119,72,learn_array_B,location-2,0
16,lm,f,19,31,36,914693,918825,92,162,learn_array_A,location-2,-5
16,lm,f,19,69,72,923433,928505,112,108,learn_array_B,location-1,-3
16,lm,f,19,81,72,933228,937478,10,108,learn_array_B,location-1,9
16,lm,f,19,165,162,942208,946538,103,36,learn_array_A,location-1,3
block
