subj,name,gender,age,col_resp,target_angle,start_time,resp_time,start_angle,other_color,learn_array,location,d_value
17,sjy,f,19,158,162,45043,54387,49,108,learn_array_B,location-2,-4
17,sjy,f,19,124,126,59163,64972,126,90,learn_array_A,location-2,-2
17,sjy,f,19,87,90,69705,72790,147,126,learn_array_A,location-1,-3
17,sjy,f,19,88,90,77502,82423,173,126,learn_array_A,location-1,-2
17,sjy,f,19,126,126,87093,94968,17,90,learn_array_A,location-2,0
17,sjy,f,19,161,162,99726,104355,81,108,learn_array_B,location-2,-1
17,sjy,f,19,84,90,108979,116478,90,126,learn_array_A,location-1,-6
17,sjy,f,19,126,126,121112,125777,70,90,learn_array_A,location-2,0
17,sjy,f,19,85,90,130406,134236,142,126,learn_array_A,location-1,-5
17,sjy,f,19,111,108,138947,144295,35,162,learn_array_B,location-1,3
17,sjy,f,19,160,162,149045,157274,29,108,learn_array_B,location-2,-2
17,sjy,f,19,107,108,161892,171259,29,162,learn_array_B,location-1,-1
17,sjy,f,19,160,162,176065,181165,54,108,learn_array_B,location-2,-2
17,sjy,f,19,163,162,185985,189426,125,108,learn_array_B,location-2,1
17,sjy,f,19,109,108,194068,198162,22,162,learn_array_B,location-1,1
17,sjy,f,19,82,108,202842,214466,114,162,learn_array_B,location-1,-26
17,sjy,f,19,102,108,219183,225662,85,162,learn_array_B,location-1,-6
17,sjy,f,19,105,108,230428,237885,146,162,learn_array_B,location-1,-3
17,sjy,f,19,104,108,242476,249819,64,162,learn_array_B,location-1,-4
17,sjy,f,19,164,162,254468,263689,110,108,learn_array_B,location-2,2
17,sjy,f,19,89,90,268278,274935,140,126,learn_array_A,location-1,-1
17,sjy,f,19,163,162,279698,284728,148,108,learn_array_B,location-2,1
17,sjy,f,19,87,90,289548,293578,152,126,learn_array_A,location-1,-3
17,sjy,f,19,165,162,298289,302601,48,108,learn_array_B,location-2,3
17,sjy,f,19,89,90,307364,312472,65,126,learn_array_A,location-1,-1
17,sjy,f,19,104,162,317156,322509,157,108,learn_array_B,location-2,-58
17,sjy,f,19,94,90,327159,332542,0,126,learn_array_A,location-1,4
17,sjy,f,19,89,90,337352,340855,136,126,learn_array_A,location-1,-1
17,sjy,f,19,106,108,345631,349881,139,162,learn_array_B,location-1,-2
17,sjy,f,19,133,126,354550,359745,28,90,learn_array_A,location-2,7
17,sjy,f,19,132,126,364533,370273,175,90,learn_array_A,location-2,6
17,sjy,f,19,87,90,375011,379799,83,126,learn_array_A,location-1,-3
17,sjy,f,19,131,126,384405,388590,88,90,learn_array_A,location-2,5
17,sjy,f,19,87,90,393198,397147,68,126,learn_array_A,location-1,-3
17,sjy,f,19,136,126,401959,406654,129,90,learn_array_A,location-2,10
17,sjy,f,19,134,126,411405,418083,46,90,learn_array_A,location-2,8
17,sjy,f,19,106,108,422738,427795,166,162,learn_array_B,location-1,-2
17,sjy,f,19,127,126,432478,438532,1,90,learn_array_A,location-2,1
17,sjy,f,19,101,108,443321,447426,92,162,learn_array_B,location-1,-7
17,sjy,f,19,90,90,452109,456361,80,126,learn_array_A,location-1,0
17,sjy,f,19,163,162,461003,465269,158,108,learn_array_B,location-2,1
17,sjy,f,19,168,162,470040,477931,54,108,learn_array_B,location-2,6
17,sjy,f,19,130,126,482720,489114,126,90,learn_array_A,location-2,4
17,sjy,f,19,136,126,493931,499846,156,90,learn_array_A,location-2,10
17,sjy,f,19,107,108,504672,517083,129,162,learn_array_B,location-1,-1
17,sjy,f,19,162,162,521708,530123,13,108,learn_array_B,location-2,0
17,sjy,f,19,108,108,534733,539732,69,162,learn_array_B,location-1,0
17,sjy,f,19,132,126,544564,553422,10,90,learn_array_A,location-2,6
block
17,sjy,f,19,168,162,560609,564355,125,108,learn_array_B,location-2,6
17,sjy,f,19,135,126,569109,575263,31,90,learn_array_A,location-2,9
17,sjy,f,19,100,108,580070,587489,134,162,learn_array_B,location-1,-8
17,sjy,f,19,109,108,592307,595077,36,162,learn_array_B,location-1,1
17,sjy,f,19,160,162,599843,604899,60,108,learn_array_B,location-2,-2
17,sjy,f,19,134,126,609631,616968,125,90,learn_array_A,location-2,8
17,sjy,f,19,91,90,621729,631858,111,126,learn_array_A,location-1,1
17,sjy,f,19,103,108,636618,648393,48,162,learn_array_B,location-1,-5
17,sjy,f,19,130,126,653074,658732,140,90,learn_array_A,location-2,4
17,sjy,f,19,131,126,663508,670593,64,90,learn_array_A,location-2,5
17,sjy,f,19,161,162,675308,681823,60,108,learn_array_B,location-2,-1
17,sjy,f,19,109,108,686545,698799,3,162,learn_array_B,location-1,1
17,sjy,f,19,129,126,703600,715884,79,90,learn_array_A,location-2,3
17,sjy,f,19,161,162,720529,725589,2,108,learn_array_B,location-2,-1
17,sjy,f,19,85,108,730179,737641,48,162,learn_array_B,location-1,-23
17,sjy,f,19,87,90,742230,751093,6,126,learn_array_A,location-1,-3
17,sjy,f,19,161,162,755797,760187,79,108,learn_array_B,location-2,-1
17,sjy,f,19,161,162,764895,767604,103,108,learn_array_B,location-2,-1
17,sjy,f,19,132,126,772231,778238,157,90,learn_array_A,location-2,6
17,sjy,f,19,111,108,782924,791269,56,162,learn_array_B,location-1,3
17,sjy,f,19,135,126,796047,802287,172,90,learn_array_A,location-2,9
17,sjy,f,19,162,162,806896,813192,38,108,learn_array_B,location-2,0
17,sjy,f,19,85,90,817841,823580,137,126,learn_array_A,location-1,-5
17,sjy,f,19,136,126,828386,832484,55,90,learn_array_A,location-2,10
17,sjy,f,19,163,162,837255,839750,179,108,learn_array_B,location-2,1
17,sjy,f,19,95,90,844516,849192,98,126,learn_array_A,location-1,5
17,sjy,f,19,105,108,854008,857450,67,162,learn_array_B,location-1,-3
17,sjy,f,19,128,126,862077,867273,45,90,learn_array_A,location-2,2
17,sjy,f,19,96,90,872017,876932,126,126,learn_array_A,location-1,6
17,sjy,f,19,93,90,881585,885833,93,126,learn_array_A,location-1,3
17,sjy,f,19,94,90,890487,893490,153,126,learn_array_A,location-1,4
17,sjy,f,19,104,108,898087,903513,76,162,learn_array_B,location-1,-4
17,sjy,f,19,160,162,908280,912006,155,108,learn_array_B,location-2,-2
17,sjy,f,19,97,90,916754,925033,26,126,learn_array_A,location-1,7
17,sjy,f,19,135,126,929806,933912,6,90,learn_array_A,location-2,9
17,sjy,f,19,134,126,938723,944000,175,90,learn_array_A,location-2,8
17,sjy,f,19,95,90,948652,954722,46,126,learn_array_A,location-1,5
17,sjy,f,19,86,90,959385,963056,82,126,learn_array_A,location-1,-4
17,sjy,f,19,107,108,967661,972496,78,162,learn_array_B,location-1,-1
17,sjy,f,19,168,162,977240,981860,63,108,learn_array_B,location-2,6
17,sjy,f,19,134,126,986631,992781,166,90,learn_array_A,location-2,8
17,sjy,f,19,93,90,997585,1003534,114,126,learn_array_A,location-1,3
17,sjy,f,19,163,162,1008370,1014593,108,108,learn_array_B,location-2,1
17,sjy,f,19,107,108,1019224,1022896,103,162,learn_array_B,location-1,-1
17,sjy,f,19,108,108,1027704,1030841,119,162,learn_array_B,location-1,0
17,sjy,f,19,165,162,1035542,1040385,4,108,learn_array_B,location-2,3
17,sjy,f,19,104,108,1045032,1056867,55,162,learn_array_B,location-1,-4
17,sjy,f,19,86,90,1061467,1068806,129,126,learn_array_A,location-1,-4
block
