subj,name,gender,age,col_resp,target_angle,start_time,resp_time,start_angle,other_color,learn_array,location,d_value
18,waa,f,21,20,18,38760,116293,47,162,learn_array_A,location-2,2
18,waa,f,21,70,72,120984,128963,98,54,learn_array_B,location-2,-2
18,waa,f,21,130,18,133725,139991,158,162,learn_array_A,location-2,-68
18,waa,f,21,69,72,144678,147161,23,54,learn_array_B,location-2,-3
18,waa,f,21,45,54,151756,155990,99,72,learn_array_B,location-1,-9
18,waa,f,21,53,54,160682,170508,63,72,learn_array_B,location-1,-1
18,waa,f,21,52,54,175260,181673,10,72,learn_array_B,location-1,-2
18,waa,f,21,163,162,186456,190091,102,18,learn_array_A,location-1,1
18,waa,f,21,54,54,194776,203165,137,72,learn_array_B,location-1,0
18,waa,f,21,160,162,207859,218632,177,18,learn_array_A,location-1,-2
18,waa,f,21,68,72,223284,231280,42,54,learn_array_B,location-2,-4
18,waa,f,21,18,18,235971,240560,90,162,learn_array_A,location-2,0
18,waa,f,21,72,72,245257,250791,121,54,learn_array_B,location-2,0
18,waa,f,21,54,54,255600,259238,14,72,learn_array_B,location-1,0
18,waa,f,21,67,72,264051,267319,160,54,learn_array_B,location-2,-5
18,waa,f,21,23,18,272108,278375,151,162,learn_array_A,location-2,5
18,waa,f,21,67,72,283096,288761,72,54,learn_array_B,location-2,-5
18,waa,f,21,56,54,293460,300853,49,72,learn_array_B,location-1,2
18,waa,f,21,66,72,305613,309532,37,54,learn_array_B,location-2,-6
18,waa,f,21,163,162,314167,321364,152,18,learn_array_A,location-1,1
18,waa,f,21,57,54,325979,331072,40,72,learn_array_B,location-1,3
18,waa,f,21,163,162,335732,344692,87,18,learn_array_A,location-1,1
18,waa,f,21,160,162,349362,352713,124,18,learn_array_A,location-1,-2
18,waa,f,21,17,18,357351,360130,36,162,learn_array_A,location-2,-1
18,waa,f,21,19,18,364895,372048,159,162,learn_array_A,location-2,1
18,waa,f,21,16,18,376831,380116,69,162,learn_array_A,location-2,-2
18,waa,f,21,61,72,384800,390339,62,54,learn_array_B,location-2,-11
18,waa,f,21,158,162,395121,398253,145,18,learn_array_A,location-1,-4
18,waa,f,21,56,54,403075,412404,114,72,learn_array_B,location-1,2
18,waa,f,21,18,18,417095,425174,152,162,learn_array_A,location-2,0
18,waa,f,21,63,72,429970,436613,81,54,learn_array_B,location-2,-9
18,waa,f,21,165,162,441213,444934,74,18,learn_array_A,location-1,3
18,waa,f,21,53,54,449545,454514,148,72,learn_array_B,location-1,-1
18,waa,f,21,53,54,459342,464887,38,72,learn_array_B,location-1,-1
18,waa,f,21,23,18,469492,472413,32,162,learn_array_A,location-2,5
18,waa,f,21,18,18,477045,482579,68,162,learn_array_A,location-2,0
18,waa,f,21,65,72,487261,497852,13,54,learn_array_B,location-2,-7
18,waa,f,21,165,162,502633,504598,84,18,learn_array_A,location-1,3
18,waa,f,21,157,162,509320,516320,141,18,learn_array_A,location-1,-5
18,waa,f,21,54,72,521023,527967,128,54,learn_array_B,location-2,-18
18,waa,f,21,17,18,532720,536230,76,162,learn_array_A,location-2,-1
18,waa,f,21,68,72,541010,544728,71,54,learn_array_B,location-2,-4
18,waa,f,21,155,162,549379,556448,122,18,learn_array_A,location-1,-7
18,waa,f,21,48,54,561210,569091,155,72,learn_array_B,location-1,-6
18,waa,f,21,51,54,573832,581426,54,72,learn_array_B,location-1,-3
18,waa,f,21,159,162,586070,589135,127,18,learn_array_A,location-1,-3
18,waa,f,21,160,162,593864,598825,102,18,learn_array_A,location-1,-2
18,waa,f,21,19,18,603556,606471,154,162,learn_array_A,location-2,1
block,,,,,,,,,,,,
18,waa,f,21,54,54,625814,632025,92,72,learn_array_B,location-1,0
18,waa,f,21,57,54,636644,645986,78,72,learn_array_B,location-1,3
18,waa,f,21,158,162,650675,654759,35,18,learn_array_A,location-1,-4
18,waa,f,21,21,18,659389,665220,101,162,learn_array_A,location-2,3
18,waa,f,21,160,162,669915,674658,73,18,learn_array_A,location-1,-2
18,waa,f,21,22,18,679460,682454,149,162,learn_array_A,location-2,4
18,waa,f,21,13,18,687237,691117,58,162,learn_array_A,location-2,-5
18,waa,f,21,72,72,695814,700560,148,54,learn_array_B,location-2,0
18,waa,f,21,17,18,705265,712779,154,162,learn_array_A,location-2,-1
18,waa,f,21,23,18,717500,720138,11,162,learn_array_A,location-2,5
18,waa,f,21,60,54,724775,730672,165,72,learn_array_B,location-1,6
18,waa,f,21,55,54,735269,740002,115,72,learn_array_B,location-1,1
18,waa,f,21,56,54,744643,752800,144,72,learn_array_B,location-1,2
18,waa,f,21,165,162,757460,767577,167,18,learn_array_A,location-1,3
18,waa,f,21,164,162,772276,777874,8,18,learn_array_A,location-1,2
18,waa,f,21,23,18,782548,787010,157,162,learn_array_A,location-2,5
18,waa,f,21,14,18,791795,794934,66,162,learn_array_A,location-2,-4
18,waa,f,21,163,162,799768,803346,149,18,learn_array_A,location-1,1
18,waa,f,21,18,18,808057,811339,98,162,learn_array_A,location-2,0
18,waa,f,21,51,54,815970,819249,54,72,learn_array_B,location-1,-3
18,waa,f,21,161,162,823867,832543,52,18,learn_array_A,location-1,-1
18,waa,f,21,165,162,837354,843621,27,18,learn_array_A,location-1,3
18,waa,f,21,162,162,848252,854747,173,18,learn_array_A,location-1,0
18,waa,f,21,73,72,859402,863048,74,54,learn_array_B,location-2,1
18,waa,f,21,72,72,867643,872030,14,54,learn_array_B,location-2,0
18,waa,f,21,21,18,876690,882959,8,162,learn_array_A,location-2,3
18,waa,f,21,18,18,887772,892001,37,162,learn_array_A,location-2,0
18,waa,f,21,68,72,896688,907259,29,54,learn_array_B,location-2,-4
18,waa,f,21,163,162,911980,920742,67,18,learn_array_A,location-1,1
18,waa,f,21,168,162,925458,927865,58,18,learn_array_A,location-1,6
18,waa,f,21,52,54,932659,936958,179,72,learn_array_B,location-1,-2
18,waa,f,21,77,72,941641,947119,170,54,learn_array_B,location-2,5
18,waa,f,21,69,72,951779,956518,150,54,learn_array_B,location-2,-3
18,waa,f,21,66,72,961210,965871,99,54,learn_array_B,location-2,-6
18,waa,f,21,55,54,970683,974405,36,72,learn_array_B,location-1,1
18,waa,f,21,69,72,979230,984348,144,54,learn_array_B,location-2,-3
18,waa,f,21,154,162,989146,993897,28,18,learn_array_A,location-1,-8
18,waa,f,21,161,54,998688,1001685,155,72,learn_array_B,location-1,-73
18,waa,f,21,16,18,1006502,1011465,85,162,learn_array_A,location-2,-2
18,waa,f,21,65,72,1016295,1021194,138,54,learn_array_B,location-2,-7
18,waa,f,21,14,18,1025945,1029459,104,162,learn_array_A,location-2,-4
18,waa,f,21,69,72,1034233,1040311,80,54,learn_array_B,location-2,-3
18,waa,f,21,49,54,1044985,1050391,113,72,learn_array_B,location-1,-5
18,waa,f,21,69,72,1054982,1060016,66,54,learn_array_B,location-2,-3
18,waa,f,21,66,72,1064679,1070578,114,54,learn_array_B,location-2,-6
18,waa,f,21,156,162,1075405,1080071,80,18,learn_array_A,location-1,-6
18,waa,f,21,54,54,1084725,1087715,153,72,learn_array_B,location-1,0
18,waa,f,21,57,54,1092522,1097190,175,72,learn_array_B,location-1,3
block,,,,,,,,,,,,
