subj,name,gender,age,col_resp,target_angle,start_time,resp_time,start_angle,other_color,learn_array,location,d_value
19,zrj,f,21,1,0,23733,27243,113,54,learn_array_B,location-2,1
19,zrj,f,21,125,126,32011,35001,115,144,learn_array_A,location-1,-1
19,zrj,f,21,6,0,39615,44303,34,54,learn_array_B,location-2,6
19,zrj,f,21,133,126,49054,50952,148,144,learn_array_A,location-1,7
19,zrj,f,21,54,54,55555,57311,105,0,learn_array_B,location-1,0
19,zrj,f,21,54,54,62119,63874,29,0,learn_array_B,location-1,0
19,zrj,f,21,133,126,68641,70835,160,144,learn_array_A,location-1,7
19,zrj,f,21,57,54,75619,77742,76,0,learn_array_B,location-1,3
19,zrj,f,21,6,0,82439,86688,51,54,learn_array_B,location-2,6
19,zrj,f,21,150,144,91359,94717,28,126,learn_array_A,location-2,6
19,zrj,f,21,1,0,99310,101655,136,54,learn_array_B,location-2,1
19,zrj,f,21,149,144,106304,109081,78,126,learn_array_A,location-2,5
19,zrj,f,21,50,54,113676,119234,152,0,learn_array_B,location-1,-4
19,zrj,f,21,1,0,123869,126646,107,54,learn_array_B,location-2,1
19,zrj,f,21,2,0,131353,132227,127,54,learn_array_B,location-2,2
19,zrj,f,21,53,54,136917,139254,175,0,learn_array_B,location-1,-1
19,zrj,f,21,143,144,144007,146134,150,126,learn_array_A,location-2,-1
19,zrj,f,21,120,126,150773,153398,179,144,learn_array_A,location-1,-6
19,zrj,f,21,2,0,158216,162740,61,54,learn_array_B,location-2,2
19,zrj,f,21,46,54,167435,169620,113,0,learn_array_B,location-1,-8
19,zrj,f,21,147,144,174251,178331,8,126,learn_array_A,location-2,3
19,zrj,f,21,120,126,183152,185332,36,144,learn_array_A,location-1,-6
19,zrj,f,21,64,54,190000,193796,179,0,learn_array_B,location-1,10
19,zrj,f,21,123,126,198396,201685,73,144,learn_array_A,location-1,-3
19,zrj,f,21,146,144,206323,210545,2,126,learn_array_A,location-2,2
19,zrj,f,21,123,54,215295,217484,132,0,learn_array_B,location-1,69
19,zrj,f,21,3,0,222215,224400,91,54,learn_array_B,location-2,3
19,zrj,f,21,149,144,229233,231639,175,126,learn_array_A,location-2,5
19,zrj,f,21,143,144,236389,238425,130,126,learn_array_A,location-2,-1
19,zrj,f,21,147,144,243119,246398,89,126,learn_array_A,location-2,3
19,zrj,f,21,60,54,251099,255467,177,0,learn_array_B,location-1,6
19,zrj,f,21,129,126,260298,262780,14,144,learn_array_A,location-1,3
19,zrj,f,21,126,126,267388,270296,39,144,learn_array_A,location-1,0
19,zrj,f,21,127,126,275029,276850,175,144,learn_array_A,location-1,1
19,zrj,f,21,55,54,281618,285769,44,0,learn_array_B,location-1,1
19,zrj,f,21,53,54,290515,293353,143,0,learn_array_B,location-1,-1
19,zrj,f,21,152,144,297955,300291,159,126,learn_array_A,location-2,8
19,zrj,f,21,2,0,305029,308370,125,54,learn_array_B,location-2,2
19,zrj,f,21,122,126,313001,315926,153,144,learn_array_A,location-1,-4
19,zrj,f,21,55,54,320518,324317,21,0,learn_array_B,location-1,1
19,zrj,f,21,1,0,329086,339397,10,54,learn_array_B,location-2,1
19,zrj,f,21,6,0,344033,348101,160,54,learn_array_B,location-2,6
19,zrj,f,21,127,126,352826,354206,38,144,learn_array_A,location-1,1
19,zrj,f,21,1,0,358861,363234,22,54,learn_array_B,location-2,1
19,zrj,f,21,119,126,367987,369226,39,144,learn_array_A,location-1,-7
19,zrj,f,21,140,144,373961,377837,66,126,learn_array_A,location-2,-4
19,zrj,f,21,145,144,382449,385883,134,126,learn_array_A,location-2,1
19,zrj,f,21,144,144,390617,395781,3,126,learn_array_A,location-2,0
block,,,,,,,,,,,,
19,zrj,f,21,121,126,402549,405455,157,144,learn_array_A,location-1,-5
19,zrj,f,21,55,54,410057,413855,53,0,learn_array_B,location-1,1
19,zrj,f,21,56,54,418574,421122,140,0,learn_array_B,location-1,2
19,zrj,f,21,121,126,425714,427394,118,144,learn_array_A,location-1,-5
19,zrj,f,21,55,54,432008,436166,159,0,learn_array_B,location-1,1
19,zrj,f,21,158,144,440920,444776,116,126,learn_array_A,location-2,14
19,zrj,f,21,0,0,449468,450997,138,54,learn_array_B,location-2,0
19,zrj,f,21,54,54,455666,458876,130,0,learn_array_B,location-1,0
19,zrj,f,21,56,54,463510,466945,3,0,learn_array_B,location-1,2
19,zrj,f,21,152,144,471563,474052,141,126,learn_array_A,location-2,8
19,zrj,f,21,3,0,478773,482507,97,54,learn_array_B,location-2,3
19,zrj,f,21,122,126,487174,490688,132,144,learn_array_A,location-1,-4
19,zrj,f,21,143,144,495473,497012,25,126,learn_array_A,location-2,-1
19,zrj,f,21,154,144,501725,504793,57,126,learn_array_A,location-2,10
19,zrj,f,21,55,54,509533,511953,142,0,learn_array_B,location-1,1
19,zrj,f,21,152,144,516693,520869,109,126,learn_array_A,location-2,8
19,zrj,f,21,153,144,525657,527925,99,126,learn_array_A,location-2,9
19,zrj,f,21,117,126,532515,535884,176,144,learn_array_A,location-1,-9
19,zrj,f,21,1,0,540590,543370,124,54,learn_array_B,location-2,1
19,zrj,f,21,117,126,548063,550842,108,144,learn_array_A,location-1,-9
19,zrj,f,21,142,144,555431,558504,120,126,learn_array_A,location-2,-2
19,zrj,f,21,130,126,563205,564886,24,144,learn_array_A,location-1,4
19,zrj,f,21,53,54,569496,571613,93,0,learn_array_B,location-1,-1
19,zrj,f,21,1,0,576372,578558,70,54,learn_array_B,location-2,1
19,zrj,f,21,56,54,583170,585212,31,0,learn_array_B,location-1,2
19,zrj,f,21,1,0,589850,592268,90,54,learn_array_B,location-2,1
19,zrj,f,21,129,126,596928,599122,178,144,learn_array_A,location-1,3
19,zrj,f,21,6,0,603853,609104,159,54,learn_array_B,location-2,6
19,zrj,f,21,122,126,613840,618944,178,144,learn_array_A,location-1,-4
19,zrj,f,21,2,0,623771,626829,167,54,learn_array_B,location-2,2
19,zrj,f,21,142,144,631557,634926,51,126,learn_array_A,location-2,-2
19,zrj,f,21,132,126,639712,641910,39,144,learn_array_A,location-1,6
19,zrj,f,21,150,144,646554,648742,22,126,learn_array_A,location-2,6
19,zrj,f,21,3,0,653426,657890,96,54,learn_array_B,location-2,3
19,zrj,f,21,54,54,662606,665597,168,0,learn_array_B,location-1,0
19,zrj,f,21,2,0,670429,672539,25,54,learn_array_B,location-2,2
19,zrj,f,21,155,144,677287,680352,158,126,learn_array_A,location-2,11
19,zrj,f,21,125,126,685037,686495,161,144,learn_array_A,location-1,-1
19,zrj,f,21,1,0,691125,694257,73,54,learn_array_B,location-2,1
19,zrj,f,21,122,54,698925,700963,138,0,learn_array_B,location-1,68
19,zrj,f,21,123,126,705683,708687,64,144,learn_array_A,location-1,-3
19,zrj,f,21,1,0,713281,715395,134,54,learn_array_B,location-2,1
19,zrj,f,21,1,0,720070,726195,29,54,learn_array_B,location-2,1
19,zrj,f,21,146,144,730831,733532,7,126,learn_array_A,location-2,2
19,zrj,f,21,131,126,738140,739303,30,144,learn_array_A,location-1,5
19,zrj,f,21,143,144,743999,745532,174,126,learn_array_A,location-2,-1
19,zrj,f,21,59,54,750193,752162,129,0,learn_array_B,location-1,5
19,zrj,f,21,55,54,756905,759240,59,0,learn_array_B,location-1,1
block,,,,,,,,,,,,
