subj,name,gender,age,col_resp,target_angle,start_time,resp_time,start_angle,other_color,learn_array,location,d_value
1,sml,f,19,179,0,58526,66074,59,18,learn_array_B,location-1,-1
1,sml,f,19,104,108,70708,79417,152,90,learn_array_A,location-2,-4
1,sml,f,19,179,0,84177,90658,58,18,learn_array_B,location-1,-1
1,sml,f,19,104,108,95270,98598,62,90,learn_array_A,location-2,-4
1,sml,f,19,24,18,103317,106504,98,0,learn_array_B,location-2,6
1,sml,f,19,19,0,111226,114692,39,18,learn_array_B,location-1,19
1,sml,f,19,179,0,119501,122378,41,18,learn_array_B,location-1,-1
1,sml,f,19,89,90,127002,132529,179,108,learn_array_A,location-1,-1
1,sml,f,19,104,108,137122,145809,96,90,learn_array_A,location-2,-4
1,sml,f,19,7,18,150610,159968,145,0,learn_array_B,location-2,-11
1,sml,f,19,108,108,164659,169530,170,90,learn_array_A,location-2,0
1,sml,f,19,89,90,174350,177738,46,108,learn_array_A,location-1,-1
1,sml,f,19,91,90,182358,187442,6,108,learn_array_A,location-1,1
1,sml,f,19,19,18,192204,195221,144,0,learn_array_B,location-2,1
1,sml,f,19,108,108,200024,211155,83,90,learn_array_A,location-2,0
1,sml,f,19,78,90,215908,218560,115,108,learn_array_A,location-1,-12
1,sml,f,19,92,90,223219,226171,26,108,learn_array_A,location-1,2
1,sml,f,19,102,108,230774,239381,106,90,learn_array_A,location-2,-6
1,sml,f,19,103,108,244012,251818,37,90,learn_array_A,location-2,-5
1,sml,f,19,178,0,256414,261708,110,18,learn_array_B,location-1,-2
1,sml,f,19,93,90,266486,272441,23,108,learn_array_A,location-1,3
1,sml,f,19,86,90,277102,281223,95,108,learn_array_A,location-1,-4
1,sml,f,19,85,90,285868,290196,100,108,learn_array_A,location-1,-5
1,sml,f,19,93,90,294924,297647,46,108,learn_array_A,location-1,3
1,sml,f,19,108,108,302292,305526,6,90,learn_array_A,location-2,0
1,sml,f,19,16,18,310168,314365,90,0,learn_array_B,location-2,-2
1,sml,f,19,177,0,319175,322049,43,18,learn_array_B,location-1,-3
1,sml,f,19,22,18,326864,327158,169,0,learn_array_B,location-2,4
1,sml,f,19,174,0,331786,336054,20,18,learn_array_B,location-1,-6
1,sml,f,19,174,0,340769,344385,109,18,learn_array_B,location-1,-6
1,sml,f,19,105,108,349153,354459,63,90,learn_array_A,location-2,-3
1,sml,f,19,1,0,359179,362128,74,18,learn_array_B,location-1,1
1,sml,f,19,8,18,366820,373215,116,0,learn_array_B,location-2,-10
1,sml,f,19,178,0,377979,382100,101,18,learn_array_B,location-1,-2
1,sml,f,19,7,18,386781,392806,121,0,learn_array_B,location-2,-11
1,sml,f,19,19,18,397493,399850,67,0,learn_array_B,location-2,1
1,sml,f,19,111,108,404660,411360,121,90,learn_array_A,location-2,3
1,sml,f,19,16,18,416085,421165,87,0,learn_array_B,location-2,-2
1,sml,f,19,89,90,425884,429111,83,108,learn_array_A,location-1,-1
1,sml,f,19,13,18,433805,440143,156,0,learn_array_B,location-2,-5
1,sml,f,19,91,90,444979,455268,124,108,learn_array_A,location-1,1
1,sml,f,19,103,108,459959,464170,136,90,learn_array_A,location-2,-5
1,sml,f,19,18,18,468930,481301,129,0,learn_array_B,location-2,0
1,sml,f,19,170,0,486109,490909,26,18,learn_array_B,location-1,-10
1,sml,f,19,179,0,495689,498494,68,18,learn_array_B,location-1,-1
1,sml,f,19,91,90,503202,506888,0,108,learn_array_A,location-1,1
1,sml,f,19,12,18,511648,515415,90,0,learn_array_B,location-2,-6
1,sml,f,19,13,108,520035,522847,163,90,learn_array_A,location-2,85
block
1,sml,f,19,170,0,529596,534654,144,18,learn_array_B,location-1,-10
1,sml,f,19,84,90,539418,542432,100,108,learn_array_A,location-1,-6
1,sml,f,19,14,18,547098,549971,82,0,learn_array_B,location-2,-4
1,sml,f,19,105,108,554573,560791,160,90,learn_array_A,location-2,-3
1,sml,f,19,106,108,565607,573609,110,90,learn_array_A,location-2,-2
1,sml,f,19,171,0,578251,583764,74,18,learn_array_B,location-1,-9
1,sml,f,19,87,90,588526,593068,107,108,learn_array_A,location-1,-3
1,sml,f,19,24,18,597826,602080,15,0,learn_array_B,location-2,6
1,sml,f,19,18,18,606788,613137,52,0,learn_array_B,location-2,0
1,sml,f,19,18,18,617747,620038,13,0,learn_array_B,location-2,0
1,sml,f,19,109,108,624758,628079,161,90,learn_array_A,location-2,1
1,sml,f,19,172,0,632910,636234,119,18,learn_array_B,location-1,-8
1,sml,f,19,112,108,640951,644935,33,90,learn_array_A,location-2,4
1,sml,f,19,106,108,649544,660789,116,90,learn_array_A,location-2,-2
1,sml,f,19,84,90,665600,668857,124,108,learn_array_A,location-1,-6
1,sml,f,19,176,0,673597,678763,80,18,learn_array_B,location-1,-4
1,sml,f,19,108,108,683532,688408,31,90,learn_array_A,location-2,0
1,sml,f,19,18,18,693145,696537,153,0,learn_array_B,location-2,0
1,sml,f,19,172,0,701189,704373,22,18,learn_array_B,location-1,-8
1,sml,f,19,175,0,709156,712483,68,18,learn_array_B,location-1,-5
1,sml,f,19,83,90,717160,720407,16,108,learn_array_A,location-1,-7
1,sml,f,19,83,90,725100,729443,32,108,learn_array_A,location-1,-7
1,sml,f,19,18,18,734112,738251,84,0,learn_array_B,location-2,0
1,sml,f,19,91,90,742960,745615,36,108,learn_array_A,location-1,1
1,sml,f,19,96,90,750242,752842,57,108,learn_array_A,location-1,6
1,sml,f,19,99,108,757563,760219,105,90,learn_array_A,location-2,-9
1,sml,f,19,17,18,764837,768379,4,0,learn_array_B,location-2,-1
1,sml,f,19,173,90,773216,775652,7,108,learn_array_A,location-1,83
1,sml,f,19,94,90,780351,786935,176,108,learn_array_A,location-1,4
1,sml,f,19,105,108,791541,799234,20,90,learn_array_A,location-2,-3
1,sml,f,19,19,18,803864,810077,174,0,learn_array_B,location-2,1
1,sml,f,19,86,90,814830,819407,133,108,learn_array_A,location-1,-4
1,sml,f,19,178,0,824151,826520,120,18,learn_array_B,location-1,-2
1,sml,f,19,110,108,831338,834960,143,90,learn_array_A,location-2,2
1,sml,f,19,176,0,839677,841758,90,18,learn_array_B,location-1,-4
1,sml,f,19,106,108,846373,849329,56,90,learn_array_A,location-2,-2
1,sml,f,19,109,108,853927,856734,103,90,learn_array_A,location-2,1
1,sml,f,19,15,18,861388,863534,167,0,learn_array_B,location-2,-3
1,sml,f,19,173,0,868341,870117,134,18,learn_array_B,location-1,-7
1,sml,f,19,13,18,874775,877869,24,0,learn_array_B,location-2,-5
1,sml,f,19,86,90,882486,884775,175,108,learn_array_A,location-1,-4
1,sml,f,19,19,18,889419,893847,26,0,learn_array_B,location-2,1
1,sml,f,19,94,90,898602,900813,33,108,learn_array_A,location-1,4
1,sml,f,19,16,18,905636,909988,135,0,learn_array_B,location-2,-2
1,sml,f,19,178,0,914599,916891,89,18,learn_array_B,location-1,-2
1,sml,f,19,107,108,921611,924572,168,90,learn_array_A,location-2,-1
1,sml,f,19,171,0,929294,932468,1,18,learn_array_B,location-1,-9
1,sml,f,19,177,0,937223,941347,58,18,learn_array_B,location-1,-3
block
