subj,name,gender,age,col_resp,target_angle,start_time,resp_time,start_angle,other_color,learn_array,location,d_value
20,dyq,m,21,91,90,103367,107623,164,0,learn_array_A,location-2,1
20,dyq,m,21,113,108,112281,116073,100,18,learn_array_B,location-1,5
20,dyq,m,21,174,0,120818,123009,132,90,learn_array_A,location-1,-6
20,dyq,m,21,117,108,127611,131045,136,18,learn_array_B,location-1,9
20,dyq,m,21,35,18,135867,137766,47,108,learn_array_B,location-2,17
20,dyq,m,21,23,18,142599,149313,26,108,learn_array_B,location-2,5
20,dyq,m,21,2,0,154052,157918,93,90,learn_array_A,location-1,2
20,dyq,m,21,17,18,162579,166664,105,108,learn_array_B,location-2,-1
20,dyq,m,21,178,0,171335,175363,34,90,learn_array_A,location-1,-2
20,dyq,m,21,99,90,180047,184007,1,0,learn_array_A,location-2,9
20,dyq,m,21,111,108,188718,192591,93,18,learn_array_B,location-1,3
20,dyq,m,21,20,18,197240,202208,64,108,learn_array_B,location-2,2
20,dyq,m,21,94,90,206861,212993,105,0,learn_array_A,location-2,4
20,dyq,m,21,21,18,217610,221771,3,108,learn_array_B,location-2,3
20,dyq,m,21,1,0,226585,230455,114,90,learn_array_A,location-1,1
20,dyq,m,21,96,0,235133,241496,156,90,learn_array_A,location-1,-84
20,dyq,m,21,94,90,246232,253538,138,0,learn_array_A,location-2,4
20,dyq,m,21,95,90,258246,263138,68,0,learn_array_A,location-2,5
20,dyq,m,21,0,0,267840,270257,30,90,learn_array_A,location-1,0
20,dyq,m,21,113,108,275050,279009,171,18,learn_array_B,location-1,5
20,dyq,m,21,109,108,283598,287397,107,18,learn_array_B,location-1,1
20,dyq,m,21,107,108,291994,296663,17,18,learn_array_B,location-1,-1
20,dyq,m,21,17,18,301404,306671,153,108,learn_array_B,location-2,-1
20,dyq,m,21,93,90,311334,315149,22,0,learn_array_A,location-2,3
20,dyq,m,21,94,90,319821,324428,111,0,learn_array_A,location-2,4
20,dyq,m,21,29,18,329090,332839,65,108,learn_array_B,location-2,11
20,dyq,m,21,0,0,337636,341728,138,90,learn_array_A,location-1,0
20,dyq,m,21,113,108,346406,350427,108,18,learn_array_B,location-1,5
20,dyq,m,21,20,18,355236,358542,116,108,learn_array_B,location-2,2
20,dyq,m,21,91,90,363245,366167,91,0,learn_array_A,location-2,1
20,dyq,m,21,179,0,371002,374289,164,90,learn_array_A,location-1,-1
20,dyq,m,21,3,0,378982,381916,71,90,learn_array_A,location-1,3
20,dyq,m,21,95,90,386632,390511,19,0,learn_array_A,location-2,5
20,dyq,m,21,5,0,395143,398368,92,90,learn_array_A,location-1,5
20,dyq,m,21,118,108,403204,406797,44,18,learn_array_B,location-1,10
20,dyq,m,21,91,90,411518,415830,155,0,learn_array_A,location-2,1
20,dyq,m,21,27,18,420561,425543,107,108,learn_array_B,location-2,9
20,dyq,m,21,93,90,430364,434020,37,0,learn_array_A,location-2,3
20,dyq,m,21,23,18,438802,441954,76,108,learn_array_B,location-2,5
20,dyq,m,21,3,0,446737,450761,44,90,learn_array_A,location-1,3
20,dyq,m,21,106,108,455559,458123,63,18,learn_array_B,location-1,-2
20,dyq,m,21,107,108,462868,466310,142,18,learn_array_B,location-1,-1
20,dyq,m,21,0,0,470979,474129,138,90,learn_array_A,location-1,0
20,dyq,m,21,106,108,478837,481913,140,18,learn_array_B,location-1,-2
20,dyq,m,21,95,90,486749,494009,34,0,learn_array_A,location-2,5
20,dyq,m,21,19,18,498639,502178,27,108,learn_array_B,location-2,1
20,dyq,m,21,19,18,506972,511583,19,108,learn_array_B,location-2,1
20,dyq,m,21,112,108,516295,519827,118,18,learn_array_B,location-1,4
block,,,,,,,,,,,,
20,dyq,m,21,0,0,526502,530699,52,90,learn_array_A,location-1,0
20,dyq,m,21,19,18,535352,539096,81,108,learn_array_B,location-2,1
20,dyq,m,21,179,0,543855,547663,168,90,learn_array_A,location-1,-1
20,dyq,m,21,112,108,552430,555579,79,18,learn_array_B,location-1,4
20,dyq,m,21,113,108,560384,563762,131,18,learn_array_B,location-1,5
20,dyq,m,21,108,108,568534,570068,136,18,learn_array_B,location-1,0
20,dyq,m,21,19,18,574833,581163,30,108,learn_array_B,location-2,1
20,dyq,m,21,111,108,585796,588949,31,18,learn_array_B,location-1,3
20,dyq,m,21,91,90,593555,597902,73,0,learn_array_A,location-2,1
20,dyq,m,21,94,90,602496,604989,22,0,learn_array_A,location-2,4
20,dyq,m,21,5,0,609647,612382,69,90,learn_array_A,location-1,5
20,dyq,m,21,1,0,617096,619073,162,90,learn_array_A,location-1,1
20,dyq,m,21,3,0,623847,627607,77,90,learn_array_A,location-1,3
20,dyq,m,21,18,18,632348,636242,96,108,learn_array_B,location-2,0
20,dyq,m,21,178,0,640954,643886,39,90,learn_array_A,location-1,-2
20,dyq,m,21,92,90,648674,652271,149,0,learn_array_A,location-2,2
20,dyq,m,21,25,18,657071,664644,112,108,learn_array_B,location-2,7
20,dyq,m,21,3,0,669421,673166,105,90,learn_array_A,location-1,3
20,dyq,m,21,16,18,677874,680678,4,108,learn_array_B,location-2,-2
20,dyq,m,21,86,90,685420,688343,155,0,learn_array_A,location-2,-4
20,dyq,m,21,101,90,693166,697880,143,0,learn_array_A,location-2,11
20,dyq,m,21,96,90,702526,705460,70,0,learn_array_A,location-2,6
20,dyq,m,21,114,108,710266,714543,38,18,learn_array_B,location-1,6
20,dyq,m,21,1,0,719209,726525,172,90,learn_array_A,location-1,1
20,dyq,m,21,94,90,731352,734444,176,0,learn_array_A,location-2,4
20,dyq,m,21,107,108,739228,745819,0,18,learn_array_B,location-1,-1
20,dyq,m,21,17,18,750638,753795,90,108,learn_array_B,location-2,-1
20,dyq,m,21,20,18,758420,763465,71,108,learn_array_B,location-2,2
20,dyq,m,21,19,18,768219,771833,104,108,learn_array_B,location-2,1
20,dyq,m,21,111,108,776518,781486,131,18,learn_array_B,location-1,3
20,dyq,m,21,3,0,786136,789903,179,90,learn_array_A,location-1,3
20,dyq,m,21,91,90,794562,799837,27,0,learn_array_A,location-2,1
20,dyq,m,21,3,0,804592,807744,148,90,learn_array_A,location-1,3
20,dyq,m,21,22,18,812430,814643,50,108,learn_array_B,location-2,4
20,dyq,m,21,85,90,819473,823856,171,0,learn_array_A,location-2,-5
20,dyq,m,21,90,90,828460,832412,89,0,learn_array_A,location-2,0
20,dyq,m,21,89,90,837248,840476,108,0,learn_array_A,location-2,-1
20,dyq,m,21,114,108,845231,850560,39,18,learn_array_B,location-1,6
20,dyq,m,21,17,18,855163,861578,56,108,learn_array_B,location-2,-1
20,dyq,m,21,112,108,866222,871474,155,18,learn_array_B,location-1,4
20,dyq,m,21,109,108,876069,880238,19,18,learn_array_B,location-1,1
20,dyq,m,21,109,108,885031,888759,110,18,learn_array_B,location-1,1
20,dyq,m,21,20,18,893578,896066,70,108,learn_array_B,location-2,2
20,dyq,m,21,18,18,900822,904486,11,108,learn_array_B,location-2,0
20,dyq,m,21,5,0,909236,914817,1,90,learn_array_A,location-1,5
20,dyq,m,21,108,108,919619,922188,89,18,learn_array_B,location-1,0
20,dyq,m,21,0,0,926869,929511,161,90,learn_array_A,location-1,0
20,dyq,m,21,91,90,934343,942232,133,0,learn_array_A,location-2,1
block,,,,,,,,,,,,
