subj,name,gender,age,col_resp,target_angle,start_time,resp_time,start_angle,other_color,learn_array,location,d_value
2,lf,f,20,35,36,71065,78558,63,162,learn_array_B,location-1,-1
2,lf,f,20,104,108,83161,89560,40,144,learn_array_A,location-2,-4
2,lf,f,20,167,162,94395,100353,41,36,learn_array_B,location-2,5
2,lf,f,20,106,108,105096,110824,75,144,learn_array_A,location-2,-2
2,lf,f,20,144,144,115618,126340,1,108,learn_array_A,location-1,0
2,lf,f,20,108,108,131137,142081,111,144,learn_array_A,location-2,0
2,lf,f,20,34,36,146774,153111,92,162,learn_array_B,location-1,-2
2,lf,f,20,104,108,157784,168780,135,144,learn_array_A,location-2,-4
2,lf,f,20,144,108,173491,191144,9,144,learn_array_A,location-2,36
2,lf,f,20,141,144,195836,206322,172,108,learn_array_A,location-1,-3
2,lf,f,20,140,144,211137,215308,2,108,learn_array_A,location-1,-4
2,lf,f,20,161,162,220063,231416,47,36,learn_array_B,location-2,-1
2,lf,f,20,143,144,236089,246205,65,108,learn_array_A,location-1,-1
2,lf,f,20,144,144,250878,255940,18,108,learn_array_A,location-1,0
2,lf,f,20,166,162,260703,266579,14,36,learn_array_B,location-2,4
2,lf,f,20,143,144,271371,275119,53,108,learn_array_A,location-1,-1
2,lf,f,20,39,36,279888,282467,149,162,learn_array_B,location-1,3
2,lf,f,20,40,36,287175,290188,49,162,learn_array_B,location-1,4
2,lf,f,20,35,36,294890,299305,2,162,learn_array_B,location-1,-1
2,lf,f,20,169,162,303923,309380,82,36,learn_array_B,location-2,7
2,lf,f,20,169,162,314080,323509,12,36,learn_array_B,location-2,7
2,lf,f,20,104,108,328270,331507,13,144,learn_array_A,location-2,-4
2,lf,f,20,102,108,336150,341973,160,144,learn_array_A,location-2,-6
2,lf,f,20,38,36,346799,350259,11,162,learn_array_B,location-1,2
2,lf,f,20,166,162,354875,359949,158,36,learn_array_B,location-2,4
2,lf,f,20,39,36,364576,367743,158,162,learn_array_B,location-1,3
2,lf,f,20,33,36,372450,378388,145,162,learn_array_B,location-1,-3
2,lf,f,20,102,108,383095,394689,166,144,learn_array_A,location-2,-6
2,lf,f,20,166,162,399356,404060,99,36,learn_array_B,location-2,4
2,lf,f,20,39,36,408852,413039,139,162,learn_array_B,location-1,3
2,lf,f,20,143,144,417666,422155,68,108,learn_array_A,location-1,-1
2,lf,f,20,145,144,426796,432961,140,108,learn_array_A,location-1,1
2,lf,f,20,108,108,437589,441134,103,144,learn_array_A,location-2,0
2,lf,f,20,43,36,445907,449525,85,162,learn_array_B,location-1,7
2,lf,f,20,40,36,454126,457746,45,162,learn_array_B,location-1,4
2,lf,f,20,163,162,462451,466868,162,36,learn_array_B,location-2,1
2,lf,f,20,34,36,471546,475155,65,162,learn_array_B,location-1,-2
2,lf,f,20,166,162,479837,484754,125,36,learn_array_B,location-2,4
2,lf,f,20,161,162,489390,500006,176,36,learn_array_B,location-2,-1
2,lf,f,20,147,144,504824,508643,166,108,learn_array_A,location-1,3
2,lf,f,20,110,108,513417,516364,136,144,learn_array_A,location-2,2
2,lf,f,20,105,108,521084,526827,144,144,learn_array_A,location-2,-3
2,lf,f,20,144,144,531664,535125,81,108,learn_array_A,location-1,0
2,lf,f,20,163,162,539843,545323,86,36,learn_array_B,location-2,1
2,lf,f,20,161,162,550117,554479,146,36,learn_array_B,location-2,-1
2,lf,f,20,109,108,559301,563634,12,144,learn_array_A,location-2,1
2,lf,f,20,146,144,568432,572191,17,108,learn_array_A,location-1,2
2,lf,f,20,143,144,576884,585492,156,108,learn_array_A,location-1,-1
block
2,lf,f,20,41,36,591623,598164,47,162,learn_array_B,location-1,5
2,lf,f,20,160,162,602867,606839,132,36,learn_array_B,location-2,-2
2,lf,f,20,162,162,611574,616495,94,36,learn_array_B,location-2,0
2,lf,f,20,41,36,621183,626580,9,162,learn_array_B,location-1,5
2,lf,f,20,144,144,631234,635287,121,108,learn_array_A,location-1,0
2,lf,f,20,106,108,640079,649173,168,144,learn_array_A,location-2,-2
2,lf,f,20,145,144,653840,661000,57,108,learn_array_A,location-1,1
2,lf,f,20,36,36,665600,668485,109,162,learn_array_B,location-1,0
2,lf,f,20,166,162,673223,679354,67,36,learn_array_B,location-2,4
2,lf,f,20,38,36,684021,689564,24,162,learn_array_B,location-1,2
2,lf,f,20,150,144,694206,698033,82,108,learn_array_A,location-1,6
2,lf,f,20,108,108,702678,706308,179,144,learn_array_A,location-2,0
2,lf,f,20,162,162,711038,721622,134,36,learn_array_B,location-2,0
2,lf,f,20,104,108,726242,730600,168,144,learn_array_A,location-2,-4
2,lf,f,20,36,36,735284,739940,70,162,learn_array_B,location-1,0
2,lf,f,20,103,108,744773,753357,91,144,learn_array_A,location-2,-5
2,lf,f,20,44,36,757986,762037,160,162,learn_array_B,location-1,8
2,lf,f,20,106,108,766815,771540,136,144,learn_array_A,location-2,-2
2,lf,f,20,155,162,776148,781480,171,36,learn_array_B,location-2,-7
2,lf,f,20,103,108,786168,791279,141,144,learn_array_A,location-2,-5
2,lf,f,20,107,108,795949,804316,65,144,learn_array_A,location-2,-1
2,lf,f,20,144,144,809062,818795,113,108,learn_array_A,location-1,0
2,lf,f,20,108,108,823496,827703,39,144,learn_array_A,location-2,0
2,lf,f,20,166,162,832346,838121,73,36,learn_array_B,location-2,4
2,lf,f,20,41,36,842955,846854,69,162,learn_array_B,location-1,5
2,lf,f,20,148,144,851493,855479,59,108,learn_array_A,location-1,4
2,lf,f,20,159,162,860104,865574,174,36,learn_array_B,location-2,-3
2,lf,f,20,164,162,870181,880655,40,36,learn_array_B,location-2,2
2,lf,f,20,147,144,885388,889815,109,108,learn_array_A,location-1,3
2,lf,f,20,148,144,894520,901141,107,108,learn_array_A,location-1,4
2,lf,f,20,150,144,905928,910429,57,108,learn_array_A,location-1,6
2,lf,f,20,147,144,915148,920962,110,108,learn_array_A,location-1,3
2,lf,f,20,40,36,925593,928829,10,162,learn_array_B,location-1,4
2,lf,f,20,162,162,933618,939284,121,36,learn_array_B,location-2,0
2,lf,f,20,111,108,943892,951877,4,144,learn_array_A,location-2,3
2,lf,f,20,34,36,956606,960604,68,162,learn_array_B,location-1,-2
2,lf,f,20,164,162,965201,968894,68,36,learn_array_B,location-2,2
2,lf,f,20,166,162,973540,977092,179,36,learn_array_B,location-2,4
2,lf,f,20,149,144,981748,987725,57,108,learn_array_A,location-1,5
2,lf,f,20,34,36,992335,995729,80,162,learn_array_B,location-1,-2
2,lf,f,20,106,108,1000385,1005263,123,144,learn_array_A,location-2,-2
2,lf,f,20,163,162,1010067,1017766,101,36,learn_array_B,location-2,1
2,lf,f,20,102,108,1022513,1030204,89,144,learn_array_A,location-2,-6
2,lf,f,20,107,144,1034909,1044065,33,108,learn_array_A,location-1,-37
2,lf,f,20,165,36,1048692,1059626,28,162,learn_array_B,location-1,-51
2,lf,f,20,144,144,1064359,1073505,22,108,learn_array_A,location-1,0
2,lf,f,20,107,108,1078114,1081882,134,144,learn_array_A,location-2,-1
2,lf,f,20,38,36,1086634,1093935,157,162,learn_array_B,location-1,2
block
