subj,name,gender,age,col_resp,target_angle,start_time,resp_time,start_angle,other_color,learn_array,location,d_value
3,yzn,m,21,87,36,43268,57189,94,90,learn_array_A,location-2,51
3,yzn,m,21,85,90,61808,71489,49,36,learn_array_A,location-1,-5
3,yzn,m,21,91,90,76291,80315,108,36,learn_array_A,location-1,1
3,yzn,m,21,87,90,85074,88582,129,36,learn_array_A,location-1,-3
3,yzn,m,21,100,108,93219,96455,20,72,learn_array_B,location-1,-8
3,yzn,m,21,66,72,101245,106824,98,108,learn_array_B,location-2,-6
3,yzn,m,21,69,72,111413,117782,39,108,learn_array_B,location-2,-3
3,yzn,m,21,104,108,122400,128760,9,72,learn_array_B,location-1,-4
3,yzn,m,21,105,108,133564,137519,132,72,learn_array_B,location-1,-3
3,yzn,m,21,37,36,142326,145698,24,90,learn_array_A,location-2,1
3,yzn,m,21,90,90,150410,154001,11,36,learn_array_A,location-1,0
3,yzn,m,21,69,72,158630,163818,6,108,learn_array_B,location-2,-3
3,yzn,m,21,89,90,168585,173487,41,36,learn_array_A,location-1,-1
3,yzn,m,21,37,36,178147,183197,27,90,learn_array_A,location-2,1
3,yzn,m,21,38,36,187916,192374,78,90,learn_array_A,location-2,2
3,yzn,m,21,100,108,197070,201602,40,72,learn_array_B,location-1,-8
3,yzn,m,21,85,90,206354,212925,38,36,learn_array_A,location-1,-5
3,yzn,m,21,91,90,217750,222805,63,36,learn_array_A,location-1,1
3,yzn,m,21,107,108,227400,232232,154,72,learn_array_B,location-1,-1
3,yzn,m,21,107,108,237012,239711,151,72,learn_array_B,location-1,-1
3,yzn,m,21,86,90,244516,248899,109,36,learn_array_A,location-1,-4
3,yzn,m,21,66,72,253618,259618,3,108,learn_array_B,location-2,-6
3,yzn,m,21,41,36,264317,283055,37,90,learn_array_A,location-2,5
3,yzn,m,21,65,72,287883,299188,146,108,learn_array_B,location-2,-7
3,yzn,m,21,108,108,303819,308486,117,72,learn_array_B,location-1,0
3,yzn,m,21,74,72,313118,316047,76,108,learn_array_B,location-2,2
3,yzn,m,21,38,36,320790,325987,65,90,learn_array_A,location-2,2
3,yzn,m,21,104,108,330751,337119,117,72,learn_array_B,location-1,-4
3,yzn,m,21,35,36,341810,346712,154,90,learn_array_A,location-2,-1
3,yzn,m,21,91,90,351436,356477,107,36,learn_array_A,location-1,1
3,yzn,m,21,34,36,361226,365180,134,90,learn_array_A,location-2,-2
3,yzn,m,21,39,36,369802,374484,107,90,learn_array_A,location-2,3
3,yzn,m,21,106,108,379267,384406,174,72,learn_array_B,location-1,-2
3,yzn,m,21,89,90,389134,392735,75,36,learn_array_A,location-1,-1
3,yzn,m,21,36,36,397554,403065,21,90,learn_array_A,location-2,0
3,yzn,m,21,65,72,407804,412205,15,108,learn_array_B,location-2,-7
3,yzn,m,21,105,108,416997,420530,97,72,learn_array_B,location-1,-3
3,yzn,m,21,60,72,425339,429530,138,108,learn_array_B,location-2,-12
3,yzn,m,21,66,72,434243,442898,46,108,learn_array_B,location-2,-6
3,yzn,m,21,86,90,447602,451058,49,36,learn_array_A,location-1,-4
3,yzn,m,21,104,108,455685,459720,107,72,learn_array_B,location-1,-4
3,yzn,m,21,36,36,464426,469217,120,90,learn_array_A,location-2,0
3,yzn,m,21,65,72,473982,479045,52,108,learn_array_B,location-2,-7
3,yzn,m,21,64,72,483832,489350,179,108,learn_array_B,location-2,-8
3,yzn,m,21,88,90,494007,499371,112,36,learn_array_A,location-1,-2
3,yzn,m,21,36,36,504120,510522,22,90,learn_array_A,location-2,0
3,yzn,m,21,67,72,515168,518622,31,108,learn_array_B,location-2,-5
3,yzn,m,21,101,108,523307,527278,4,72,learn_array_B,location-1,-7
block
3,yzn,m,21,65,72,534627,538794,9,108,learn_array_B,location-2,-7
3,yzn,m,21,87,90,543466,547988,152,36,learn_array_A,location-1,-3
3,yzn,m,21,60,72,552765,556870,71,108,learn_array_B,location-2,-12
3,yzn,m,21,67,72,561546,567023,116,108,learn_array_B,location-2,-5
3,yzn,m,21,68,72,571818,577453,163,108,learn_array_B,location-2,-4
3,yzn,m,21,107,108,582170,585683,78,72,learn_array_B,location-1,-1
3,yzn,m,21,90,90,590385,595355,15,36,learn_array_A,location-1,0
3,yzn,m,21,66,72,599963,604057,1,108,learn_array_B,location-2,-6
3,yzn,m,21,39,36,608779,612809,87,90,learn_array_A,location-2,3
3,yzn,m,21,88,90,617517,621850,56,36,learn_array_A,location-1,-2
3,yzn,m,21,72,72,626529,631801,42,108,learn_array_B,location-2,0
3,yzn,m,21,108,108,636395,640510,137,72,learn_array_B,location-1,0
3,yzn,m,21,33,36,645325,648333,45,90,learn_array_A,location-2,-3
3,yzn,m,21,91,36,652941,662709,78,90,learn_array_A,location-2,55
3,yzn,m,21,74,72,667316,675024,2,108,learn_array_B,location-2,2
3,yzn,m,21,85,90,679863,683028,91,36,learn_array_A,location-1,-5
3,yzn,m,21,107,108,687639,689849,120,72,learn_array_B,location-1,-1
3,yzn,m,21,38,36,694486,698524,65,90,learn_array_A,location-2,2
3,yzn,m,21,85,90,703312,710593,109,36,learn_array_A,location-1,-5
3,yzn,m,21,68,72,715190,719594,10,108,learn_array_B,location-2,-4
3,yzn,m,21,33,36,724343,730090,97,90,learn_array_A,location-2,-3
3,yzn,m,21,84,90,734891,744225,37,36,learn_array_A,location-1,-6
3,yzn,m,21,71,72,748824,754852,121,108,learn_array_B,location-2,-1
3,yzn,m,21,39,36,759658,766198,122,90,learn_array_A,location-2,3
3,yzn,m,21,106,108,771010,774900,24,72,learn_array_B,location-1,-2
3,yzn,m,21,36,36,779649,785233,93,90,learn_array_A,location-2,0
3,yzn,m,21,37,36,789890,793856,23,90,learn_array_A,location-2,1
3,yzn,m,21,34,36,798522,802779,2,90,learn_array_A,location-2,-2
3,yzn,m,21,107,108,807458,811206,87,72,learn_array_B,location-1,-1
3,yzn,m,21,89,90,816001,818863,75,36,learn_array_A,location-1,-1
3,yzn,m,21,106,108,823568,828783,69,72,learn_array_B,location-1,-2
3,yzn,m,21,103,108,833611,836549,80,72,learn_array_B,location-1,-5
3,yzn,m,21,88,90,841200,845320,15,36,learn_array_A,location-1,-2
3,yzn,m,21,113,108,850011,852726,164,72,learn_array_B,location-1,5
3,yzn,m,21,105,108,857366,861339,52,72,learn_array_B,location-1,-3
3,yzn,m,21,90,90,866118,869360,177,36,learn_array_A,location-1,0
3,yzn,m,21,36,36,874057,878973,51,90,learn_array_A,location-2,0
3,yzn,m,21,110,108,883782,887086,29,72,learn_array_B,location-1,2
3,yzn,m,21,35,36,891805,895410,138,90,learn_array_A,location-2,-1
3,yzn,m,21,106,108,900119,910828,58,72,learn_array_B,location-1,-2
3,yzn,m,21,71,72,915485,920846,114,108,learn_array_B,location-2,-1
3,yzn,m,21,89,90,925585,930718,38,36,learn_array_A,location-1,-1
3,yzn,m,21,89,90,935361,939038,125,36,learn_array_A,location-1,-1
3,yzn,m,21,105,108,943629,946491,63,72,learn_array_B,location-1,-3
3,yzn,m,21,67,72,951175,958664,43,108,learn_array_B,location-2,-5
3,yzn,m,21,82,90,963282,969831,145,36,learn_array_A,location-1,-8
3,yzn,m,21,74,72,974631,978325,29,108,learn_array_B,location-2,2
3,yzn,m,21,36,36,983050,987381,32,90,learn_array_A,location-2,0
block
