subj,name,gender,age,col_resp,target_angle,start_time,resp_time,start_angle,other_color,learn_array,location,d_value
4,clp,f,21,106,108,95020,98707,108,36,learn_array_A,location-2,-2
4,clp,f,21,92,90,103398,106655,84,144,learn_array_B,location-1,2
4,clp,f,21,33,36,111252,115371,69,108,learn_array_A,location-1,-3
4,clp,f,21,38,36,120135,123452,56,108,learn_array_A,location-1,2
4,clp,f,21,38,36,128111,131563,54,108,learn_array_A,location-1,2
4,clp,f,21,106,108,136311,139107,17,36,learn_array_A,location-2,-2
4,clp,f,21,144,144,143835,147078,20,90,learn_array_B,location-2,0
4,clp,f,21,109,108,151833,154259,57,36,learn_array_A,location-2,1
4,clp,f,21,93,90,158872,164691,144,144,learn_array_B,location-1,3
4,clp,f,21,104,108,169460,173068,138,36,learn_array_A,location-2,-4
4,clp,f,21,134,144,177770,180787,46,90,learn_array_B,location-2,-10
4,clp,f,21,148,144,185605,189433,105,90,learn_array_B,location-2,4
4,clp,f,21,94,90,194224,197167,171,144,learn_array_B,location-1,4
4,clp,f,21,110,108,201795,205101,24,36,learn_array_A,location-2,2
4,clp,f,21,37,36,209802,213542,0,108,learn_array_A,location-1,1
4,clp,f,21,40,36,218142,221668,46,108,learn_array_A,location-1,4
4,clp,f,21,143,144,226412,229802,65,90,learn_array_B,location-2,-1
4,clp,f,21,34,36,234517,238121,141,108,learn_array_A,location-1,-2
4,clp,f,21,36,36,242721,245669,167,108,learn_array_A,location-1,0
4,clp,f,21,40,36,250378,255595,103,108,learn_array_A,location-1,4
4,clp,f,21,107,108,260275,263656,10,36,learn_array_A,location-2,-1
4,clp,f,21,146,144,268376,271320,99,90,learn_array_B,location-2,2
4,clp,f,21,90,90,276125,278922,63,144,learn_array_B,location-1,0
4,clp,f,21,110,108,283514,286754,162,36,learn_array_A,location-2,2
4,clp,f,21,94,90,291589,294018,77,144,learn_array_B,location-1,4
4,clp,f,21,35,90,298682,302514,84,144,learn_array_B,location-1,-55
4,clp,f,21,96,90,307218,309500,56,144,learn_array_B,location-1,6
4,clp,f,21,98,108,314114,317282,145,36,learn_array_A,location-2,-10
4,clp,f,21,106,108,322069,326712,148,36,learn_array_A,location-2,-2
4,clp,f,21,91,90,331423,335028,3,144,learn_array_B,location-1,1
4,clp,f,21,94,90,339773,342715,35,144,learn_array_B,location-1,4
4,clp,f,21,105,108,347374,352214,2,36,learn_array_A,location-2,-3
4,clp,f,21,39,36,356840,362057,42,108,learn_array_A,location-1,3
4,clp,f,21,93,90,366890,370998,97,144,learn_array_B,location-1,3
4,clp,f,21,39,36,375732,380587,62,108,learn_array_A,location-1,3
4,clp,f,21,144,144,385328,388851,160,90,learn_array_B,location-2,0
4,clp,f,21,93,90,393483,396555,39,144,learn_array_B,location-1,3
4,clp,f,21,147,144,401157,404740,143,90,learn_array_B,location-2,3
4,clp,f,21,144,144,409484,413385,63,90,learn_array_B,location-2,0
4,clp,f,21,111,108,418026,421857,160,36,learn_array_A,location-2,3
4,clp,f,21,139,144,426450,429534,78,90,learn_array_B,location-2,-5
4,clp,f,21,35,36,434347,436917,40,108,learn_array_A,location-1,-1
4,clp,f,21,45,36,441522,445343,96,108,learn_array_A,location-1,9
4,clp,f,21,140,144,450038,452832,57,90,learn_array_B,location-2,-4
4,clp,f,21,144,144,457624,461584,60,90,learn_array_B,location-2,0
4,clp,f,21,97,90,466244,471461,45,144,learn_array_B,location-1,7
4,clp,f,21,142,144,476226,478876,42,90,learn_array_B,location-2,-2
4,clp,f,21,107,108,483552,485970,71,36,learn_array_A,location-2,-1
block,,,,,,,,,,,,
4,clp,f,21,36,36,492474,496357,63,108,learn_array_A,location-1,0
4,clp,f,21,108,108,501073,503356,28,36,learn_array_A,location-2,0
4,clp,f,21,148,144,508051,513122,128,90,learn_array_B,location-2,4
4,clp,f,21,149,144,517899,521286,160,90,learn_array_B,location-2,5
4,clp,f,21,39,36,525876,531314,100,108,learn_array_A,location-1,3
4,clp,f,21,92,90,536064,540047,121,144,learn_array_B,location-1,2
4,clp,f,21,37,36,544675,547997,56,108,learn_array_A,location-1,1
4,clp,f,21,93,90,552715,557510,64,144,learn_array_B,location-1,3
4,clp,f,21,91,90,562203,567087,154,144,learn_array_B,location-1,1
4,clp,f,21,92,144,571897,575875,149,90,learn_array_B,location-2,-52
4,clp,f,21,90,90,580609,583710,65,144,learn_array_B,location-1,0
4,clp,f,21,90,90,588471,591501,138,144,learn_array_B,location-1,0
4,clp,f,21,92,90,596333,598766,56,144,learn_array_B,location-1,2
4,clp,f,21,94,90,603604,606850,54,144,learn_array_B,location-1,4
4,clp,f,21,144,144,611659,615879,108,90,learn_array_B,location-2,0
4,clp,f,21,35,36,620539,625417,11,108,learn_array_A,location-1,-1
4,clp,f,21,94,90,630070,633688,134,144,learn_array_B,location-1,4
4,clp,f,21,145,144,638410,642690,91,90,learn_array_B,location-2,1
4,clp,f,21,38,36,647483,650584,110,108,learn_array_A,location-1,2
4,clp,f,21,106,108,655303,658926,132,36,learn_array_A,location-2,-2
4,clp,f,21,37,36,663587,666536,124,108,learn_array_A,location-1,1
4,clp,f,21,147,144,671208,676662,167,90,learn_array_B,location-2,3
4,clp,f,21,35,36,681306,687199,101,108,learn_array_A,location-1,-1
4,clp,f,21,95,90,691916,695683,13,144,learn_array_B,location-1,5
4,clp,f,21,40,36,700384,704821,65,108,learn_array_A,location-1,4
4,clp,f,21,41,36,709625,712127,29,108,learn_array_A,location-1,5
4,clp,f,21,108,108,716793,720558,63,36,learn_array_A,location-2,0
4,clp,f,21,106,108,725375,729735,75,36,learn_array_A,location-2,-2
4,clp,f,21,144,144,734457,738441,34,90,learn_array_B,location-2,0
4,clp,f,21,150,144,743097,748688,133,90,learn_array_B,location-2,6
4,clp,f,21,90,90,753291,756679,151,144,learn_array_B,location-1,0
4,clp,f,21,111,108,761409,764595,159,36,learn_array_A,location-2,3
4,clp,f,21,115,108,769256,772809,153,36,learn_array_A,location-2,7
4,clp,f,21,105,108,777588,781342,10,36,learn_array_A,location-2,-3
4,clp,f,21,37,36,786162,790733,0,108,learn_array_A,location-1,1
4,clp,f,21,142,144,795386,799148,63,90,learn_array_B,location-2,-2
4,clp,f,21,106,108,803949,807113,128,36,learn_array_A,location-2,-2
4,clp,f,21,94,90,811729,815328,92,144,learn_array_B,location-1,4
4,clp,f,21,93,90,820023,822749,142,144,learn_array_B,location-1,3
4,clp,f,21,37,36,827568,830883,153,108,learn_array_A,location-1,1
4,clp,f,21,37,36,835500,841078,74,108,learn_array_A,location-1,1
4,clp,f,21,101,108,845736,849481,81,36,learn_array_A,location-2,-7
4,clp,f,21,105,108,854117,859461,30,36,learn_array_A,location-2,-3
4,clp,f,21,107,108,864090,867314,87,36,learn_array_A,location-2,-1
4,clp,f,21,138,144,872146,876337,54,90,learn_array_B,location-2,-6
4,clp,f,21,110,108,881110,884430,6,36,learn_array_A,location-2,2
4,clp,f,21,141,144,889129,894059,86,90,learn_array_B,location-2,-3
4,clp,f,21,144,144,898678,904797,17,90,learn_array_B,location-2,0
block,,,,,,,,,,,,
