subj,name,gender,age,col_resp,target_angle,start_time,resp_time,start_angle,other_color,learn_array,location,d_value
5,zjw,f,20,147,144,44322,51845,144,108,learn_array_B,location-1,3
5,zjw,f,20,144,144,56546,60567,77,108,learn_array_B,location-1,0
5,zjw,f,20,142,144,65315,72235,125,108,learn_array_B,location-1,-2
5,zjw,f,20,71,72,77069,81457,58,54,learn_array_A,location-2,-1
5,zjw,f,20,104,108,86219,94187,94,144,learn_array_B,location-2,-4
5,zjw,f,20,53,54,98974,103881,55,72,learn_array_A,location-1,-1
5,zjw,f,20,103,108,108615,114601,11,144,learn_array_B,location-2,-5
5,zjw,f,20,105,108,119281,123822,124,144,learn_array_B,location-2,-3
5,zjw,f,20,105,108,128559,132274,129,144,learn_array_B,location-2,-3
5,zjw,f,20,73,72,137070,143040,158,54,learn_array_A,location-2,1
5,zjw,f,20,55,54,147928,152755,76,72,learn_array_A,location-1,1
5,zjw,f,20,72,72,157455,163304,150,54,learn_array_A,location-2,0
5,zjw,f,20,104,108,168013,172157,128,144,learn_array_B,location-2,-4
5,zjw,f,20,74,72,176994,181603,58,54,learn_array_A,location-2,2
5,zjw,f,20,141,144,186390,194272,70,108,learn_array_B,location-1,-3
5,zjw,f,20,73,72,198887,203539,151,54,learn_array_A,location-2,1
5,zjw,f,20,55,54,208259,212869,81,72,learn_array_A,location-1,1
5,zjw,f,20,74,72,217586,222172,50,54,learn_array_A,location-2,2
5,zjw,f,20,142,144,226962,229955,36,108,learn_array_B,location-1,-2
5,zjw,f,20,106,108,234564,238654,37,144,learn_array_B,location-2,-2
5,zjw,f,20,140,144,243401,248001,81,108,learn_array_B,location-1,-4
5,zjw,f,20,53,54,252637,259060,84,72,learn_array_A,location-1,-1
5,zjw,f,20,74,72,263664,267174,177,54,learn_array_A,location-2,2
5,zjw,f,20,105,108,271767,276354,121,144,learn_array_B,location-2,-3
5,zjw,f,20,53,54,280988,285881,26,72,learn_array_A,location-1,-1
5,zjw,f,20,102,108,290541,295557,48,144,learn_array_B,location-2,-6
5,zjw,f,20,143,144,300333,305813,92,108,learn_array_B,location-1,-1
5,zjw,f,20,57,54,310585,315688,14,72,learn_array_A,location-1,3
5,zjw,f,20,76,72,320306,323233,42,54,learn_array_A,location-2,4
5,zjw,f,20,145,144,327890,334730,97,108,learn_array_B,location-1,1
5,zjw,f,20,55,54,339558,343140,104,72,learn_array_A,location-1,1
5,zjw,f,20,144,144,347828,351683,54,108,learn_array_B,location-1,0
5,zjw,f,20,145,144,356450,361060,158,108,learn_array_B,location-1,1
5,zjw,f,20,71,72,365674,370649,137,54,learn_array_A,location-2,-1
5,zjw,f,20,57,54,375485,385091,20,72,learn_array_A,location-1,3
5,zjw,f,20,56,54,389726,396379,88,72,learn_array_A,location-1,2
5,zjw,f,20,102,108,401153,416267,81,144,learn_array_B,location-2,-6
5,zjw,f,20,55,54,420889,429362,161,72,learn_array_A,location-1,1
5,zjw,f,20,73,72,434029,438879,175,54,learn_array_A,location-2,1
5,zjw,f,20,76,72,443695,447788,160,54,learn_array_A,location-2,4
5,zjw,f,20,142,144,452463,456924,2,108,learn_array_B,location-1,-2
5,zjw,f,20,106,108,461621,465278,61,144,learn_array_B,location-2,-2
5,zjw,f,20,141,144,470093,476609,43,108,learn_array_B,location-1,-3
5,zjw,f,20,73,72,481206,487146,85,54,learn_array_A,location-2,1
5,zjw,f,20,102,108,491893,499453,119,144,learn_array_B,location-2,-6
5,zjw,f,20,55,54,504084,509725,167,72,learn_array_A,location-1,1
5,zjw,f,20,57,54,514553,519023,18,72,learn_array_A,location-1,3
5,zjw,f,20,102,108,523632,527966,87,144,learn_array_B,location-2,-6
block
5,zjw,f,20,55,54,535088,540528,24,72,learn_array_A,location-1,1
5,zjw,f,20,70,72,545242,549676,0,54,learn_array_A,location-2,-2
5,zjw,f,20,145,144,554406,558948,118,108,learn_array_B,location-1,1
5,zjw,f,20,106,108,563625,569333,155,144,learn_array_B,location-2,-2
5,zjw,f,20,55,54,573970,579973,123,72,learn_array_A,location-1,1
5,zjw,f,20,73,72,584757,588851,116,54,learn_array_A,location-2,1
5,zjw,f,20,74,72,593668,597341,82,54,learn_array_A,location-2,2
5,zjw,f,20,106,108,602109,607746,43,144,learn_array_B,location-2,-2
5,zjw,f,20,57,54,612386,620304,176,72,learn_array_A,location-1,3
5,zjw,f,20,74,72,625070,629245,165,54,learn_array_A,location-2,2
5,zjw,f,20,104,108,634070,639128,61,144,learn_array_B,location-2,-4
5,zjw,f,20,57,54,643874,649733,83,72,learn_array_A,location-1,3
5,zjw,f,20,102,108,654522,659432,0,144,learn_array_B,location-2,-6
5,zjw,f,20,144,144,664229,668190,119,108,learn_array_B,location-1,0
5,zjw,f,20,145,144,672785,677627,79,108,learn_array_B,location-1,1
5,zjw,f,20,109,108,682344,686158,54,144,learn_array_B,location-2,1
5,zjw,f,20,105,108,690905,694350,11,144,learn_array_B,location-2,-3
5,zjw,f,20,106,108,699143,702876,11,144,learn_array_B,location-2,-2
5,zjw,f,20,55,54,707699,717439,10,72,learn_array_A,location-1,1
5,zjw,f,20,73,72,722069,725509,171,54,learn_array_A,location-2,1
5,zjw,f,20,107,108,730172,734798,59,144,learn_array_B,location-2,-1
5,zjw,f,20,54,54,739537,743429,172,72,learn_array_A,location-1,0
5,zjw,f,20,142,144,748155,758370,64,108,learn_array_B,location-1,-2
5,zjw,f,20,53,54,762960,767578,51,72,learn_array_A,location-1,-1
5,zjw,f,20,110,108,772349,776963,11,144,learn_array_B,location-2,2
5,zjw,f,20,54,54,781555,788955,9,72,learn_array_A,location-1,0
5,zjw,f,20,146,144,793602,796891,102,108,learn_array_B,location-1,2
5,zjw,f,20,146,144,801603,804533,58,108,learn_array_B,location-1,2
5,zjw,f,20,54,54,809130,811905,149,72,learn_array_A,location-1,0
5,zjw,f,20,145,144,816507,823484,140,108,learn_array_B,location-1,1
5,zjw,f,20,145,144,828124,834730,26,108,learn_array_B,location-1,1
5,zjw,f,20,77,72,839481,844101,39,54,learn_array_A,location-2,5
5,zjw,f,20,76,72,848790,851064,48,54,learn_array_A,location-2,4
5,zjw,f,20,145,144,855764,859717,135,108,learn_array_B,location-1,1
5,zjw,f,20,106,108,864407,870803,76,144,learn_array_B,location-2,-2
5,zjw,f,20,73,72,875447,881169,161,54,learn_array_A,location-2,1
5,zjw,f,20,73,72,885785,890836,38,54,learn_array_A,location-2,1
5,zjw,f,20,73,72,895442,900645,126,54,learn_array_A,location-2,1
5,zjw,f,20,55,54,905292,909899,14,72,learn_array_A,location-1,1
5,zjw,f,20,105,108,914730,919343,154,144,learn_array_B,location-2,-3
5,zjw,f,20,106,108,923998,927955,142,144,learn_array_B,location-2,-2
5,zjw,f,20,71,72,932554,936574,174,54,learn_array_A,location-2,-1
5,zjw,f,20,143,144,941226,946644,158,108,learn_array_B,location-1,-1
5,zjw,f,20,53,54,951375,957004,20,72,learn_array_A,location-1,-1
5,zjw,f,20,73,72,961775,965213,169,54,learn_array_A,location-2,1
5,zjw,f,20,143,144,969924,978614,47,108,learn_array_B,location-1,-1
5,zjw,f,20,142,144,983242,987256,35,108,learn_array_B,location-1,-2
5,zjw,f,20,53,54,992042,996652,2,72,learn_array_A,location-1,-1
block
