subj,name,gender,age,col_resp,target_angle,start_time,resp_time,start_angle,other_color,learn_array,location,d_value
6,zjh,f,19,153,144,46203,50118,89,36,learn_array_A,location-1,9
6,zjh,f,19,49,54,54903,58648,61,90,learn_array_B,location-2,-5
6,zjh,f,19,154,144,63454,67635,113,36,learn_array_A,location-1,10
6,zjh,f,19,90,90,72446,79813,41,54,learn_array_B,location-1,0
6,zjh,f,19,53,54,84562,88460,71,90,learn_array_B,location-2,-1
6,zjh,f,19,33,36,93125,95845,72,144,learn_array_A,location-2,-3
6,zjh,f,19,93,90,100549,104972,161,54,learn_array_B,location-1,3
6,zjh,f,19,151,144,109781,113231,117,36,learn_array_A,location-1,7
6,zjh,f,19,55,54,117939,121464,9,90,learn_array_B,location-2,1
6,zjh,f,19,96,90,126164,128582,175,54,learn_array_B,location-1,6
6,zjh,f,19,25,36,133320,137500,112,144,learn_array_A,location-2,-11
6,zjh,f,19,30,36,142221,145748,55,144,learn_array_A,location-2,-6
6,zjh,f,19,154,144,150361,156447,136,36,learn_array_A,location-1,10
6,zjh,f,19,89,90,161176,164708,115,54,learn_array_B,location-1,-1
6,zjh,f,19,155,144,169541,171965,158,36,learn_array_A,location-1,11
6,zjh,f,19,91,90,176612,178877,44,54,learn_array_B,location-1,1
6,zjh,f,19,147,144,183521,185800,127,36,learn_array_A,location-1,3
6,zjh,f,19,35,36,190632,193272,46,144,learn_array_A,location-2,-1
6,zjh,f,19,63,54,198053,209390,172,90,learn_array_B,location-2,9
6,zjh,f,19,33,144,214035,216376,13,36,learn_array_A,location-1,69
6,zjh,f,19,57,54,221208,229447,109,90,learn_array_B,location-2,3
6,zjh,f,19,52,54,234207,237076,35,90,learn_array_B,location-2,-2
6,zjh,f,19,89,90,241687,244704,177,54,learn_array_B,location-1,-1
6,zjh,f,19,36,36,249343,252928,44,144,learn_array_A,location-2,0
6,zjh,f,19,37,36,257719,262701,31,144,learn_array_A,location-2,1
6,zjh,f,19,38,36,267482,270909,67,144,learn_array_A,location-2,2
6,zjh,f,19,37,36,275567,279153,91,144,learn_array_A,location-2,1
6,zjh,f,19,150,144,283790,289725,175,36,learn_array_A,location-1,6
6,zjh,f,19,145,144,294527,296954,8,36,learn_array_A,location-1,1
6,zjh,f,19,52,54,301630,306100,38,90,learn_array_B,location-2,-2
6,zjh,f,19,95,90,310866,314829,19,54,learn_array_B,location-1,5
6,zjh,f,19,47,54,319511,324680,101,90,learn_array_B,location-2,-7
6,zjh,f,19,33,36,329430,334202,153,144,learn_array_A,location-2,-3
6,zjh,f,19,37,36,338796,343703,10,144,learn_array_A,location-2,1
6,zjh,f,19,48,54,348380,351399,150,90,learn_array_B,location-2,-6
6,zjh,f,19,52,54,356053,360019,8,90,learn_array_B,location-2,-2
6,zjh,f,19,94,90,364787,370318,53,54,learn_array_B,location-1,4
6,zjh,f,19,144,144,375046,377773,143,36,learn_array_A,location-1,0
6,zjh,f,19,54,54,382457,387357,60,90,learn_array_B,location-2,0
6,zjh,f,19,37,36,392105,397792,94,144,learn_array_A,location-2,1
6,zjh,f,19,98,90,402387,405254,20,54,learn_array_B,location-1,8
6,zjh,f,19,143,144,409851,412947,126,36,learn_array_A,location-1,-1
6,zjh,f,19,97,90,417700,420723,68,54,learn_array_B,location-1,7
6,zjh,f,19,92,90,425519,447722,75,54,learn_array_B,location-1,2
6,zjh,f,19,56,54,452509,454571,83,90,learn_array_B,location-2,2
6,zjh,f,19,33,36,459212,461721,19,144,learn_array_A,location-2,-3
6,zjh,f,19,98,90,466543,468908,119,54,learn_array_B,location-1,8
6,zjh,f,19,33,144,473517,476175,69,36,learn_array_A,location-1,69
block
6,zjh,f,19,35,36,485817,489343,105,144,learn_array_A,location-2,-1
6,zjh,f,19,95,90,494119,504345,154,54,learn_array_B,location-1,5
6,zjh,f,19,37,36,509013,513073,142,144,learn_array_A,location-2,1
6,zjh,f,19,97,90,517808,523645,63,54,learn_array_B,location-1,7
6,zjh,f,19,54,54,528414,531211,62,90,learn_array_B,location-2,0
6,zjh,f,19,52,54,536002,538575,60,90,learn_array_B,location-2,-2
6,zjh,f,19,53,54,543243,550261,6,90,learn_array_B,location-2,-1
6,zjh,f,19,96,90,555067,558765,57,54,learn_array_B,location-1,6
6,zjh,f,19,58,54,563578,566300,153,90,learn_array_B,location-2,4
6,zjh,f,19,57,54,571067,573437,173,90,learn_array_B,location-2,3
6,zjh,f,19,98,90,578148,581842,118,54,learn_array_B,location-1,8
6,zjh,f,19,34,36,586595,590372,175,144,learn_array_A,location-2,-2
6,zjh,f,19,144,144,595157,598393,81,36,learn_array_A,location-1,0
6,zjh,f,19,145,144,603072,606685,23,36,learn_array_A,location-1,1
6,zjh,f,19,34,36,611407,613545,42,144,learn_array_A,location-2,-2
6,zjh,f,19,93,90,618269,620706,174,54,learn_array_B,location-1,3
6,zjh,f,19,144,144,625515,631159,124,36,learn_array_A,location-1,0
6,zjh,f,19,144,144,635882,639139,80,36,learn_array_A,location-1,0
6,zjh,f,19,141,144,643783,646365,82,36,learn_array_A,location-1,-3
6,zjh,f,19,30,36,651050,653931,67,144,learn_array_A,location-2,-6
6,zjh,f,19,142,144,658578,662430,96,36,learn_array_A,location-1,-2
6,zjh,f,19,62,54,667196,670226,151,90,learn_array_B,location-2,8
6,zjh,f,19,53,54,674888,677990,141,90,learn_array_B,location-2,-1
6,zjh,f,19,52,54,682656,691717,70,90,learn_array_B,location-2,-2
6,zjh,f,19,55,54,696311,699696,76,90,learn_array_B,location-2,1
6,zjh,f,19,56,54,704466,707415,43,90,learn_array_B,location-2,2
6,zjh,f,19,139,144,712024,715192,96,36,learn_array_A,location-1,-5
6,zjh,f,19,51,54,719894,722703,43,90,learn_array_B,location-2,-3
6,zjh,f,19,97,90,727350,729706,27,54,learn_array_B,location-1,7
6,zjh,f,19,142,144,734533,738303,50,36,learn_array_A,location-1,-2
6,zjh,f,19,97,90,742933,748289,160,54,learn_array_B,location-1,7
6,zjh,f,19,95,90,752926,755608,146,54,learn_array_B,location-1,5
6,zjh,f,19,142,144,760220,764439,19,36,learn_array_A,location-1,-2
6,zjh,f,19,31,36,769073,774267,59,144,learn_array_A,location-2,-5
6,zjh,f,19,91,90,779079,784020,132,54,learn_array_B,location-1,1
6,zjh,f,19,30,36,788627,792687,61,144,learn_array_A,location-2,-6
6,zjh,f,19,36,36,797278,802163,49,144,learn_array_A,location-2,0
6,zjh,f,19,34,36,806788,809897,171,144,learn_array_A,location-2,-2
6,zjh,f,19,145,144,814683,818976,110,36,learn_array_A,location-1,1
6,zjh,f,19,51,54,823687,828212,115,90,learn_array_B,location-2,-3
6,zjh,f,19,144,144,833009,838416,5,36,learn_array_A,location-1,0
6,zjh,f,19,94,90,843031,846425,44,54,learn_array_B,location-1,4
6,zjh,f,19,34,36,851017,854337,166,144,learn_array_A,location-2,-2
6,zjh,f,19,98,90,858974,869474,25,54,learn_array_B,location-1,8
6,zjh,f,19,144,144,874094,878469,72,36,learn_array_A,location-1,0
6,zjh,f,19,103,90,883111,885622,178,54,learn_array_B,location-1,13
6,zjh,f,19,30,36,890303,895786,118,144,learn_array_A,location-2,-6
6,zjh,f,19,33,36,900552,903506,20,144,learn_array_A,location-2,-3
block
