subj,name,gender,age,col_resp,target_angle,start_time,resp_time,start_angle,other_color,learn_array,location,d_value
7,hx,f,19,113,108,36426,44182,134,18,learn_array_B,location-2,5
7,hx,f,19,57,54,48908,52295,24,72,learn_array_A,location-2,3
7,hx,f,19,19,18,56988,60364,63,108,learn_array_B,location-1,1
7,hx,f,19,67,72,65179,69223,121,54,learn_array_A,location-1,-5
7,hx,f,19,16,18,73837,78938,15,108,learn_array_B,location-1,-2
7,hx,f,19,53,54,83632,87544,103,72,learn_array_A,location-2,-1
7,hx,f,19,107,108,92365,94870,53,18,learn_array_B,location-2,-1
7,hx,f,19,65,72,99637,102737,136,54,learn_array_A,location-1,-7
7,hx,f,19,112,108,107490,111492,139,18,learn_array_B,location-2,4
7,hx,f,19,19,18,116127,121151,140,108,learn_array_B,location-1,1
7,hx,f,19,68,72,125839,128755,139,54,learn_array_A,location-1,-4
7,hx,f,19,57,54,133627,136877,14,72,learn_array_A,location-2,3
7,hx,f,19,22,18,141604,145377,165,108,learn_array_B,location-1,4
7,hx,f,19,51,54,149971,154759,97,72,learn_array_A,location-2,-3
7,hx,f,19,22,18,159463,163960,5,108,learn_array_B,location-1,4
7,hx,f,19,52,54,168789,173438,45,72,learn_array_A,location-2,-2
7,hx,f,19,53,54,178055,182640,174,72,learn_array_A,location-2,-1
7,hx,f,19,52,54,187446,190329,100,72,learn_array_A,location-2,-2
7,hx,f,19,68,72,195095,197456,89,54,learn_array_A,location-1,-4
7,hx,f,19,56,54,202141,205315,25,72,learn_array_A,location-2,2
7,hx,f,19,56,54,210114,213797,88,72,learn_array_A,location-2,2
7,hx,f,19,108,108,218568,221514,50,18,learn_array_B,location-2,0
7,hx,f,19,106,108,226127,228264,99,18,learn_array_B,location-2,-2
7,hx,f,19,69,72,232944,236780,75,54,learn_array_A,location-1,-3
7,hx,f,19,56,54,241615,246396,68,72,learn_array_A,location-2,2
7,hx,f,19,105,108,251075,255121,149,18,learn_array_B,location-2,-3
7,hx,f,19,21,18,259717,264129,54,108,learn_array_B,location-1,3
7,hx,f,19,107,108,268881,274489,27,18,learn_array_B,location-2,-1
7,hx,f,19,17,18,279087,282182,132,108,learn_array_B,location-1,-1
7,hx,f,19,70,72,286876,289902,158,54,learn_array_A,location-1,-2
7,hx,f,19,55,54,294589,299601,176,72,learn_array_A,location-2,1
7,hx,f,19,65,72,304380,307918,131,54,learn_array_A,location-1,-7
7,hx,f,19,18,18,312548,315359,80,108,learn_array_B,location-1,0
7,hx,f,19,110,108,319996,322276,160,18,learn_array_B,location-2,2
7,hx,f,19,67,72,326945,329892,109,54,learn_array_A,location-1,-5
7,hx,f,19,20,18,334569,337956,29,108,learn_array_B,location-1,2
7,hx,f,19,17,18,342730,346563,101,108,learn_array_B,location-1,-1
7,hx,f,19,69,72,351267,361012,95,54,learn_array_A,location-1,-3
7,hx,f,19,18,18,365743,370409,100,108,learn_array_B,location-1,0
7,hx,f,19,109,108,375206,378311,23,18,learn_array_B,location-2,1
7,hx,f,19,110,108,383028,387993,48,18,learn_array_B,location-2,2
7,hx,f,19,109,108,392779,397134,35,18,learn_array_B,location-2,1
7,hx,f,19,71,72,401749,404925,167,54,learn_array_A,location-1,-1
7,hx,f,19,17,18,409631,416595,147,108,learn_array_B,location-1,-1
7,hx,f,19,109,108,421221,426568,55,18,learn_array_B,location-2,1
7,hx,f,19,74,72,431252,438139,167,54,learn_array_A,location-1,2
7,hx,f,19,56,54,442969,451318,138,72,learn_array_A,location-2,2
7,hx,f,19,68,72,456016,459336,21,54,learn_array_A,location-1,-4
block
7,hx,f,19,56,54,479272,482892,109,72,learn_array_A,location-2,2
7,hx,f,19,16,18,487559,489470,144,108,learn_array_B,location-1,-2
7,hx,f,19,109,108,494255,496696,134,18,learn_array_B,location-2,1
7,hx,f,19,55,54,501426,504974,79,72,learn_array_A,location-2,1
7,hx,f,19,71,72,509793,515788,152,54,learn_array_A,location-1,-1
7,hx,f,19,110,108,520573,523762,65,18,learn_array_B,location-2,2
7,hx,f,19,107,108,528557,535501,95,18,learn_array_B,location-2,-1
7,hx,f,19,16,18,540126,544043,9,108,learn_array_B,location-1,-2
7,hx,f,19,113,108,548760,554454,159,18,learn_array_B,location-2,5
7,hx,f,19,66,72,559260,563776,154,54,learn_array_A,location-1,-6
7,hx,f,19,20,18,568557,571946,124,108,learn_array_B,location-1,2
7,hx,f,19,72,72,576575,579913,63,54,learn_array_A,location-1,0
7,hx,f,19,15,18,584729,592184,85,108,learn_array_B,location-1,-3
7,hx,f,19,71,72,596928,601300,30,54,learn_array_A,location-1,-1
7,hx,f,19,59,54,605903,609088,91,72,learn_array_A,location-2,5
7,hx,f,19,111,108,613712,616153,51,18,learn_array_B,location-2,3
7,hx,f,19,109,108,620909,626245,127,18,learn_array_B,location-2,1
7,hx,f,19,71,72,630996,639879,57,54,learn_array_A,location-1,-1
7,hx,f,19,57,54,644704,648251,74,72,learn_array_A,location-2,3
7,hx,f,19,67,72,653057,657559,151,54,learn_array_A,location-1,-5
7,hx,f,19,69,72,662176,665271,151,54,learn_array_A,location-1,-3
7,hx,f,19,111,108,670026,674395,122,18,learn_array_B,location-2,3
7,hx,f,19,18,18,679043,684283,78,108,learn_array_B,location-1,0
7,hx,f,19,69,72,689048,695717,77,54,learn_array_A,location-1,-3
7,hx,f,19,17,18,700331,708644,11,108,learn_array_B,location-1,-1
7,hx,f,19,67,72,713459,722346,150,54,learn_array_A,location-1,-5
7,hx,f,19,55,54,727107,733643,174,72,learn_array_A,location-2,1
7,hx,f,19,108,108,738434,743770,163,18,learn_array_B,location-2,0
7,hx,f,19,68,72,748557,751526,62,54,learn_array_A,location-1,-4
7,hx,f,19,10,18,756291,759341,145,108,learn_array_B,location-1,-8
7,hx,f,19,72,72,763994,767847,40,54,learn_array_A,location-1,0
7,hx,f,19,17,18,772610,778484,15,108,learn_array_B,location-1,-1
7,hx,f,19,69,72,783303,789005,171,54,learn_array_A,location-1,-3
7,hx,f,19,18,18,793631,801959,1,108,learn_array_B,location-1,0
7,hx,f,19,112,108,806557,818736,69,18,learn_array_B,location-2,4
7,hx,f,19,111,108,823406,826081,66,18,learn_array_B,location-2,3
7,hx,f,19,17,18,830709,834854,93,108,learn_array_B,location-1,-1
7,hx,f,19,52,54,839459,843699,104,72,learn_array_A,location-2,-2
7,hx,f,19,111,108,848535,855343,150,18,learn_array_B,location-2,3
7,hx,f,19,55,54,860170,866695,1,72,learn_array_A,location-2,1
7,hx,f,19,20,18,871518,877604,40,108,learn_array_B,location-1,2
7,hx,f,19,53,54,882257,885808,120,72,learn_array_A,location-2,-1
7,hx,f,19,52,54,890513,898460,177,72,learn_array_A,location-2,-2
7,hx,f,19,19,18,903286,907795,9,108,learn_array_B,location-1,1
7,hx,f,19,52,54,912440,924587,148,72,learn_array_A,location-2,-2
7,hx,f,19,52,54,929323,931695,163,72,learn_array_A,location-2,-2
7,hx,f,19,50,54,936316,940097,163,72,learn_array_A,location-2,-4
7,hx,f,19,113,108,944772,959600,104,18,learn_array_B,location-2,5
block
