subj,name,gender,age,col_resp,target_angle,start_time,resp_time,start_angle,other_color,learn_array,location,d_value
8,hhr,f,19,165,162,30987,36723,21,36,learn_array_A,location-1,3
8,hhr,f,19,32,36,41491,44203,11,162,learn_array_A,location-2,-4
8,hhr,f,19,34,36,48943,51712,21,162,learn_array_A,location-2,-2
8,hhr,f,19,35,36,56410,59710,163,162,learn_array_A,location-2,-1
8,hhr,f,19,92,90,64402,68728,152,144,learn_array_B,location-1,2
8,hhr,f,19,36,36,73331,78242,165,162,learn_array_A,location-2,0
8,hhr,f,19,164,162,82913,85986,27,36,learn_array_A,location-1,2
8,hhr,f,19,162,162,90749,96457,87,36,learn_array_A,location-1,0
8,hhr,f,19,32,36,101088,106739,109,162,learn_array_A,location-2,-4
8,hhr,f,19,100,90,111444,118977,164,144,learn_array_B,location-1,10
8,hhr,f,19,145,144,123759,127494,51,90,learn_array_B,location-2,1
8,hhr,f,19,146,144,132304,135954,70,90,learn_array_B,location-2,2
8,hhr,f,19,93,90,140547,146544,4,144,learn_array_B,location-1,3
8,hhr,f,19,164,162,151320,157610,112,36,learn_array_A,location-1,2
8,hhr,f,19,96,90,162381,173970,152,144,learn_array_B,location-1,6
8,hhr,f,19,164,162,178711,186104,38,36,learn_array_A,location-1,2
8,hhr,f,19,36,36,190693,193323,73,162,learn_array_A,location-2,0
8,hhr,f,19,142,144,198055,204306,48,90,learn_array_B,location-2,-2
8,hhr,f,19,35,36,209014,211940,11,162,learn_array_A,location-2,-1
8,hhr,f,19,144,144,216709,218900,57,90,learn_array_B,location-2,0
8,hhr,f,19,32,36,223660,231123,54,162,learn_array_A,location-2,-4
8,hhr,f,19,148,144,235759,241325,114,90,learn_array_B,location-2,4
8,hhr,f,19,147,144,246089,249746,155,90,learn_array_B,location-2,3
8,hhr,f,19,165,162,254344,259984,47,36,learn_array_A,location-1,3
8,hhr,f,19,91,90,264619,283338,179,144,learn_array_B,location-1,1
8,hhr,f,19,33,36,288135,291059,71,162,learn_array_A,location-2,-3
8,hhr,f,19,144,90,295796,298508,43,144,learn_array_B,location-1,54
8,hhr,f,19,162,162,303219,307554,21,36,learn_array_A,location-1,0
8,hhr,f,19,163,162,312238,314062,134,36,learn_array_A,location-1,1
8,hhr,f,19,35,36,318901,321756,59,162,learn_array_A,location-2,-1
8,hhr,f,19,90,90,326520,332814,52,144,learn_array_B,location-1,0
8,hhr,f,19,168,162,337646,344385,149,36,learn_array_A,location-1,6
8,hhr,f,19,146,144,349025,351654,47,90,learn_array_B,location-2,2
8,hhr,f,19,93,90,356488,360798,84,144,learn_array_B,location-1,3
8,hhr,f,19,35,36,365520,370359,42,162,learn_array_A,location-2,-1
8,hhr,f,19,95,90,374960,380082,111,144,learn_array_B,location-1,5
8,hhr,f,19,141,144,384839,394809,53,90,learn_array_B,location-2,-3
8,hhr,f,19,99,90,399495,403166,156,144,learn_array_B,location-1,9
8,hhr,f,19,143,144,407885,413020,42,90,learn_array_B,location-2,-1
8,hhr,f,19,96,90,417645,421471,136,144,learn_array_B,location-1,6
8,hhr,f,19,163,162,426217,429658,80,36,learn_array_A,location-1,1
8,hhr,f,19,30,36,434387,437848,73,162,learn_array_A,location-2,-6
8,hhr,f,19,90,90,442470,449293,7,144,learn_array_B,location-1,0
8,hhr,f,19,165,162,454079,457003,15,36,learn_array_A,location-1,3
8,hhr,f,19,140,144,461805,466195,34,90,learn_array_B,location-2,-4
8,hhr,f,19,165,162,470788,474755,139,36,learn_array_A,location-1,3
8,hhr,f,19,145,144,479439,490093,162,90,learn_array_B,location-2,1
8,hhr,f,19,148,144,494877,501258,97,90,learn_array_B,location-2,4
block,,,,,,,,,,,,
8,hhr,f,19,34,36,507658,511104,30,162,learn_array_A,location-2,-2
8,hhr,f,19,142,144,515827,522075,114,90,learn_array_B,location-2,-2
8,hhr,f,19,91,90,526721,530176,78,144,learn_array_B,location-1,1
8,hhr,f,19,164,162,534871,537004,144,36,learn_array_A,location-1,2
8,hhr,f,19,92,90,541611,549330,129,144,learn_array_B,location-1,2
8,hhr,f,19,143,144,553965,558369,4,90,learn_array_B,location-2,-1
8,hhr,f,19,166,162,562972,566650,51,36,learn_array_A,location-1,4
8,hhr,f,19,30,36,571461,577568,51,162,learn_array_A,location-2,-6
8,hhr,f,19,146,144,582285,585804,24,90,learn_array_B,location-2,2
8,hhr,f,19,161,162,590445,594111,17,36,learn_array_A,location-1,-1
8,hhr,f,19,174,162,598861,602829,80,36,learn_array_A,location-1,12
8,hhr,f,19,93,90,607489,610731,51,144,learn_array_B,location-1,3
8,hhr,f,19,167,162,615356,620573,88,36,learn_array_A,location-1,5
8,hhr,f,19,35,36,625353,628659,25,162,learn_array_A,location-2,-1
8,hhr,f,19,35,36,633302,635210,81,162,learn_array_A,location-2,-1
8,hhr,f,19,38,36,640003,643374,1,162,learn_array_A,location-2,2
8,hhr,f,19,145,144,648159,656010,171,90,learn_array_B,location-2,1
8,hhr,f,19,165,162,660819,664273,81,36,learn_array_A,location-1,3
8,hhr,f,19,91,90,669094,672321,26,144,learn_array_B,location-1,1
8,hhr,f,19,89,90,677072,681304,27,144,learn_array_B,location-1,-1
8,hhr,f,19,140,144,685924,689662,145,90,learn_array_B,location-2,-4
8,hhr,f,19,92,90,694384,699383,179,144,learn_array_B,location-1,2
8,hhr,f,19,90,90,704065,709201,58,144,learn_array_B,location-1,0
8,hhr,f,19,143,144,713842,716117,146,90,learn_array_B,location-2,-1
8,hhr,f,19,32,36,720819,725001,97,162,learn_array_A,location-2,-4
8,hhr,f,19,35,36,729721,732583,59,162,learn_array_A,location-2,-1
8,hhr,f,19,31,36,737231,742371,73,162,learn_array_A,location-2,-5
8,hhr,f,19,143,144,747010,750314,121,90,learn_array_B,location-2,-1
8,hhr,f,19,34,36,755088,758546,66,162,learn_array_A,location-2,-2
8,hhr,f,19,164,36,763174,765154,95,162,learn_array_A,location-2,-52
8,hhr,f,19,95,90,769980,776663,160,144,learn_array_B,location-1,5
8,hhr,f,19,142,144,781403,803824,150,90,learn_array_B,location-2,-2
8,hhr,f,19,91,90,808464,811693,135,144,learn_array_B,location-1,1
8,hhr,f,19,165,162,816425,818556,171,36,learn_array_A,location-1,3
8,hhr,f,19,143,144,823355,829592,54,90,learn_array_B,location-2,-1
8,hhr,f,19,161,162,834417,836692,134,36,learn_array_A,location-1,-1
8,hhr,f,19,92,90,841309,845076,158,144,learn_array_B,location-1,2
8,hhr,f,19,94,90,849833,852329,62,144,learn_array_B,location-1,4
8,hhr,f,19,172,162,857132,859855,130,36,learn_array_A,location-1,10
8,hhr,f,19,34,36,864684,868063,1,162,learn_array_A,location-2,-2
8,hhr,f,19,146,144,872732,877662,10,90,learn_array_B,location-2,2
8,hhr,f,19,144,144,882492,889708,48,90,learn_array_B,location-2,0
8,hhr,f,19,36,36,894453,900126,94,162,learn_array_A,location-2,0
8,hhr,f,19,91,90,904933,908616,79,144,learn_array_B,location-1,1
8,hhr,f,19,162,162,913339,918572,164,36,learn_array_A,location-1,0
8,hhr,f,19,163,162,923200,927592,163,36,learn_array_A,location-1,1
8,hhr,f,19,163,162,932367,936325,126,36,learn_array_A,location-1,1
8,hhr,f,19,144,144,940916,951056,79,90,learn_array_B,location-2,0
block,,,,,,,,,,,,
