subj,name,gender,age,col_resp,target_angle,start_time,resp_time,start_angle,other_color,learn_array,location,d_value
9,ch,m,20,19,18,48923,52867,167,162,learn_array_A,location-1,1
9,ch,m,20,177,0,57652,62392,116,126,learn_array_B,location-1,-3
9,ch,m,20,15,18,67026,69695,15,162,learn_array_A,location-1,-3
9,ch,m,20,126,126,74515,76949,13,0,learn_array_B,location-2,0
9,ch,m,20,29,18,81574,84236,93,162,learn_array_A,location-1,11
9,ch,m,20,160,162,89036,91469,106,18,learn_array_A,location-2,-2
9,ch,m,20,178,0,96180,100903,120,126,learn_array_B,location-1,-2
9,ch,m,20,18,18,105655,113056,45,162,learn_array_A,location-1,0
9,ch,m,20,175,0,117810,120620,111,126,learn_array_B,location-1,-5
9,ch,m,20,126,126,125220,127886,74,0,learn_array_B,location-2,0
9,ch,m,20,125,126,132606,135120,97,0,learn_array_B,location-2,-1
9,ch,m,20,15,18,139748,142417,157,162,learn_array_A,location-1,-3
9,ch,m,20,159,162,147171,150205,128,18,learn_array_A,location-2,-3
9,ch,m,20,21,18,154871,158289,16,162,learn_array_A,location-1,3
9,ch,m,20,119,126,163084,166793,153,0,learn_array_B,location-2,-7
9,ch,m,20,123,126,171547,175324,93,0,learn_array_B,location-2,-3
9,ch,m,20,178,0,180111,189213,77,126,learn_array_B,location-1,-2
9,ch,m,20,123,126,193898,198353,33,0,learn_array_B,location-2,-3
9,ch,m,20,6,0,203065,205285,31,126,learn_array_B,location-1,6
9,ch,m,20,178,0,210068,215102,45,126,learn_array_B,location-1,-2
9,ch,m,20,161,162,219726,225519,94,18,learn_array_A,location-2,-1
9,ch,m,20,162,162,230188,233145,0,18,learn_array_A,location-2,0
9,ch,m,20,160,162,237747,240417,114,18,learn_array_A,location-2,-2
9,ch,m,20,158,162,245215,248110,47,18,learn_array_A,location-2,-4
9,ch,m,20,123,126,252894,256003,139,0,learn_array_B,location-2,-3
9,ch,m,20,159,162,260783,264413,19,18,learn_array_A,location-2,-3
9,ch,m,20,173,0,269109,273418,143,126,learn_array_B,location-1,-7
9,ch,m,20,125,126,278019,280905,9,0,learn_array_B,location-2,-1
9,ch,m,20,176,0,285721,289348,175,126,learn_array_B,location-1,-4
9,ch,m,20,129,126,294139,299093,35,0,learn_array_B,location-2,3
9,ch,m,20,178,0,303735,307496,9,126,learn_array_B,location-1,-2
9,ch,m,20,124,126,312146,315022,3,0,learn_array_B,location-2,-2
9,ch,m,20,157,162,319677,324137,51,18,learn_array_A,location-2,-5
9,ch,m,20,24,0,328822,332606,167,126,learn_array_B,location-1,24
9,ch,m,20,19,18,337313,340651,80,162,learn_array_A,location-1,1
9,ch,m,20,0,0,345478,347768,122,126,learn_array_B,location-1,0
9,ch,m,20,163,162,352576,356140,63,18,learn_array_A,location-2,1
9,ch,m,20,122,126,360950,364498,148,0,learn_array_B,location-2,-4
9,ch,m,20,4,0,369106,372786,42,126,learn_array_B,location-1,4
9,ch,m,20,164,162,377567,380076,69,18,learn_array_A,location-2,2
9,ch,m,20,20,18,384897,388216,137,162,learn_array_A,location-1,2
9,ch,m,20,18,18,392952,395834,22,162,learn_array_A,location-1,0
9,ch,m,20,164,162,400551,406909,32,18,learn_array_A,location-2,2
9,ch,m,20,161,162,411554,415835,123,18,learn_array_A,location-2,-1
9,ch,m,20,24,18,420507,430724,152,162,learn_array_A,location-1,6
9,ch,m,20,18,18,435371,450231,49,162,learn_array_A,location-1,0
9,ch,m,20,24,18,455014,458121,87,162,learn_array_A,location-1,6
9,ch,m,20,128,126,462942,465014,6,0,learn_array_B,location-2,2
block
9,ch,m,20,159,162,471209,478166,121,18,learn_array_A,location-2,-3
9,ch,m,20,130,126,482997,485229,25,0,learn_array_B,location-2,4
9,ch,m,20,0,0,490047,492868,113,126,learn_array_B,location-1,0
9,ch,m,20,20,18,497604,508252,160,162,learn_array_A,location-1,2
9,ch,m,20,18,18,513035,515330,135,162,learn_array_A,location-1,0
9,ch,m,20,126,126,519974,523962,66,0,learn_array_B,location-2,0
9,ch,m,20,116,126,528604,533722,148,0,learn_array_B,location-2,-10
9,ch,m,20,17,18,538345,542209,130,162,learn_array_A,location-1,-1
9,ch,m,20,163,162,547016,553034,50,18,learn_array_A,location-2,1
9,ch,m,20,179,0,557663,563528,4,126,learn_array_B,location-1,-1
9,ch,m,20,162,162,568249,585798,153,18,learn_array_A,location-2,0
9,ch,m,20,121,126,590602,594666,159,0,learn_array_B,location-2,-5
9,ch,m,20,158,162,599347,611426,114,18,learn_array_A,location-2,-4
9,ch,m,20,25,18,616145,620980,179,162,learn_array_A,location-1,7
9,ch,m,20,174,0,625665,629465,134,126,learn_array_B,location-1,-6
9,ch,m,20,173,0,634081,664792,94,126,learn_array_B,location-1,-7
9,ch,m,20,23,18,669595,673086,154,162,learn_array_A,location-1,5
9,ch,m,20,18,18,677698,685018,36,162,learn_array_A,location-1,0
9,ch,m,20,118,126,689786,694013,69,0,learn_array_B,location-2,-8
9,ch,m,20,19,18,698760,704431,85,162,learn_array_A,location-1,1
9,ch,m,20,126,126,709270,716507,0,0,learn_array_B,location-2,0
9,ch,m,20,0,0,721115,728173,147,126,learn_array_B,location-1,0
9,ch,m,20,2,0,732960,737057,79,126,learn_array_B,location-1,2
9,ch,m,20,164,162,741853,746463,149,18,learn_array_A,location-2,2
9,ch,m,20,21,18,751193,755056,126,162,learn_array_A,location-1,3
9,ch,m,20,124,126,759846,764153,34,0,learn_array_B,location-2,-2
9,ch,m,20,4,0,768884,773428,66,126,learn_array_B,location-1,4
9,ch,m,20,165,162,778032,781446,30,18,learn_array_A,location-2,3
9,ch,m,20,162,162,786038,798215,143,18,learn_array_A,location-2,0
9,ch,m,20,15,18,803073,807773,149,162,learn_array_A,location-1,-3
9,ch,m,20,173,0,812485,815465,121,126,learn_array_B,location-1,-7
9,ch,m,20,165,162,820166,824870,64,18,learn_array_A,location-2,3
9,ch,m,20,122,126,829600,834440,139,0,learn_array_B,location-2,-4
9,ch,m,20,159,162,839137,844618,21,18,learn_array_A,location-2,-3
9,ch,m,20,21,18,849381,852956,37,162,learn_array_A,location-1,3
9,ch,m,20,127,126,857702,860983,25,0,learn_array_B,location-2,1
9,ch,m,20,126,126,865820,867986,97,0,learn_array_B,location-2,0
9,ch,m,20,160,162,872798,875996,105,18,learn_array_A,location-2,-2
9,ch,m,20,124,126,880737,882759,130,0,learn_array_B,location-2,-2
9,ch,m,20,163,162,887399,893567,150,18,learn_array_A,location-2,1
9,ch,m,20,125,126,898213,901336,43,0,learn_array_B,location-2,-1
9,ch,m,20,0,0,906006,916989,33,126,learn_array_B,location-1,0
9,ch,m,20,125,0,921685,924887,102,126,learn_array_B,location-1,-55
9,ch,m,20,11,0,929656,933149,4,126,learn_array_B,location-1,11
9,ch,m,20,23,18,937747,948224,7,162,learn_array_A,location-1,5
9,ch,m,20,23,18,952911,955360,46,162,learn_array_A,location-1,5
9,ch,m,20,163,162,959952,965383,83,18,learn_array_A,location-2,1
9,ch,m,20,178,0,970104,975705,74,126,learn_array_B,location-1,-2
block
